{
  "anchors": [
    {
      "position": [
        3.202644425202878,
        2.7703338583067993,
        2.61
      ],
      "rotation": [
        0.15433897413119327,
        -0.01965195146730642,
        -0.8916558279212138
      ],
      "service_name": "123.cranebot-anchor-service.2ccf67bc3fc4.",
      "num": 0,
      "vars": {
        "disable_switch": false
      }
    },
    {
      "position": [
        3.2883369835944585,
        -2.496972948658033,
        2.61
      ],
      "rotation": [
        0.06598782203009561,
        -0.0962256015454013,
        -2.3733855199496694
      ],
      "service_name": "123.cranebot-anchor-service.2ccf67befc13.",
      "num": 1,
      "vars": {
        "switch_tight_val": 0,
        "disable_switch": false
      }
    },
    {
      "position": [
        -2.206699858680092,
        2.8823542861870686,
        2.61
      ],
      "rotation": [
        0.17484765653036757,
        0.07215398692774376,
        0.8007898021618509
      ],
      "service_name": "123.cranebot-anchor-power-service.2ccf67cb3898.",
      "num": 2,
      "vars": {
        "disable_switch": false
      }
    },
    {
      "position": [
        -2.137159128629663,
        -2.5006320879021344,
        2.61
      ],
      "rotation": [
        0.05513722183051565,
        0.2152928520157901,
        2.290037432586852
      ],
      "service_name": "123.cranebot-anchor-service.2ccf67bf171a.",
      "num": 3,
      "vars": {
        "disable_switch": false
      }
    }
  ],
  "camera_cal": {
    "resolution": [
      1080,
      1920
    ],
    "distortion_coeff": [
      [
        0.0024523298978115105,
        0.2262966255686857,
        0.0016429367668770204,
        0.008051609501858962,
        -0.4606076342403921
      ]
    ],
    "intrinsic_matrix": [
      [
        1415.0002968513866,
        0.0,
        995.915447316511
      ],
      [
        0.0,
        1421.2798593127893,
        554.6407877262382
      ],
      [
        0.0,
        0.0,
        1.0
      ]
    ]
  },
  "common_anchor_vars": {
    "MAX_ACCEL": 0.3,
    "REC_MOD": 1,
    "RUNNING_WS_DELAY": 0.03
  },
  "gripper": {
    "MAX_ACCEL": 0.9,
    "TARGET_HOLDING_PRESSURE": 1.1,
    "CRUISE_SPEED": 0.1
  }
}