{
  "anchors": [
    {
      "position": [
        2.989437795705649,
        3.033411247467985,
        2.4383314821552897
      ],
      "rotation": [
        0.0065325809281174575,
        0.02898467117822256,
        -0.7835212019844031
      ],
      "service_name": "123.cranebot-anchor-service.2ccf67bc3fc4.",
      "num": 0,
      "vars": {
        "disable_switch": false
      }
    },
    {
      "position": [
        3.1533555066844543,
        -2.962724386122596,
        2.4383314821552897
      ],
      "rotation": [
        -0.027075041023185066,
        -0.010534113499599363,
        -2.335824596392922
      ],
      "service_name": "123.cranebot-anchor-service.2ccf67befc13.",
      "num": 1,
      "vars": {
        "switch_tight_val": 0,
        "disable_switch": false
      }
    },
    {
      "position": [
        -3.1907650258999416,
        3.0165012892439376,
        2.4383314821552897
      ],
      "rotation": [
        -0.00894082936707113,
        0.014035869723472377,
        0.7982887046170526
      ],
      "service_name": "123.cranebot-anchor-power-service.2ccf67cb3898.",
      "num": 2,
      "vars": {
        "disable_switch": false
      }
    },
    {
      "position": [
        -2.928198242509199,
        -3.106405184779361,
        2.4383314821552897
      ],
      "rotation": [
        0.019353093754447447,
        -0.0054673389903543874,
        2.3711228968051805
      ],
      "service_name": "123.cranebot-anchor-service.2ccf67bf171a.",
      "num": 3,
      "vars": {
        "disable_switch": false
      }
    }
  ],
  "camera_cal": {
    "resolution": [
      4608,
      2592
    ],
    "distortion_coeff": [
      [
        0.021986398738215254,
        0.16053313025666044,
        -0.0033783593977099787,
        0.0026409593566139953,
        -0.35684316571698627
      ]
    ],
    "intrinsic_matrix": [
      [
        1691.33070175,
        0.0,
        1163.88476871
      ],
      [
        0.0,
        1697.39780074,
        633.90347492
      ],
      [
        0.0,
        0.0,
        1.0
      ]
    ]
  },
  "common_anchor_vars": {
    "MAX_ACCEL": 0.3,
    "REC_MOD": 1,
    "RUNNING_WS_DELAY": 0.03
  },
  "gripper": {
    "MAX_ACCEL": 0.9,
    "TARGET_HOLDING_PRESSURE": 1.1,
    "buffers": 10
  }
}