{
  "anchors": [
    {
      "position": [
        3.0885091169489045,
        2.5681977598947983,
        2.5422008882245977
      ],
      "rotation": [
        0.09187649547087777,
        -0.09780414597154885,
        -0.9355574125894565
      ],
      "service_name": "123.cranebot-anchor-service.2ccf67bc3fc4.",
      "num": 0,
      "vars": {
        "disable_switch": false
      }
    },
    {
      "position": [
        2.738724906413156,
        -2.6775149697506713,
        2.5422008882245977
      ],
      "rotation": [
        0.24231983686619216,
        -0.06707265961296632,
        -2.357503918417165
      ],
      "service_name": "123.cranebot-anchor-service.2ccf67befc13.",
      "num": 1,
      "vars": {
        "switch_tight_val": 0,
        "disable_switch": false
      }
    },
    {
      "position": [
        -2.205394370699426,
        2.9578535136945487,
        2.5422008882245977
      ],
      "rotation": [
        0.19593024281632812,
        -0.07235980729431303,
        0.7131880743120844
      ],
      "service_name": "123.cranebot-anchor-power-service.2ccf67cb3898.",
      "num": 2,
      "vars": {
        "disable_switch": false
      }
    },
    {
      "position": [
        -2.1568317772016132,
        -2.109538925830515,
        2.5422008882245977
      ],
      "rotation": [
        -0.09874979605720056,
        0.3156044915017536,
        2.4131987892089737
      ],
      "service_name": "123.cranebot-anchor-service.2ccf67bf171a.",
      "num": 3,
      "vars": {
        "disable_switch": false
      }
    }
  ],
  "camera_cal": {
    "resolution": [
      1080,
      1920
    ],
    "distortion_coeff": [
      [
        0.002910505664507278,
        0.2971558492948019,
        0.00017475791728952623,
        -0.007340558440107967,
        -0.6012269589512913
      ]
    ],
    "intrinsic_matrix": [
      [
        1400.6081822582776,
        0.0,
        929.7723231903612
      ],
      [
        0.0,
        1408.4334964844647,
        532.1383563603976
      ],
      [
        0.0,
        0.0,
        1.0
      ]
    ]
  },
  "common_anchor_vars": {
    "MAX_ACCEL": 0.3,
    "REC_MOD": 1,
    "RUNNING_WS_DELAY": 0.03
  },
  "gripper": {
    "MAX_ACCEL": 0.9,
    "TARGET_HOLDING_PRESSURE": 1.1
  }
}