{
  "anchors": [
    {
      "position": [
        2.371321219160113,
        3.0897551134687,
        2.5544908236411996
      ],
      "rotation": [
        0.1434018423728292,
        -0.029440000488587133,
        -0.6529704733950581
      ],
      "service_name": "123.cranebot-anchor-service.2ccf67bc3fc4.",
      "num": 0,
      "vars": {
        "disable_switch": false
      }
    },
    {
      "position": [
        3.4528111489186957,
        -1.8661748546198502,
        2.5544909979399675
      ],
      "rotation": [
        0.05320580274101626,
        -0.09707360033043674,
        -2.1224285986713447
      ],
      "service_name": "123.cranebot-anchor-service.2ccf67befc13.",
      "num": 1,
      "vars": {
        "switch_tight_val": 0,
        "disable_switch": false
      }
    },
    {
      "position": [
        -2.782338287199732,
        2.1740253857582372,
        2.5544909954840525
      ],
      "rotation": [
        0.18094649947139113,
        0.07861653872826874,
        1.0401299957401025
      ],
      "service_name": "123.cranebot-anchor-power-service.2ccf67cb3898.",
      "num": 2,
      "vars": {
        "disable_switch": false
      }
    },
    {
      "position": [
        -1.7121511062577741,
        -2.9901322355865134,
        2.5544908278644343
      ],
      "rotation": [
        0.05546009972854252,
        0.2729682823317062,
        2.536641962352444
      ],
      "service_name": "123.cranebot-anchor-service.2ccf67bf171a.",
      "num": 3,
      "vars": {
        "disable_switch": false
      }
    }
  ],
  "camera_cal": {
    "resolution": [
      1080,
      1920
    ],
    "distortion_coeff": [
      [
        0.0024523298978115105,
        0.2262966255686857,
        0.0016429367668770204,
        0.008051609501858962,
        -0.4606076342403921
      ]
    ],
    "intrinsic_matrix": [
      [
        1415.0002968513866,
        0.0,
        995.915447316511
      ],
      [
        0.0,
        1421.2798593127893,
        554.6407877262382
      ],
      [
        0.0,
        0.0,
        1.0
      ]
    ]
  },
  "common_anchor_vars": {
    "MAX_ACCEL": 0.3,
    "REC_MOD": 1,
    "RUNNING_WS_DELAY": 0.03
  },
  "gripper": {
    "MAX_ACCEL": 0.9,
    "TARGET_HOLDING_PRESSURE": 1.1
  }
}