{
  "anchors": [
    {
      "position": [
        2.9282853880586486,
        3.0971331456650466,
        2.4383314821552897
      ],
      "rotation": [
        -0.009408583162963384,
        0.0016656635931970253,
        -0.7849274814302519
      ],
      "service_name": "123.cranebot-anchor-service.2ccf67bc3fc4.",
      "num": 0,
      "vars": {
        "disable_switch": false
      }
    },
    {
      "position": [
        3.073868755886201,
        -3.005912136617741,
        2.4383314821552897
      ],
      "rotation": [
        -0.009265671991986002,
        0.01019825489409344,
        -2.356633623457921
      ],
      "service_name": "123.cranebot-anchor-service.2ccf67befc13.",
      "num": 1,
      "vars": {
        "switch_tight_val": 0,
        "disable_switch": false
      }
    },
    {
      "position": [
        -3.063741355374962,
        2.989467362289759,
        2.4383314821552897
      ],
      "rotation": [
        -0.016360327135617806,
        0.009569244230182905,
        0.7884533949109632
      ],
      "service_name": "123.cranebot-anchor-power-service.2ccf67cb3898.",
      "num": 2,
      "vars": {
        "disable_switch": false
      }
    },
    {
      "position": [
        -2.9147180381584805,
        -3.100015582741939,
        2.4383314821552897
      ],
      "rotation": [
        -0.018003185248699004,
        -0.003245042141408978,
        2.361326409769084
      ],
      "service_name": "123.cranebot-anchor-service.2ccf67bf171a.",
      "num": 3,
      "vars": {
        "disable_switch": false
      }
    }
  ],
  "camera_cal": {
    "resolution": [
      1080,
      1920
    ],
    "distortion_coeff": [
      [
        0.002910505664507278,
        0.2971558492948019,
        0.00017475791728952623,
        -0.007340558440107967,
        -0.6012269589512913
      ]
    ],
    "intrinsic_matrix": [
      [
        1400.6081822582776,
        0.0,
        929.7723231903612
      ],
      [
        0.0,
        1408.4334964844647,
        532.1383563603976
      ],
      [
        0.0,
        0.0,
        1.0
      ]
    ]
  },
  "common_anchor_vars": {
    "MAX_ACCEL": 0.3,
    "REC_MOD": 1,
    "RUNNING_WS_DELAY": 0.03
  },
  "gripper": {
    "MAX_ACCEL": 0.9,
    "TARGET_HOLDING_PRESSURE": 1.1,
    "TRAINING_WAND_BT_ADDRESS": "34:85:18:92:1D:05"
  }
}