{
  "anchors": [
    {
      "position": [
        2.931510599735432,
        2.88708558223008,
        2.5742982192769652
      ],
      "rotation": [
        0.08846310676494848,
        -0.009962568337613636,
        -0.796275508366817
      ],
      "service_name": "123.cranebot-anchor-service.2ccf67bc3fc4.",
      "num": 0,
      "vars": {}
    },
    {
      "position": [
        3.358919384585772,
        -2.3468508735919036,
        2.541684594016019
      ],
      "rotation": [
        0.09679624878117102,
        -0.1496736540395747,
        -2.301054037541729
      ],
      "service_name": "123.cranebot-anchor-service.2ccf67cb388a.",
      "num": 1,
      "vars": {}
    },
    {
      "position": [
        -2.3210060333038034,
        2.629471561592298,
        2.646045833884426
      ],
      "rotation": [
        0.13963770445353552,
        0.0732950897189942,
        0.882199371069014
      ],
      "service_name": "123.cranebot-anchor-service.2ccf67cb3898.",
      "num": 2,
      "vars": {}
    },
    {
      "position": [
        -1.9510859361531874,
        -2.8218113160540406,
        2.459891805180834
      ],
      "rotation": [
        0.08587144668181057,
        0.2,
        2.409819819375185
      ],
      "service_name": "123.cranebot-anchor-service.2ccf67bf171a.",
      "num": 3,
      "vars": {}
    }
  ],
  "camera_cal": {
    "resolution": [
      4608,
      2592
    ],
    "distortion_coeff": [
      [
        0.021986398738215254,
        0.16053313025666044,
        -0.0033783593977099787,
        0.0026409593566139953,
        -0.35684316571698627
      ]
    ],
    "intrinsic_matrix": [
      [
        3382.661403509442,
        0.0,
        2327.7695374218133
      ],
      [
        0.0,
        3394.795601487364,
        1267.8069498365248
      ],
      [
        0.0,
        0.0,
        1.0
      ]
    ]
  },
  "common_anchor_vars": {
    "MAX_ACCEL": 0.6,
    "REC_MOD": 1,
    "RUNNING_WS_DELAY": 0.03
  },
  "gripper": {
    "MAX_ACCEL": 0.9,
    "TARGET_HOLDING_PRESSURE": 1.1
  }
}