{
  "anchors": [
    {
      "position": [
        2.9370156180447147,
        3.0318481242255335,
        2.4383314821552897
      ],
      "rotation": [
        0.041264837582790884,
        0.0363489312873386,
        -0.7846440416284272
      ],
      "service_name": "123.cranebot-anchor-service.2ccf67bc3fc4.",
      "num": 0,
      "vars": {
        "disable_switch": false
      }
    },
    {
      "position": [
        3.0690191973734424,
        -2.899473384189249,
        2.4383314821552897
      ],
      "rotation": [
        0.0014082902509876616,
        0.01827003622216077,
        -2.295813527763384
      ],
      "service_name": "123.cranebot-anchor-service.2ccf67befc13.",
      "num": 1,
      "vars": {
        "switch_tight_val": 0,
        "disable_switch": false
      }
    },
    {
      "position": [
        -3.040464289021063,
        2.942622742144539,
        2.4383314821552897
      ],
      "rotation": [
        0.057416318667852885,
        0.021560997321036533,
        0.7417493148574208
      ],
      "service_name": "123.cranebot-anchor-power-service.2ccf67cb3898.",
      "num": 2,
      "vars": {
        "disable_switch": false
      }
    },
    {
      "position": [
        -2.9416361008985557,
        -3.094083825046409,
        2.4383314821552897
      ],
      "rotation": [
        0.04157690452026117,
        -0.0053839657609427985,
        2.385172630186318
      ],
      "service_name": "123.cranebot-anchor-service.2ccf67bf171a.",
      "num": 3,
      "vars": {
        "disable_switch": false
      }
    }
  ],
  "camera_cal": {
    "resolution": [
      1080,
      1920
    ],
    "distortion_coeff": [
      [
        0.002910505664507278,
        0.2971558492948019,
        0.00017475791728952623,
        -0.007340558440107967,
        -0.6012269589512913
      ]
    ],
    "intrinsic_matrix": [
      [
        1400.6081822582776,
        0.0,
        929.7723231903612
      ],
      [
        0.0,
        1408.4334964844647,
        532.1383563603976
      ],
      [
        0.0,
        0.0,
        1.0
      ]
    ]
  },
  "common_anchor_vars": {
    "MAX_ACCEL": 0.3,
    "REC_MOD": 1,
    "RUNNING_WS_DELAY": 0.03
  },
  "gripper": {
    "MAX_ACCEL": 0.9,
    "TARGET_HOLDING_PRESSURE": 1.1,
    "TRAINING_WAND_BT_ADDRESS": "34:85:18:92:1D:05"
  }
}