# gantry.glb 'gantry' mesh, primitive 0, in that file's y-up frame, metres.
# Includes the marker card; UVs index meshes/gantry_tex.png, the AprilTag.
v -0.044250 0.019996 -0.034739
v -0.044250 0.019996 -0.034739
v -0.044250 0.019996 -0.034739
v -0.044250 0.019996 -0.034739
v -0.044250 0.019996 -0.034739
v -0.044250 0.019996 -0.034739
v -0.044241 0.018757 -0.034730
v -0.044241 0.018757 -0.034730
v -0.044241 0.018757 -0.034730
v -0.044241 0.018757 -0.034730
v -0.044241 0.018757 -0.034730
v -0.044241 0.018757 -0.034730
v -0.044205 0.011750 0.036430
v -0.044205 0.011750 0.036430
v -0.044205 0.011750 0.036430
v -0.044205 0.011750 0.036430
v -0.044205 0.011750 0.036430
v -0.044205 0.011750 0.036430
v -0.044204 -0.092940 0.036425
v -0.044204 -0.092940 0.036425
v -0.044204 -0.092940 0.036425
v -0.044204 -0.092940 0.036425
v -0.044204 -0.092940 0.036425
v -0.044189 0.012083 0.034283
v -0.044189 0.012083 0.034283
v -0.044189 0.012083 0.034283
v -0.044189 0.012083 0.034283
v -0.044189 0.012083 0.034283
v -0.044189 0.012083 0.034283
v -0.044189 0.012083 0.034283
v -0.044189 0.012083 0.034283
v -0.044164 -0.093543 0.034258
v -0.044164 -0.093543 0.034258
v -0.044164 -0.093543 0.034258
v -0.044164 -0.093543 0.034258
v -0.044164 -0.093543 0.034258
v -0.044164 -0.093543 0.034258
v -0.044164 -0.093543 0.034258
v -0.044026 0.013271 0.036252
v -0.044026 0.013271 0.036252
v -0.044026 0.013271 0.036252
v -0.044026 0.013271 0.036252
v -0.044026 0.013271 0.036252
v -0.044026 0.013271 0.036252
v -0.044026 0.013271 0.036252
v -0.044026 0.013271 0.036252
v -0.044026 0.013271 0.036252
v -0.044026 0.013271 0.036252
v -0.044026 0.013271 0.036252
v -0.044026 0.013271 0.036252
v -0.044017 -0.094466 0.036239
v -0.044017 -0.094466 0.036239
v -0.044017 -0.094466 0.036239
v -0.044017 -0.094466 0.036239
v -0.044017 -0.094466 0.036239
v -0.043971 0.017588 -0.034460
v -0.043971 0.017588 -0.034460
v -0.043971 0.017588 -0.034460
v -0.043971 0.017588 -0.034460
v -0.043971 0.017588 -0.034460
v -0.043971 0.017588 -0.034460
v -0.043971 0.017588 -0.034460
v -0.043653 0.016906 -0.034141
v -0.043653 0.016906 -0.034141
v -0.043653 0.016906 -0.034141
v -0.043653 0.016906 -0.034141
v -0.043653 0.016906 -0.034141
v -0.043653 0.016906 -0.034141
v -0.043653 0.016906 -0.034141
v -0.043610 -0.095832 0.033704
v -0.043610 -0.095832 0.033704
v -0.043610 -0.095832 0.033704
v -0.043610 -0.095832 0.033704
v -0.043579 -0.096284 0.035802
v -0.043579 -0.096284 0.035802
v -0.043579 -0.096284 0.035802
v -0.043579 -0.096284 0.035802
v -0.043579 -0.096284 0.035802
v -0.043579 -0.096284 0.035802
v -0.043579 -0.096284 0.035802
v -0.043510 0.023703 -0.033999
v -0.043510 0.023703 -0.033999
v -0.043510 0.023703 -0.033999
v -0.043510 0.023703 -0.033999
v -0.043510 0.023703 -0.033999
v -0.043510 0.023703 -0.033999
v -0.043510 0.023703 -0.033999
v -0.043510 0.023703 -0.033999
v -0.042859 0.016327 -0.034163
v -0.042859 0.016327 -0.034163
v -0.042859 0.016327 -0.034163
v -0.042859 0.016327 -0.034163
v -0.042859 0.016327 -0.034163
v -0.042811 -0.097574 0.032904
v -0.042811 -0.097574 0.032904
v -0.042811 -0.097574 0.032904
v -0.042811 -0.097574 0.032904
v -0.042811 -0.097574 0.032904
v -0.042811 -0.097574 0.032904
v -0.042734 -0.098213 0.034957
v -0.042734 -0.098213 0.034957
v -0.042734 -0.098213 0.034957
v -0.042734 -0.098213 0.034957
v -0.042734 -0.098213 0.034957
v -0.042145 0.025203 -0.034755
v -0.042145 0.025203 -0.034755
v -0.042145 0.025203 -0.034755
v -0.042145 0.025203 -0.034755
v -0.042145 0.025203 -0.034755
v -0.042145 0.025203 -0.034755
v -0.042145 0.025203 -0.034755
v -0.042145 0.025203 -0.034755
v -0.042145 0.025203 -0.034755
v -0.042145 0.025203 -0.034755
v -0.042145 0.025203 -0.034755
v -0.042145 0.025203 -0.034755
v -0.042145 0.025203 -0.034755
v -0.042145 0.025203 -0.034755
v -0.042145 0.025203 -0.034755
v -0.042145 0.025203 -0.034755
v -0.042145 0.025203 -0.034755
v -0.042145 0.025203 -0.034755
v -0.042145 0.025203 -0.034755
v -0.041846 -0.099547 0.034069
v -0.041846 -0.099547 0.034069
v -0.041846 -0.099547 0.034069
v -0.041846 -0.099547 0.034069
v -0.041846 -0.099547 0.034069
v -0.041846 -0.099547 0.034069
v -0.041557 0.015643 -0.033828
v -0.041557 0.015643 -0.033828
v -0.041557 0.015643 -0.033828
v -0.041557 0.015643 -0.033828
v -0.041557 0.015643 -0.033828
v -0.041298 -0.099411 0.031392
v -0.041298 -0.099411 0.031392
v -0.041298 -0.099411 0.031392
v -0.041298 -0.099411 0.031392
v -0.041298 -0.099411 0.031392
v -0.041298 -0.099411 0.031392
v -0.041242 0.026820 0.031336
v -0.041242 0.026820 0.031336
v -0.041242 0.026820 0.031336
v -0.041242 0.026820 0.031336
v -0.041242 0.026820 0.031336
v -0.041242 0.026820 0.031336
v -0.041150 0.019618 -0.037880
v -0.041150 0.019618 -0.037880
v -0.041150 0.019618 -0.037880
v -0.041150 0.019618 -0.037880
v -0.041150 0.019618 -0.037880
v -0.041150 0.019618 -0.037880
v -0.041050 0.020489 -0.037768
v -0.041050 0.020489 -0.037768
v -0.041050 0.020489 -0.037768
v -0.041050 0.020489 -0.037768
v -0.041050 0.020489 -0.037768
v -0.040977 0.028320 0.033199
v -0.040977 0.028320 0.033199
v -0.040977 0.028320 0.033199
v -0.040977 0.028320 0.033199
v -0.040977 0.028320 0.033199
v -0.040977 0.028320 0.033199
v -0.040977 0.028320 0.033199
v -0.040977 0.028320 0.033199
v -0.040977 0.028320 0.033199
v -0.040977 0.028320 0.033199
v -0.040977 0.028320 0.033199
v -0.040977 0.028320 0.033199
v -0.040977 0.028320 0.033199
v -0.040977 0.028320 0.033199
v -0.040977 0.028320 0.033199
v -0.040977 0.028320 0.033199
v -0.040977 0.028320 0.033199
v -0.040977 0.028320 0.033199
v -0.040977 0.028320 0.033199
v -0.040977 0.028320 0.033199
v -0.040977 0.028320 0.033199
v -0.040977 0.028320 0.033199
v -0.040977 0.028320 0.033199
v -0.040977 0.028320 0.033199
v -0.040977 0.028320 0.033199
v -0.040977 0.028320 0.033199
v -0.040977 0.028320 0.033199
v -0.040977 0.028320 0.033199
v -0.040977 0.028320 0.033199
v -0.040977 0.028320 0.033199
v -0.040977 0.028320 0.033199
v -0.040977 0.028320 0.033199
v -0.040977 0.028320 0.033199
v -0.040931 0.018739 -0.038018
v -0.040931 0.018739 -0.038018
v -0.040931 0.018739 -0.038018
v -0.040931 0.018739 -0.038018
v -0.040931 0.018739 -0.038018
v -0.040931 0.018739 -0.038018
v -0.040807 0.021104 -0.037755
v -0.040807 0.021104 -0.037755
v -0.040807 0.021104 -0.037755
v -0.040807 0.021104 -0.037755
v -0.040807 0.021104 -0.037755
v -0.040807 0.021104 -0.037755
v -0.040803 -0.100634 0.033026
v -0.040803 -0.100634 0.033026
v -0.040803 -0.100634 0.033026
v -0.040803 -0.100634 0.033026
v -0.040803 -0.100634 0.033026
v -0.040587 0.018126 -0.038147
v -0.040587 0.018126 -0.038147
v -0.040587 0.018126 -0.038147
v -0.040587 0.018126 -0.038147
v -0.040587 0.018126 -0.038147
v -0.040587 0.018126 -0.038147
v -0.040585 0.015405 -0.033193
v -0.040585 0.015405 -0.033193
v -0.040585 0.015405 -0.033193
v -0.040585 0.015405 -0.033193
v -0.040585 0.015405 -0.033193
v -0.040585 0.015405 -0.033193
v -0.040585 0.015405 -0.033193
v -0.040585 0.015405 -0.033193
v -0.040585 0.015405 -0.033193
v -0.040585 0.015405 -0.033193
v -0.040585 0.015405 -0.033193
v -0.040437 0.022652 0.036037
v -0.040437 0.022652 0.036037
v -0.040437 0.022652 0.036037
v -0.040437 0.022652 0.036037
v -0.040437 0.022652 0.036037
v -0.040437 0.022652 0.036037
v -0.040403 0.021887 0.036381
v -0.040403 0.021887 0.036381
v -0.040403 0.021887 0.036381
v -0.040403 0.021887 0.036381
v -0.040403 0.021887 0.036381
v -0.040403 0.021887 0.036381
v -0.040397 0.019523 -0.037745
v -0.040397 0.019523 -0.037745
v -0.040397 0.019523 -0.037745
v -0.040397 0.019523 -0.037745
v -0.040397 0.019523 -0.037745
v -0.040397 0.019523 -0.037745
v -0.040389 0.020060 -0.037669
v -0.040389 0.020060 -0.037669
v -0.040389 0.020060 -0.037669
v -0.040389 0.020060 -0.037669
v -0.040389 0.020060 -0.037669
v -0.040389 0.020060 -0.037669
v -0.040389 0.020060 -0.037669
v -0.040389 0.020060 -0.037669
v -0.040389 0.020060 -0.037669
v -0.040357 0.023279 0.035863
v -0.040357 0.023279 0.035863
v -0.040357 0.023279 0.035863
v -0.040357 0.023279 0.035863
v -0.040300 0.021859 -0.037956
v -0.040300 0.021859 -0.037956
v -0.040300 0.021859 -0.037956
v -0.040300 0.021859 -0.037956
v -0.040300 0.021859 -0.037956
v -0.040300 0.021859 -0.037956
v -0.040274 0.020467 -0.037622
v -0.040274 0.020467 -0.037622
v -0.040274 0.020467 -0.037622
v -0.040274 0.020467 -0.037622
v -0.040274 0.020467 -0.037622
v -0.040274 0.020467 -0.037622
v -0.040269 0.019123 -0.037812
v -0.040269 0.019123 -0.037812
v -0.040269 0.019123 -0.037812
v -0.040269 0.019123 -0.037812
v -0.040218 0.023817 0.035784
v -0.040218 0.023817 0.035784
v -0.040218 0.023817 0.035784
v -0.040218 0.023817 0.035784
v -0.040218 0.023817 0.035784
v -0.040218 0.023817 0.035784
v -0.040217 0.021244 0.036828
v -0.040217 0.021244 0.036828
v -0.040217 0.021244 0.036828
v -0.040217 0.021244 0.036828
v -0.040144 0.017651 -0.038307
v -0.040144 0.017651 -0.038307
v -0.040144 0.017651 -0.038307
v -0.040144 0.017651 -0.038307
v -0.040144 0.017651 -0.038307
v -0.040094 0.018777 -0.037886
v -0.040094 0.018777 -0.037886
v -0.040094 0.018777 -0.037886
v -0.040094 0.018777 -0.037886
v -0.040094 0.018777 -0.037886
v -0.040094 0.018777 -0.037886
v -0.040094 0.018777 -0.037886
v -0.040034 0.020948 -0.037647
v -0.040034 0.020948 -0.037647
v -0.040034 0.020948 -0.037647
v -0.040034 0.020948 -0.037647
v -0.040034 0.020948 -0.037647
v -0.039921 0.020749 0.037325
v -0.039921 0.020749 0.037325
v -0.039921 0.020749 0.037325
v -0.039921 0.020749 0.037325
v -0.039921 0.020749 0.037325
v -0.039903 0.024554 0.035799
v -0.039903 0.024554 0.035799
v -0.039903 0.024554 0.035799
v -0.039903 0.024554 0.035799
v -0.039903 0.024554 0.035799
v -0.039903 0.024554 0.035799
v -0.039844 0.021212 -0.037710
v -0.039844 0.021212 -0.037710
v -0.039844 0.021212 -0.037710
v -0.039844 0.021212 -0.037710
v -0.039844 0.021212 -0.037710
v -0.039844 0.021212 -0.037710
v -0.039844 0.021212 -0.037710
v -0.039807 0.022288 -0.038275
v -0.039807 0.022288 -0.038275
v -0.039807 0.022288 -0.038275
v -0.039807 0.022288 -0.038275
v -0.039807 0.022288 -0.038275
v -0.039800 0.019238 -0.037227
v -0.039800 0.019238 -0.037227
v -0.039800 0.019238 -0.037227
v -0.039800 0.019238 -0.037227
v -0.039800 0.019238 -0.037227
v -0.039800 0.019238 -0.037227
v -0.039756 0.017360 -0.038476
v -0.039756 0.017360 -0.038476
v -0.039756 0.017360 -0.038476
v -0.039756 0.017360 -0.038476
v -0.039756 0.017360 -0.038476
v -0.039732 0.018386 -0.038004
v -0.039732 0.018386 -0.038004
v -0.039732 0.018386 -0.038004
v -0.039732 0.018386 -0.038004
v -0.039732 0.018386 -0.038004
v -0.039704 0.020353 -0.037045
v -0.039704 0.020353 -0.037045
v -0.039704 0.020353 -0.037045
v -0.039704 0.020353 -0.037045
v -0.039704 0.020353 -0.037045
v -0.039653 0.024996 0.035871
v -0.039653 0.024996 0.035871
v -0.039653 0.024996 0.035871
v -0.039653 0.024996 0.035871
v -0.039653 0.024996 0.035871
v -0.039627 0.020692 -0.037111
v -0.039627 0.020692 -0.037111
v -0.039627 0.020692 -0.037111
v -0.039627 0.020692 -0.037111
v -0.039627 0.020692 -0.037111
v -0.039627 0.020692 -0.037111
v -0.039516 0.019612 -0.036818
v -0.039516 0.019612 -0.036818
v -0.039516 0.019612 -0.036818
v -0.039516 0.019612 -0.036818
v -0.039516 0.019612 -0.036818
v -0.039516 0.019612 -0.036818
v -0.039493 0.020387 0.037900
v -0.039493 0.020387 0.037900
v -0.039493 0.020387 0.037900
v -0.039493 0.020387 0.037900
v -0.039493 0.020387 0.037900
v -0.039492 0.021602 -0.037885
v -0.039492 0.021602 -0.037885
v -0.039492 0.021602 -0.037885
v -0.039492 0.021602 -0.037885
v -0.039492 0.021602 -0.037885
v -0.039492 0.021602 -0.037885
v -0.039364 0.018106 -0.038154
v -0.039364 0.018106 -0.038154
v -0.039364 0.018106 -0.038154
v -0.039364 0.018106 -0.038154
v -0.039364 0.018106 -0.038154
v -0.039364 0.018106 -0.038154
v -0.039348 -0.101589 0.031570
v -0.039348 -0.101589 0.031570
v -0.039348 -0.101589 0.031570
v -0.039348 -0.101589 0.031570
v -0.039348 -0.101589 0.031570
v -0.039348 -0.101589 0.031570
v -0.039277 0.017132 -0.038749
v -0.039277 0.017132 -0.038749
v -0.039277 0.017132 -0.038749
v -0.039277 0.017132 -0.038749
v -0.039277 0.017132 -0.038749
v -0.039277 0.017132 -0.038749
v -0.039265 0.021457 -0.037476
v -0.039265 0.021457 -0.037476
v -0.039265 0.021457 -0.037476
v -0.039265 0.021457 -0.037476
v -0.039265 0.021457 -0.037476
v -0.039221 0.022581 -0.038742
v -0.039221 0.022581 -0.038742
v -0.039221 0.022581 -0.038742
v -0.039221 0.022581 -0.038742
v -0.039221 0.022581 -0.038742
v -0.039221 0.022581 -0.038742
v -0.039221 0.022581 -0.038742
v -0.039217 -0.100480 0.029311
v -0.039217 -0.100480 0.029311
v -0.039217 -0.100480 0.029311
v -0.039217 -0.100480 0.029311
v -0.039217 -0.100480 0.029311
v -0.039217 -0.100480 0.029311
v -0.039204 0.025593 0.036078
v -0.039204 0.025593 0.036078
v -0.039204 0.025593 0.036078
v -0.039204 0.025593 0.036078
v -0.039204 0.025593 0.036078
v -0.039204 0.025593 0.036078
v -0.039200 0.018420 -0.037356
v -0.039200 0.018420 -0.037356
v -0.039200 0.018420 -0.037356
v -0.039200 0.018420 -0.037356
v -0.039200 0.018420 -0.037356
v -0.039200 0.018420 -0.037356
v -0.039175 0.021065 -0.036905
v -0.039175 0.021065 -0.036905
v -0.039175 0.021065 -0.036905
v -0.039175 0.021065 -0.036905
v -0.039175 0.021065 -0.036905
v -0.039054 0.021410 -0.037168
v -0.039054 0.021410 -0.037168
v -0.039054 0.021410 -0.037168
v -0.039054 0.021410 -0.037168
v -0.039054 0.021410 -0.037168
v -0.039054 0.021410 -0.037168
v -0.039052 0.021734 -0.037782
v -0.039052 0.021734 -0.037782
v -0.039052 0.021734 -0.037782
v -0.039052 0.021734 -0.037782
v -0.039052 0.021734 -0.037782
v -0.039036 0.020213 0.038428
v -0.039036 0.020213 0.038428
v -0.039036 0.020213 0.038428
v -0.039036 0.020213 0.038428
v -0.039036 0.020213 0.038428
v -0.039035 0.018765 -0.036819
v -0.039035 0.018765 -0.036819
v -0.039035 0.018765 -0.036819
v -0.039035 0.018765 -0.036819
v -0.039035 0.018765 -0.036819
v -0.039035 0.018765 -0.036819
v -0.039030 0.021903 -0.038202
v -0.039030 0.021903 -0.038202
v -0.039030 0.021903 -0.038202
v -0.039030 0.021903 -0.038202
v -0.039030 0.021903 -0.038202
v -0.039030 0.021903 -0.038202
v -0.038939 0.019242 -0.036414
v -0.038939 0.019242 -0.036414
v -0.038939 0.019242 -0.036414
v -0.038939 0.019242 -0.036414
v -0.038939 0.019242 -0.036414
v -0.038939 0.019242 -0.036414
v -0.038923 0.017903 -0.038391
v -0.038923 0.017903 -0.038391
v -0.038923 0.017903 -0.038391
v -0.038923 0.017903 -0.038391
v -0.038923 0.017903 -0.038391
v -0.038923 0.017903 -0.038391
v -0.038913 0.022473 0.036028
v -0.038913 0.022473 0.036028
v -0.038913 0.022473 0.036028
v -0.038913 0.022473 0.036028
v -0.038913 0.022473 0.036028
v -0.038913 0.022473 0.036028
v -0.038911 0.020322 -0.036213
v -0.038911 0.020322 -0.036213
v -0.038911 0.020322 -0.036213
v -0.038911 0.020322 -0.036213
v -0.038911 0.020322 -0.036213
v -0.038903 0.022011 0.036280
v -0.038903 0.022011 0.036280
v -0.038903 0.022011 0.036280
v -0.038903 0.022011 0.036280
v -0.038903 0.022011 0.036280
v -0.038903 0.022011 0.036280
v -0.038833 0.019935 -0.036113
v -0.038833 0.019935 -0.036113
v -0.038833 0.019935 -0.036113
v -0.038833 0.019935 -0.036113
v -0.038833 0.019935 -0.036113
v -0.038826 0.022958 0.035850
v -0.038826 0.022958 0.035850
v -0.038826 0.022958 0.035850
v -0.038826 0.022958 0.035850
v -0.038826 0.022958 0.035850
v -0.038826 0.022958 0.035850
v -0.038826 0.022958 0.035850
v -0.038826 0.022958 0.035850
v -0.038821 0.021671 0.036530
v -0.038821 0.021671 0.036530
v -0.038821 0.021671 0.036530
v -0.038821 0.021671 0.036530
v -0.038821 0.021671 0.036530
v -0.038821 0.021671 0.036530
v -0.038803 0.017060 -0.039149
v -0.038803 0.017060 -0.039149
v -0.038803 0.017060 -0.039149
v -0.038803 0.017060 -0.039149
v -0.038803 0.017060 -0.039149
v -0.038803 0.017060 -0.039149
v -0.038781 0.021925 -0.038100
v -0.038781 0.021925 -0.038100
v -0.038781 0.021925 -0.038100
v -0.038781 0.021925 -0.038100
v -0.038781 0.021925 -0.038100
v -0.038781 0.021925 -0.038100
v -0.038765 0.020726 -0.036173
v -0.038765 0.020726 -0.036173
v -0.038765 0.020726 -0.036173
v -0.038765 0.020726 -0.036173
v -0.038765 0.020726 -0.036173
v -0.038765 0.020726 -0.036173
v -0.038765 0.020726 -0.036173
v -0.038765 0.020726 -0.036173
v -0.038724 0.021182 -0.036430
v -0.038724 0.021182 -0.036430
v -0.038724 0.021182 -0.036430
v -0.038724 0.021182 -0.036430
v -0.038724 0.021182 -0.036430
v -0.038724 0.021182 -0.036430
v -0.038703 0.026048 0.036394
v -0.038703 0.026048 0.036394
v -0.038703 0.026048 0.036394
v -0.038703 0.026048 0.036394
v -0.038703 0.026048 0.036394
v -0.038684 0.018103 -0.037454
v -0.038684 0.018103 -0.037454
v -0.038684 0.018103 -0.037454
v -0.038684 0.018103 -0.037454
v -0.038684 0.018103 -0.037454
v -0.038684 0.018103 -0.037454
v -0.038684 0.018103 -0.037454
v -0.038684 0.018103 -0.037454
v -0.038648 0.023416 0.035751
v -0.038648 0.023416 0.035751
v -0.038648 0.023416 0.035751
v -0.038648 0.023416 0.035751
v -0.038648 0.023416 0.035751
v -0.038648 0.023416 0.035751
v -0.038645 0.021327 0.036875
v -0.038645 0.021327 0.036875
v -0.038645 0.021327 0.036875
v -0.038645 0.021327 0.036875
v -0.038645 0.021327 0.036875
v -0.038645 0.021327 0.036875
v -0.038645 0.021327 0.036875
v -0.038644 0.022027 -0.038528
v -0.038644 0.022027 -0.038528
v -0.038644 0.022027 -0.038528
v -0.038644 0.022027 -0.038528
v -0.038644 0.022027 -0.038528
v -0.038638 0.021761 -0.037333
v -0.038638 0.021761 -0.037333
v -0.038638 0.021761 -0.037333
v -0.038638 0.021761 -0.037333
v -0.038638 0.021761 -0.037333
v -0.038638 0.021761 -0.037333
v -0.038638 0.021761 -0.037333
v -0.038638 0.021761 -0.037333
v -0.038593 0.021575 -0.036788
v -0.038593 0.021575 -0.036788
v -0.038593 0.021575 -0.036788
v -0.038593 0.021575 -0.036788
v -0.038593 0.021575 -0.036788
v -0.038575 0.024951 0.035901
v -0.038575 0.024951 0.035901
v -0.038575 0.024951 0.035901
v -0.038575 0.024951 0.035901
v -0.038575 0.024951 0.035901
v -0.038575 0.024951 0.035901
v -0.038558 0.017832 -0.038669
v -0.038558 0.017832 -0.038669
v -0.038558 0.017832 -0.038669
v -0.038558 0.017832 -0.038669
v -0.038558 0.017832 -0.038669
v -0.038558 0.017832 -0.038669
v -0.038527 0.019039 -0.036192
v -0.038527 0.019039 -0.036192
v -0.038527 0.019039 -0.036192
v -0.038527 0.019039 -0.036192
v -0.038527 0.019039 -0.036192
v -0.038500 0.023703 0.035722
v -0.038500 0.023703 0.035722
v -0.038500 0.023703 0.035722
v -0.038500 0.023703 0.035722
v -0.038500 0.023703 0.035722
v -0.038488 0.017865 -0.038088
v -0.038488 0.017865 -0.038088
v -0.038488 0.017865 -0.038088
v -0.038488 0.017865 -0.038088
v -0.038488 0.017865 -0.038088
v -0.038488 0.017865 -0.038088
v -0.038478 0.022572 -0.039489
v -0.038478 0.022572 -0.039489
v -0.038478 0.022572 -0.039489
v -0.038478 0.022572 -0.039489
v -0.038478 0.022572 -0.039489
v -0.038478 0.022572 -0.039489
v -0.038463 0.025259 0.036023
v -0.038463 0.025259 0.036023
v -0.038463 0.025259 0.036023
v -0.038463 0.025259 0.036023
v -0.038453 0.021941 -0.037761
v -0.038453 0.021941 -0.037761
v -0.038453 0.021941 -0.037761
v -0.038453 0.021941 -0.037761
v -0.038453 0.021941 -0.037761
v -0.038453 0.021941 -0.037761
v -0.038448 0.022002 -0.038258
v -0.038448 0.022002 -0.038258
v -0.038448 0.022002 -0.038258
v -0.038448 0.022002 -0.038258
v -0.038448 0.022002 -0.038258
v -0.038431 0.020210 0.039033
v -0.038431 0.020210 0.039033
v -0.038431 0.020210 0.039033
v -0.038431 0.020210 0.039033
v -0.038431 0.020210 0.039033
v -0.038431 0.020210 0.039033
v -0.038417 0.018570 -0.036536
v -0.038417 0.018570 -0.036536
v -0.038417 0.018570 -0.036536
v -0.038417 0.018570 -0.036536
v -0.038417 0.018570 -0.036536
v -0.038417 0.018570 -0.036536
v -0.038417 0.018570 -0.036536
v -0.038403 0.019736 -0.035750
v -0.038403 0.019736 -0.035750
v -0.038403 0.019736 -0.035750
v -0.038403 0.019736 -0.035750
v -0.038403 0.019736 -0.035750
v -0.038403 0.019736 -0.035750
v -0.038392 0.017187 -0.039688
v -0.038392 0.017187 -0.039688
v -0.038392 0.017187 -0.039688
v -0.038392 0.017187 -0.039688
v -0.038392 0.017187 -0.039688
v -0.038392 0.017187 -0.039688
v -0.038366 0.022245 0.035565
v -0.038366 0.022245 0.035565
v -0.038366 0.022245 0.035565
v -0.038366 0.022245 0.035565
v -0.038366 0.022245 0.035565
v -0.038345 0.021591 0.036081
v -0.038345 0.021591 0.036081
v -0.038345 0.021591 0.036081
v -0.038345 0.021591 0.036081
v -0.038345 0.021591 0.036081
v -0.038345 0.021591 0.036081
v -0.038345 0.021591 0.036081
v -0.038339 0.021517 -0.036234
v -0.038339 0.021517 -0.036234
v -0.038339 0.021517 -0.036234
v -0.038339 0.021517 -0.036234
v -0.038339 0.021517 -0.036234
v -0.038332 0.021904 -0.037220
v -0.038332 0.021904 -0.037220
v -0.038332 0.021904 -0.037220
v -0.038332 0.021904 -0.037220
v -0.038332 0.021904 -0.037220
v -0.038309 0.017849 -0.038939
v -0.038309 0.017849 -0.038939
v -0.038309 0.017849 -0.038939
v -0.038309 0.017849 -0.038939
v -0.038309 0.017849 -0.038939
v -0.038309 0.017849 -0.038939
v -0.038309 0.021045 0.037346
v -0.038309 0.021045 0.037346
v -0.038309 0.021045 0.037346
v -0.038309 0.021045 0.037346
v -0.038309 0.021045 0.037346
v -0.038309 0.021045 0.037346
v -0.038296 0.022029 -0.038871
v -0.038296 0.022029 -0.038871
v -0.038296 0.022029 -0.038871
v -0.038296 0.022029 -0.038871
v -0.038296 0.022029 -0.038871
v -0.038296 0.022029 -0.038871
v -0.038296 0.022029 -0.038871
v -0.038278 0.026304 0.036712
v -0.038278 0.026304 0.036712
v -0.038278 0.026304 0.036712
v -0.038278 0.026304 0.036712
v -0.038278 0.026304 0.036712
v -0.038278 0.026304 0.036712
v -0.038266 0.024045 0.035716
v -0.038266 0.024045 0.035716
v -0.038266 0.024045 0.035716
v -0.038266 0.024045 0.035716
v -0.038226 0.022029 -0.038391
v -0.038226 0.022029 -0.038391
v -0.038226 0.022029 -0.038391
v -0.038226 0.022029 -0.038391
v -0.038226 0.022029 -0.038391
v -0.038226 0.022029 -0.038391
v -0.038196 0.017984 -0.037440
v -0.038196 0.017984 -0.037440
v -0.038196 0.017984 -0.037440
v -0.038196 0.017984 -0.037440
v -0.038196 0.017984 -0.037440
v -0.038156 0.021334 -0.035728
v -0.038156 0.021334 -0.035728
v -0.038156 0.021334 -0.035728
v -0.038156 0.021334 -0.035728
v -0.038156 0.021334 -0.035728
v -0.038156 0.021334 -0.035728
v -0.038143 0.021763 -0.036260
v -0.038143 0.021763 -0.036260
v -0.038143 0.021763 -0.036260
v -0.038143 0.021763 -0.036260
v -0.038143 0.021763 -0.036260
v -0.038143 0.021763 -0.036260
v -0.038143 0.021763 -0.036260
v -0.038143 0.021763 -0.036260
v -0.038117 0.017531 -0.040250
v -0.038117 0.017531 -0.040250
v -0.038117 0.017531 -0.040250
v -0.038117 0.017531 -0.040250
v -0.038117 0.017531 -0.040250
v -0.038117 0.017531 -0.040250
v -0.038095 0.021109 0.036717
v -0.038095 0.021109 0.036717
v -0.038095 0.021109 0.036717
v -0.038095 0.021109 0.036717
v -0.038095 0.021109 0.036717
v -0.038058 0.021989 -0.036666
v -0.038058 0.021989 -0.036666
v -0.038058 0.021989 -0.036666
v -0.038058 0.021989 -0.036666
v -0.038058 0.021989 -0.036666
v -0.038058 0.021989 -0.036666
v -0.038055 0.018397 -0.036539
v -0.038055 0.018397 -0.036539
v -0.038055 0.018397 -0.036539
v -0.038055 0.018397 -0.036539
v -0.038054 0.017957 -0.039320
v -0.038054 0.017957 -0.039320
v -0.038054 0.017957 -0.039320
v -0.038054 0.017957 -0.039320
v -0.038054 0.017957 -0.039320
v -0.038052 0.024292 0.035744
v -0.038052 0.024292 0.035744
v -0.038052 0.024292 0.035744
v -0.038052 0.024292 0.035744
v -0.038052 0.024292 0.035744
v -0.038052 0.024292 0.035744
v -0.038052 0.024292 0.035744
v -0.038048 0.022065 -0.037506
v -0.038048 0.022065 -0.037506
v -0.038048 0.022065 -0.037506
v -0.038048 0.022065 -0.037506
v -0.038048 0.022065 -0.037506
v -0.038048 0.022065 -0.037506
v -0.038048 0.022065 -0.037506
v -0.038046 0.020451 -0.035323
v -0.038046 0.020451 -0.035323
v -0.038046 0.020451 -0.035323
v -0.038046 0.020451 -0.035323
v -0.038046 0.020451 -0.035323
v -0.038046 0.020451 -0.035323
v -0.038041 0.021960 0.035438
v -0.038041 0.021960 0.035438
v -0.038041 0.021960 0.035438
v -0.038041 0.021960 0.035438
v -0.038041 0.021960 0.035438
v -0.038041 0.021960 0.035438
v -0.038021 0.024010 0.035417
v -0.038021 0.024010 0.035417
v -0.038021 0.024010 0.035417
v -0.038021 0.024010 0.035417
v -0.038021 0.024010 0.035417
v -0.038021 0.024010 0.035417
v -0.038021 0.024010 0.035417
v -0.038021 0.024010 0.035417
v -0.038008 0.022270 -0.040082
v -0.038008 0.022270 -0.040082
v -0.038008 0.022270 -0.040082
v -0.038008 0.022270 -0.040082
v -0.038008 0.022270 -0.040082
v -0.038008 0.022270 -0.040082
v -0.037993 0.017825 -0.038282
v -0.037993 0.017825 -0.038282
v -0.037993 0.017825 -0.038282
v -0.037993 0.017825 -0.038282
v -0.037993 0.017825 -0.038282
v -0.037993 0.017825 -0.038282
v -0.037986 0.025417 0.036153
v -0.037986 0.025417 0.036153
v -0.037986 0.025417 0.036153
v -0.037986 0.025417 0.036153
v -0.037986 0.025417 0.036153
v -0.037984 0.026440 0.036954
v -0.037984 0.026440 0.036954
v -0.037984 0.026440 0.036954
v -0.037984 0.026440 0.036954
v -0.037984 0.026440 0.036954
v -0.037980 0.022706 0.035035
v -0.037980 0.022706 0.035035
v -0.037980 0.022706 0.035035
v -0.037980 0.022706 0.035035
v -0.037980 0.022706 0.035035
v -0.037980 0.022706 0.035035
v -0.037953 0.021654 -0.035669
v -0.037953 0.021654 -0.035669
v -0.037953 0.021654 -0.035669
v -0.037953 0.021654 -0.035669
v -0.037953 0.021654 -0.035669
v -0.037953 0.021654 -0.035669
v -0.037952 0.021899 -0.039283
v -0.037952 0.021899 -0.039283
v -0.037952 0.021899 -0.039283
v -0.037952 0.021899 -0.039283
v -0.037952 0.021899 -0.039283
v -0.037943 0.021146 -0.035316
v -0.037943 0.021146 -0.035316
v -0.037943 0.021146 -0.035316
v -0.037943 0.021146 -0.035316
v -0.037943 0.021146 -0.035316
v -0.037942 0.017977 -0.040716
v -0.037942 0.017977 -0.040716
v -0.037942 0.017977 -0.040716
v -0.037942 0.017977 -0.040716
v -0.037942 0.017977 -0.040716
v -0.037923 0.022083 -0.037909
v -0.037923 0.022083 -0.037909
v -0.037923 0.022083 -0.037909
v -0.037923 0.022083 -0.037909
v -0.037923 0.022083 -0.037909
v -0.037915 0.018093 -0.039602
v -0.037915 0.018093 -0.039602
v -0.037915 0.018093 -0.039602
v -0.037915 0.018093 -0.039602
v -0.037915 0.018093 -0.039602
v -0.037915 0.018093 -0.039602
v -0.037915 0.018093 -0.039602
v -0.037911 0.020935 0.037791
v -0.037911 0.020935 0.037791
v -0.037911 0.020935 0.037791
v -0.037911 0.020935 0.037791
v -0.037911 0.020935 0.037791
v -0.037911 0.020935 0.037791
v -0.037864 0.021990 -0.038690
v -0.037864 0.021990 -0.038690
v -0.037864 0.021990 -0.038690
v -0.037864 0.021990 -0.038690
v -0.037864 0.021990 -0.038690
v -0.037864 0.021990 -0.038690
v -0.037864 0.021990 -0.038690
v -0.037864 0.021990 -0.038690
v -0.037852 0.020867 -0.035144
v -0.037852 0.020867 -0.035144
v -0.037852 0.020867 -0.035144
v -0.037852 0.020867 -0.035144
v -0.037852 0.020867 -0.035144
v -0.037845 0.017853 -0.038598
v -0.037845 0.017853 -0.038598
v -0.037845 0.017853 -0.038598
v -0.037845 0.017853 -0.038598
v -0.037845 0.017853 -0.038598
v -0.037845 0.017853 -0.038598
v -0.037825 0.025202 -0.035291
v -0.037825 0.025202 -0.035291
v -0.037825 0.025202 -0.035291
v -0.037825 0.025202 -0.035291
v -0.037825 0.025202 -0.035291
v -0.037825 0.025202 -0.035291
v -0.037820 0.020939 0.037098
v -0.037820 0.020939 0.037098
v -0.037820 0.020939 0.037098
v -0.037820 0.020939 0.037098
v -0.037820 0.020939 0.037098
v -0.037820 0.020939 0.037098
v -0.037811 0.019467 -0.035415
v -0.037811 0.019467 -0.035415
v -0.037811 0.019467 -0.035415
v -0.037811 0.019467 -0.035415
v -0.037811 0.019467 -0.035415
v -0.037811 0.019467 -0.035415
v -0.037811 0.019467 -0.035415
v -0.037804 0.019061 -0.035683
v -0.037804 0.019061 -0.035683
v -0.037804 0.019061 -0.035683
v -0.037804 0.019061 -0.035683
v -0.037804 0.019061 -0.035683
v -0.037804 0.019061 -0.035683
v -0.037804 0.024531 0.035793
v -0.037804 0.024531 0.035793
v -0.037804 0.024531 0.035793
v -0.037804 0.024531 0.035793
v -0.037804 0.024531 0.035793
v -0.037786 0.021767 -0.039512
v -0.037786 0.021767 -0.039512
v -0.037786 0.021767 -0.039512
v -0.037786 0.021767 -0.039512
v -0.037786 0.021767 -0.039512
v -0.037786 0.021767 -0.039512
v -0.037769 0.025203 -0.034344
v -0.037769 0.025203 -0.034344
v -0.037769 0.025203 -0.034344
v -0.037769 0.025203 -0.034344
v -0.037769 0.025203 -0.034344
v -0.037769 0.025203 -0.034344
v -0.037769 0.025203 -0.034344
v -0.037761 0.021235 0.036064
v -0.037761 0.021235 0.036064
v -0.037761 0.021235 0.036064
v -0.037761 0.021235 0.036064
v -0.037761 0.021235 0.036064
v -0.037761 0.021235 0.036064
v -0.037761 0.021235 0.036064
v -0.037755 0.018389 -0.039982
v -0.037755 0.018389 -0.039982
v -0.037755 0.018389 -0.039982
v -0.037755 0.018389 -0.039982
v -0.037755 0.018389 -0.039982
v -0.037755 0.022215 -0.037092
v -0.037755 0.022215 -0.037092
v -0.037755 0.022215 -0.037092
v -0.037755 0.022215 -0.037092
v -0.037755 0.022215 -0.037092
v -0.037755 0.022215 -0.037092
v -0.037754 0.018816 -0.041226
v -0.037754 0.018816 -0.041226
v -0.037754 0.018816 -0.041226
v -0.037754 0.018816 -0.041226
v -0.037754 0.018816 -0.041226
v -0.037754 0.018816 -0.041226
v -0.037754 0.018816 -0.041226
v -0.037754 0.018816 -0.041226
v -0.037721 0.022247 -0.036404
v -0.037721 0.022247 -0.036404
v -0.037721 0.022247 -0.036404
v -0.037721 0.022247 -0.036404
v -0.037721 0.022247 -0.036404
v -0.037721 0.022247 -0.036404
v -0.037717 0.021870 -0.040535
v -0.037717 0.021870 -0.040535
v -0.037717 0.021870 -0.040535
v -0.037717 0.021870 -0.040535
v -0.037717 0.021870 -0.040535
v -0.037717 0.021870 -0.040535
v -0.037675 0.020497 0.039673
v -0.037675 0.020497 0.039673
v -0.037675 0.020497 0.039673
v -0.037675 0.020497 0.039673
v -0.037675 0.020497 0.039673
v -0.037667 0.025203 -0.036127
v -0.037667 0.025203 -0.036127
v -0.037667 0.025203 -0.036127
v -0.037667 0.025203 -0.036127
v -0.037667 0.025203 -0.036127
v -0.037666 -0.102052 0.029903
v -0.037666 -0.102052 0.029903
v -0.037666 -0.102052 0.029903
v -0.037666 -0.102052 0.029903
v -0.037666 -0.102052 0.029903
v -0.037666 -0.102052 0.029903
v -0.037666 -0.102052 0.029903
v -0.037666 -0.102052 0.029903
v -0.037666 -0.102052 0.029903
v -0.037666 -0.102052 0.029903
v -0.037666 -0.102052 0.029903
v -0.037658 0.022201 -0.035830
v -0.037658 0.022201 -0.035830
v -0.037658 0.022201 -0.035830
v -0.037658 0.022201 -0.035830
v -0.037658 0.022201 -0.035830
v -0.037648 0.021436 0.035640
v -0.037648 0.021436 0.035640
v -0.037648 0.021436 0.035640
v -0.037648 0.021436 0.035640
v -0.037645 0.018618 -0.036039
v -0.037645 0.018618 -0.036039
v -0.037645 0.018618 -0.036039
v -0.037645 0.018618 -0.036039
v -0.037645 0.018618 -0.036039
v -0.037645 0.018618 -0.036039
v -0.037641 0.023421 0.034701
v -0.037641 0.023421 0.034701
v -0.037641 0.023421 0.034701
v -0.037641 0.023421 0.034701
v -0.037641 0.023421 0.034701
v -0.037641 0.023421 0.034701
v -0.037630 0.018812 -0.040358
v -0.037630 0.018812 -0.040358
v -0.037630 0.018812 -0.040358
v -0.037630 0.018812 -0.040358
v -0.037630 0.018812 -0.040358
v -0.037630 0.018812 -0.040358
v -0.037629 0.021576 -0.039761
v -0.037629 0.021576 -0.039761
v -0.037629 0.021576 -0.039761
v -0.037629 0.021576 -0.039761
v -0.037629 0.021576 -0.039761
v -0.037622 0.018196 -0.036690
v -0.037622 0.018196 -0.036690
v -0.037622 0.018196 -0.036690
v -0.037622 0.018196 -0.036690
v -0.037622 0.018196 -0.036690
v -0.037622 0.018196 -0.036690
v -0.037622 0.018196 -0.036690
v -0.037608 0.022150 -0.035535
v -0.037608 0.022150 -0.035535
v -0.037608 0.022150 -0.035535
v -0.037608 0.022150 -0.035535
v -0.037608 0.022150 -0.035535
v -0.037608 0.022150 -0.035535
v -0.037603 0.019854 -0.041394
v -0.037603 0.019854 -0.041394
v -0.037603 0.019854 -0.041394
v -0.037603 0.019854 -0.041394
v -0.037603 0.019854 -0.041394
v -0.037596 0.021698 0.035283
v -0.037596 0.021698 0.035283
v -0.037596 0.021698 0.035283
v -0.037596 0.021698 0.035283
v -0.037596 0.021698 0.035283
v -0.037596 0.021698 0.035283
v -0.037573 0.025203 -0.033701
v -0.037573 0.025203 -0.033701
v -0.037573 0.025203 -0.033701
v -0.037573 0.025203 -0.033701
v -0.037573 0.025203 -0.033701
v -0.037566 0.020636 -0.034847
v -0.037566 0.020636 -0.034847
v -0.037566 0.020636 -0.034847
v -0.037566 0.020636 -0.034847
v -0.037566 0.020636 -0.034847
v -0.037566 0.020636 -0.034847
v -0.037566 0.020636 -0.034847
v -0.037566 0.020636 -0.034847
v -0.037565 0.017918 -0.037538
v -0.037565 0.017918 -0.037538
v -0.037565 0.017918 -0.037538
v -0.037565 0.017918 -0.037538
v -0.037565 0.017918 -0.037538
v -0.037565 0.017918 -0.037538
v -0.037562 0.021400 -0.040880
v -0.037562 0.021400 -0.040880
v -0.037562 0.021400 -0.040880
v -0.037562 0.021400 -0.040880
v -0.037562 0.021400 -0.040880
v -0.037561 0.024509 0.035417
v -0.037561 0.024509 0.035417
v -0.037561 0.024509 0.035417
v -0.037561 0.024509 0.035417
v -0.037561 0.024509 0.035417
v -0.037561 0.024509 0.035417
v -0.037556 0.021000 0.036472
v -0.037556 0.021000 0.036472
v -0.037556 0.021000 0.036472
v -0.037556 0.021000 0.036472
v -0.037556 0.021000 0.036472
v -0.037548 0.022132 -0.038004
v -0.037548 0.022132 -0.038004
v -0.037548 0.022132 -0.038004
v -0.037548 0.022132 -0.038004
v -0.037548 0.022132 -0.038004
v -0.037548 0.022132 -0.038004
v -0.037545 0.019229 -0.040568
v -0.037545 0.019229 -0.040568
v -0.037545 0.019229 -0.040568
v -0.037545 0.019229 -0.040568
v -0.037545 0.019229 -0.040568
v -0.037541 0.021768 -0.035007
v -0.037541 0.021768 -0.035007
v -0.037541 0.021768 -0.035007
v -0.037541 0.021768 -0.035007
v -0.037541 0.021768 -0.035007
v -0.037541 0.021768 -0.035007
v -0.037541 0.021768 -0.035007
v -0.037535 0.023840 0.034728
v -0.037535 0.023840 0.034728
v -0.037535 0.023840 0.034728
v -0.037535 0.023840 0.034728
v -0.037535 0.023840 0.034728
v -0.037535 0.023840 0.034728
v -0.037528 0.020875 0.037436
v -0.037528 0.020875 0.037436
v -0.037528 0.020875 0.037436
v -0.037528 0.020875 0.037436
v -0.037528 0.020875 0.037436
v -0.037528 0.020875 0.037436
v -0.037504 0.019479 -0.040633
v -0.037504 0.019479 -0.040633
v -0.037504 0.019479 -0.040633
v -0.037504 0.019479 -0.040633
v -0.037504 0.019479 -0.040633
v -0.037504 0.019479 -0.040633
v -0.037496 0.020759 -0.041212
v -0.037496 0.020759 -0.041212
v -0.037496 0.020759 -0.041212
v -0.037496 0.020759 -0.041212
v -0.037496 0.020759 -0.041212
v -0.037496 0.020759 -0.041212
v -0.037496 0.020759 -0.041212
v -0.037491 0.021299 -0.040029
v -0.037491 0.021299 -0.040029
v -0.037491 0.021299 -0.040029
v -0.037491 0.021299 -0.040029
v -0.037491 0.021299 -0.040029
v -0.037491 0.021299 -0.040029
v -0.037484 0.022139 -0.035183
v -0.037484 0.022139 -0.035183
v -0.037484 0.022139 -0.035183
v -0.037484 0.022139 -0.035183
v -0.037484 0.022139 -0.035183
v -0.037481 0.026546 0.037415
v -0.037481 0.026546 0.037415
v -0.037481 0.026546 0.037415
v -0.037481 0.026546 0.037415
v -0.037481 0.026546 0.037415
v -0.037481 0.026546 0.037415
v -0.037477 0.020022 -0.034937
v -0.037477 0.020022 -0.034937
v -0.037477 0.020022 -0.034937
v -0.037477 0.020022 -0.034937
v -0.037477 0.020022 -0.034937
v -0.037477 0.020022 -0.034937
v -0.037444 0.018096 -0.036905
v -0.037444 0.018096 -0.036905
v -0.037444 0.018096 -0.036905
v -0.037444 0.018096 -0.036905
v -0.037444 0.018096 -0.036905
v -0.037444 0.024807 0.035895
v -0.037444 0.024807 0.035895
v -0.037444 0.024807 0.035895
v -0.037444 0.024807 0.035895
v -0.037444 0.024807 0.035895
v -0.037444 0.024807 0.035895
v -0.037444 0.024807 0.035895
v -0.037442 0.021006 0.038232
v -0.037442 0.021006 0.038232
v -0.037442 0.021006 0.038232
v -0.037442 0.021006 0.038232
v -0.037442 0.021006 0.038232
v -0.037442 0.021006 0.038232
v -0.037442 0.021006 0.038232
v -0.037442 0.022278 -0.037541
v -0.037442 0.022278 -0.037541
v -0.037442 0.022278 -0.037541
v -0.037442 0.022278 -0.037541
v -0.037442 0.022278 -0.037541
v -0.037442 0.022278 -0.037541
v -0.037441 0.022475 -0.036660
v -0.037441 0.022475 -0.036660
v -0.037441 0.022475 -0.036660
v -0.037441 0.022475 -0.036660
v -0.037441 0.022475 -0.036660
v -0.037440 0.021861 -0.038900
v -0.037440 0.021861 -0.038900
v -0.037440 0.021861 -0.038900
v -0.037440 0.021861 -0.038900
v -0.037440 0.021861 -0.038900
v -0.037440 0.021861 -0.038900
v -0.037438 0.024205 0.034852
v -0.037438 0.024205 0.034852
v -0.037438 0.024205 0.034852
v -0.037438 0.024205 0.034852
v -0.037430 0.022401 -0.037065
v -0.037430 0.022401 -0.037065
v -0.037430 0.022401 -0.037065
v -0.037430 0.022401 -0.037065
v -0.037430 0.022401 -0.037065
v -0.037427 0.020045 -0.040652
v -0.037427 0.020045 -0.040652
v -0.037427 0.020045 -0.040652
v -0.037427 0.020045 -0.040652
v -0.037427 0.020045 -0.040652
v -0.037427 0.020045 -0.040652
v -0.037427 0.020045 -0.040652
v -0.037427 0.020045 -0.040652
v -0.037424 0.017965 -0.038711
v -0.037424 0.017965 -0.038711
v -0.037424 0.017965 -0.038711
v -0.037424 0.017965 -0.038711
v -0.037424 0.017965 -0.038711
v -0.037424 0.017965 -0.038711
v -0.037399 0.022462 0.034588
v -0.037399 0.022462 0.034588
v -0.037399 0.022462 0.034588
v -0.037399 0.022462 0.034588
v -0.037399 0.022462 0.034588
v -0.037399 0.022462 0.034588
v -0.037399 0.022462 0.034588
v -0.037388 0.020856 -0.040338
v -0.037388 0.020856 -0.040338
v -0.037388 0.020856 -0.040338
v -0.037388 0.020856 -0.040338
v -0.037388 0.020856 -0.040338
v -0.037388 0.020856 -0.040338
v -0.037388 0.020856 -0.040338
v -0.037382 0.021948 0.034888
v -0.037382 0.021948 0.034888
v -0.037382 0.021948 0.034888
v -0.037382 0.021948 0.034888
v -0.037382 0.021948 0.034888
v -0.037380 0.020435 -0.040532
v -0.037380 0.020435 -0.040532
v -0.037380 0.020435 -0.040532
v -0.037380 0.020435 -0.040532
v -0.037380 0.020435 -0.040532
v -0.037380 0.022585 -0.035775
v -0.037380 0.022585 -0.035775
v -0.037380 0.022585 -0.035775
v -0.037380 0.022585 -0.035775
v -0.037380 0.022585 -0.035775
v -0.037380 0.022585 -0.035775
v -0.037364 0.025203 -0.036775
v -0.037364 0.025203 -0.036775
v -0.037364 0.025203 -0.036775
v -0.037364 0.025203 -0.036775
v -0.037364 0.025203 -0.036775
v -0.037364 0.025203 -0.036775
v -0.037364 0.025203 -0.036775
v -0.037318 0.018446 -0.039688
v -0.037318 0.018446 -0.039688
v -0.037318 0.018446 -0.039688
v -0.037318 0.018446 -0.039688
v -0.037318 0.018446 -0.039688
v -0.037318 0.018446 -0.039688
v -0.037315 0.024786 0.035595
v -0.037315 0.024786 0.035595
v -0.037315 0.024786 0.035595
v -0.037315 0.024786 0.035595
v -0.037315 0.024786 0.035595
v -0.037315 0.024786 0.035595
v -0.037307 0.022671 -0.036212
v -0.037307 0.022671 -0.036212
v -0.037307 0.022671 -0.036212
v -0.037307 0.022671 -0.036212
v -0.037307 0.022671 -0.036212
v -0.037307 0.022671 -0.036212
v -0.037307 0.022671 -0.036212
v -0.037278 0.021561 -0.039390
v -0.037278 0.021561 -0.039390
v -0.037278 0.021561 -0.039390
v -0.037278 0.021561 -0.039390
v -0.037278 0.021561 -0.039390
v -0.037278 0.021561 -0.039390
v -0.037278 0.021561 -0.039390
v -0.037233 0.024575 0.034964
v -0.037233 0.024575 0.034964
v -0.037233 0.024575 0.034964
v -0.037233 0.024575 0.034964
v -0.037233 0.024575 0.034964
v -0.037233 0.024575 0.034964
v -0.037233 0.024575 0.034964
v -0.037233 0.024575 0.034964
v -0.037233 0.024936 0.035976
v -0.037233 0.024936 0.035976
v -0.037233 0.024936 0.035976
v -0.037233 0.024936 0.035976
v -0.037233 0.024936 0.035976
v -0.037233 0.024936 0.035976
v -0.037204 0.022083 -0.038242
v -0.037204 0.022083 -0.038242
v -0.037204 0.022083 -0.038242
v -0.037204 0.022083 -0.038242
v -0.037204 0.022083 -0.038242
v -0.037204 0.022083 -0.038242
v -0.037198 -0.090617 0.027292
v -0.037198 -0.090617 0.027292
v -0.037198 -0.090617 0.027292
v -0.037198 -0.090617 0.027292
v -0.037198 -0.090617 0.027292
v -0.037198 -0.090617 0.027292
v -0.037198 -0.090617 0.027292
v -0.037198 -0.090617 0.027292
v -0.037198 -0.090617 0.027292
v -0.037198 -0.090617 0.027292
v -0.037198 -0.090617 0.027292
v -0.037198 -0.079180 0.027292
v -0.037198 -0.079180 0.027292
v -0.037198 -0.079180 0.027292
v -0.037198 -0.079180 0.027292
v -0.037198 -0.079180 0.027292
v -0.037198 -0.067742 0.027292
v -0.037198 -0.067742 0.027292
v -0.037198 -0.056305 0.027292
v -0.037198 -0.056305 0.027292
v -0.037198 -0.056305 0.027292
v -0.037198 -0.056305 0.027292
v -0.037198 -0.044867 0.027292
v -0.037198 -0.044867 0.027292
v -0.037198 -0.044867 0.027292
v -0.037198 -0.033430 0.027292
v -0.037198 -0.033430 0.027292
v -0.037198 -0.021992 0.027292
v -0.037198 -0.021992 0.027292
v -0.037198 -0.021992 0.027292
v -0.037198 -0.021992 0.027292
v -0.037198 -0.021992 0.027292
v -0.037198 -0.010555 0.027292
v -0.037198 -0.010555 0.027292
v -0.037198 -0.010555 0.027292
v -0.037198 -0.010555 0.027292
v -0.037198 0.000883 0.027292
v -0.037198 0.000883 0.027292
v -0.037198 0.000883 0.027292
v -0.037198 0.000883 0.027292
v -0.037198 0.000883 0.027292
v -0.037198 0.000883 0.027292
v -0.037198 0.000883 0.027292
v -0.037198 0.000883 0.027292
v -0.037198 0.024291 -0.035149
v -0.037198 0.024291 -0.035149
v -0.037198 0.024291 -0.035149
v -0.037198 0.024291 -0.035149
v -0.037198 0.024291 -0.035149
v -0.037191 0.022651 -0.036737
v -0.037191 0.022651 -0.036737
v -0.037191 0.022651 -0.036737
v -0.037191 0.022651 -0.036737
v -0.037191 0.022651 -0.036737
v -0.037191 0.022651 -0.036737
v -0.037188 0.022864 -0.035831
v -0.037188 0.022864 -0.035831
v -0.037188 0.022864 -0.035831
v -0.037188 0.022864 -0.035831
v -0.037188 0.022864 -0.035831
v -0.037187 0.025203 -0.032984
v -0.037187 0.025203 -0.032984
v -0.037187 0.025203 -0.032984
v -0.037187 0.025203 -0.032984
v -0.037187 0.025203 -0.032984
v -0.037187 0.025203 -0.032984
v -0.037154 0.024291 -0.035960
v -0.037154 0.024291 -0.035960
v -0.037154 0.024291 -0.035960
v -0.037154 0.024291 -0.035960
v -0.037154 0.024291 -0.035960
v -0.037147 0.021029 0.036055
v -0.037147 0.021029 0.036055
v -0.037147 0.021029 0.036055
v -0.037147 0.021029 0.036055
v -0.037147 0.021029 0.036055
v -0.037147 0.021029 0.036055
v -0.037136 0.024442 -0.034324
v -0.037136 0.024442 -0.034324
v -0.037136 0.024442 -0.034324
v -0.037136 0.024442 -0.034324
v -0.037136 0.024442 -0.034324
v -0.037132 0.021959 -0.038517
v -0.037132 0.021959 -0.038517
v -0.037132 0.021959 -0.038517
v -0.037132 0.021959 -0.038517
v -0.037132 0.021959 -0.038517
v -0.037128 0.022947 -0.035251
v -0.037128 0.022947 -0.035251
v -0.037128 0.022947 -0.035251
v -0.037128 0.022947 -0.035251
v -0.037128 0.022947 -0.035251
v -0.037128 0.022947 -0.035251
v -0.037128 0.022947 -0.035251
v -0.037122 0.024257 -0.034802
v -0.037122 0.024257 -0.034802
v -0.037122 0.024257 -0.034802
v -0.037122 0.024257 -0.034802
v -0.037100 0.022423 -0.037469
v -0.037100 0.022423 -0.037469
v -0.037100 0.022423 -0.037469
v -0.037100 0.022423 -0.037469
v -0.037100 0.022423 -0.037469
v -0.037100 0.022423 -0.037469
v -0.037092 0.018993 -0.035428
v -0.037092 0.018993 -0.035428
v -0.037092 0.018993 -0.035428
v -0.037092 0.018993 -0.035428
v -0.037092 0.018993 -0.035428
v -0.037092 0.018993 -0.035428
v -0.037089 0.024341 -0.036271
v -0.037089 0.024341 -0.036271
v -0.037089 0.024341 -0.036271
v -0.037089 0.024341 -0.036271
v -0.037089 0.024341 -0.036271
v -0.037089 0.024341 -0.036271
v -0.037086 0.021254 -0.039639
v -0.037086 0.021254 -0.039639
v -0.037086 0.021254 -0.039639
v -0.037086 0.021254 -0.039639
v -0.037086 0.021254 -0.039639
v -0.037075 0.017963 -0.037845
v -0.037075 0.017963 -0.037845
v -0.037075 0.017963 -0.037845
v -0.037075 0.017963 -0.037845
v -0.037075 0.017963 -0.037845
v -0.037075 0.017963 -0.037845
v -0.037075 0.017963 -0.037845
v -0.037075 0.017963 -0.037845
v -0.037062 0.018250 -0.039089
v -0.037062 0.018250 -0.039089
v -0.037062 0.018250 -0.039089
v -0.037062 0.018250 -0.039089
v -0.037062 0.018250 -0.039089
v -0.037062 0.018250 -0.039089
v -0.037062 0.022822 -0.034760
v -0.037062 0.022822 -0.034760
v -0.037062 0.022822 -0.034760
v -0.037062 0.022822 -0.034760
v -0.037062 0.022822 -0.034760
v -0.037062 0.022822 -0.034760
v -0.037062 0.022822 -0.034760
v -0.037061 0.025021 0.036054
v -0.037061 0.025021 0.036054
v -0.037061 0.025021 0.036054
v -0.037061 0.025021 0.036054
v -0.037061 0.025021 0.036054
v -0.037052 0.022444 -0.034497
v -0.037052 0.022444 -0.034497
v -0.037052 0.022444 -0.034497
v -0.037052 0.022444 -0.034497
v -0.037048 0.019861 -0.034756
v -0.037048 0.019861 -0.034756
v -0.037048 0.019861 -0.034756
v -0.037048 0.019861 -0.034756
v -0.037048 0.019861 -0.034756
v -0.037048 0.019861 -0.034756
v -0.037038 0.018516 -0.036011
v -0.037038 0.018516 -0.036011
v -0.037038 0.018516 -0.036011
v -0.037038 0.018516 -0.036011
v -0.037038 0.018516 -0.036011
v -0.037038 0.018516 -0.036011
v -0.037023 0.026472 0.037903
v -0.037023 0.026472 0.037903
v -0.037023 0.026472 0.037903
v -0.037023 0.026472 0.037903
v -0.037023 0.026472 0.037903
v -0.037023 0.026472 0.037903
v -0.037008 0.020896 0.037565
v -0.037008 0.020896 0.037565
v -0.037008 0.020896 0.037565
v -0.037008 0.020896 0.037565
v -0.037008 0.020896 0.037565
v -0.037004 0.023080 -0.036042
v -0.037004 0.023080 -0.036042
v -0.037004 0.023080 -0.036042
v -0.037004 0.023080 -0.036042
v -0.037004 0.023080 -0.036042
v -0.037004 0.023080 -0.036042
v -0.036990 0.020878 0.036640
v -0.036990 0.020878 0.036640
v -0.036990 0.020878 0.036640
v -0.036990 0.020878 0.036640
v -0.036990 0.020878 0.036640
v -0.036990 0.020878 0.036640
v -0.036990 0.020878 0.036640
v -0.036987 0.025203 -0.037240
v -0.036987 0.025203 -0.037240
v -0.036987 0.025203 -0.037240
v -0.036987 0.025203 -0.037240
v -0.036987 0.025203 -0.037240
v -0.036963 0.021681 -0.038956
v -0.036963 0.021681 -0.038956
v -0.036963 0.021681 -0.038956
v -0.036963 0.021681 -0.038956
v -0.036963 0.021681 -0.038956
v -0.036962 0.025035 0.035714
v -0.036962 0.025035 0.035714
v -0.036962 0.025035 0.035714
v -0.036962 0.025035 0.035714
v -0.036962 0.025035 0.035714
v -0.036962 0.025035 0.035714
v -0.036962 0.025035 0.035714
v -0.036950 0.022096 -0.034259
v -0.036950 0.022096 -0.034259
v -0.036950 0.022096 -0.034259
v -0.036950 0.022096 -0.034259
v -0.036950 0.022096 -0.034259
v -0.036950 0.022096 -0.034259
v -0.036950 0.022096 -0.034259
v -0.036950 0.022096 -0.034259
v -0.036950 0.022096 -0.034259
v -0.036944 0.022937 -0.036529
v -0.036944 0.022937 -0.036529
v -0.036944 0.022937 -0.036529
v -0.036944 0.022937 -0.036529
v -0.036944 0.022937 -0.036529
v -0.036944 0.022937 -0.036529
v -0.036943 0.023319 -0.035618
v -0.036943 0.023319 -0.035618
v -0.036943 0.023319 -0.035618
v -0.036943 0.023319 -0.035618
v -0.036943 0.023319 -0.035618
v -0.036943 0.023319 -0.035618
v -0.036943 0.023319 -0.035618
v -0.036941 0.018092 -0.037013
v -0.036941 0.018092 -0.037013
v -0.036941 0.018092 -0.037013
v -0.036941 0.018092 -0.037013
v -0.036941 0.018092 -0.037013
v -0.036941 0.018092 -0.037013
v -0.036936 0.020684 -0.039954
v -0.036936 0.020684 -0.039954
v -0.036936 0.020684 -0.039954
v -0.036936 0.020684 -0.039954
v -0.036936 0.020684 -0.039954
v -0.036936 0.021112 0.040163
v -0.036936 0.021112 0.040163
v -0.036936 0.021112 0.040163
v -0.036936 0.021112 0.040163
v -0.036936 0.021112 0.040163
v -0.036933 0.019482 -0.034948
v -0.036933 0.019482 -0.034948
v -0.036933 0.019482 -0.034948
v -0.036933 0.019482 -0.034948
v -0.036933 0.019482 -0.034948
v -0.036933 0.019482 -0.034948
v -0.036930 0.024955 0.035149
v -0.036930 0.024955 0.035149
v -0.036930 0.024955 0.035149
v -0.036930 0.024955 0.035149
v -0.036930 0.024955 0.035149
v -0.036930 0.024955 0.035149
v -0.036929 0.024253 -0.036509
v -0.036929 0.024253 -0.036509
v -0.036929 0.024253 -0.036509
v -0.036897 0.021308 0.038631
v -0.036897 0.021308 0.038631
v -0.036897 0.021308 0.038631
v -0.036897 0.021308 0.038631
v -0.036897 0.021308 0.038631
v -0.036897 0.021308 0.038631
v -0.036897 0.021308 0.038631
v -0.036897 0.021449 0.035095
v -0.036897 0.021449 0.035095
v -0.036897 0.021449 0.035095
v -0.036897 0.021449 0.035095
v -0.036897 0.021449 0.035095
v -0.036897 0.021449 0.035095
v -0.036897 0.021449 0.035095
v -0.036897 0.021449 0.035095
v -0.036892 0.023453 -0.034913
v -0.036892 0.023453 -0.034913
v -0.036892 0.023453 -0.034913
v -0.036892 0.023453 -0.034913
v -0.036892 0.023453 -0.034913
v -0.036892 0.023453 -0.034913
v -0.036892 0.024339 -0.033972
v -0.036892 0.024339 -0.033972
v -0.036892 0.024339 -0.033972
v -0.036892 0.024339 -0.033972
v -0.036892 0.024339 -0.033972
v -0.036892 0.024339 -0.033972
v -0.036891 0.020782 -0.034296
v -0.036891 0.020782 -0.034296
v -0.036891 0.020782 -0.034296
v -0.036891 0.020782 -0.034296
v -0.036891 0.020782 -0.034296
v -0.036881 0.024057 0.033996
v -0.036881 0.024057 0.033996
v -0.036881 0.024057 0.033996
v -0.036881 0.024057 0.033996
v -0.036881 0.024057 0.033996
v -0.036881 0.024057 0.033996
v -0.036868 0.022686 -0.037136
v -0.036868 0.022686 -0.037136
v -0.036868 0.022686 -0.037136
v -0.036868 0.022686 -0.037136
v -0.036868 0.022686 -0.037136
v -0.036868 0.022686 -0.037136
v -0.036865 0.018935 -0.039741
v -0.036865 0.018935 -0.039741
v -0.036865 0.018935 -0.039741
v -0.036865 0.018935 -0.039741
v -0.036865 0.018935 -0.039741
v -0.036865 0.018935 -0.039741
v -0.036858 0.018064 -0.038193
v -0.036858 0.018064 -0.038193
v -0.036858 0.018064 -0.038193
v -0.036858 0.018064 -0.038193
v -0.036858 0.018064 -0.038193
v -0.036847 0.025111 0.036173
v -0.036847 0.025111 0.036173
v -0.036847 0.025111 0.036173
v -0.036847 0.025111 0.036173
v -0.036847 0.025111 0.036173
v -0.036843 0.022305 -0.037847
v -0.036843 0.022305 -0.037847
v -0.036843 0.022305 -0.037847
v -0.036843 0.022305 -0.037847
v -0.036843 0.022305 -0.037847
v -0.036843 0.022305 -0.037847
v -0.036843 0.022305 -0.037847
v -0.036824 0.023138 0.033894
v -0.036824 0.023138 0.033894
v -0.036824 0.023138 0.033894
v -0.036824 0.023138 0.033894
v -0.036807 0.019682 -0.040008
v -0.036807 0.019682 -0.040008
v -0.036807 0.019682 -0.040008
v -0.036807 0.019682 -0.040008
v -0.036807 0.019682 -0.040008
v -0.036807 0.019682 -0.040008
v -0.036805 0.023750 -0.035025
v -0.036805 0.023750 -0.035025
v -0.036805 0.023750 -0.035025
v -0.036805 0.023750 -0.035025
v -0.036805 0.023750 -0.035025
v -0.036805 0.023750 -0.035025
v -0.036800 0.018559 -0.039300
v -0.036800 0.018559 -0.039300
v -0.036800 0.018559 -0.039300
v -0.036800 0.018559 -0.039300
v -0.036800 0.018559 -0.039300
v -0.036798 0.023638 -0.035536
v -0.036798 0.023638 -0.035536
v -0.036798 0.023638 -0.035536
v -0.036798 0.023638 -0.035536
v -0.036798 0.023638 -0.035536
v -0.036798 0.023638 -0.035536
v -0.036788 0.022297 0.034223
v -0.036788 0.022297 0.034223
v -0.036788 0.022297 0.034223
v -0.036788 0.022297 0.034223
v -0.036788 0.022297 0.034223
v -0.036788 0.022297 0.034223
v -0.036775 0.024457 0.034045
v -0.036775 0.024457 0.034045
v -0.036775 0.024457 0.034045
v -0.036775 0.024457 0.034045
v -0.036775 0.024457 0.034045
v -0.036775 0.024457 0.034045
v -0.036755 0.024903 0.034498
v -0.036755 0.024903 0.034498
v -0.036755 0.024903 0.034498
v -0.036755 0.024903 0.034498
v -0.036748 0.023832 -0.034639
v -0.036748 0.023832 -0.034639
v -0.036748 0.023832 -0.034639
v -0.036748 0.023832 -0.034639
v -0.036748 0.023832 -0.034639
v -0.036748 0.023832 -0.034639
v -0.036739 0.018215 -0.038571
v -0.036739 0.018215 -0.038571
v -0.036739 0.018215 -0.038571
v -0.036739 0.018215 -0.038571
v -0.036739 0.018215 -0.038571
v -0.036739 0.018215 -0.038571
v -0.036729 0.023319 -0.034231
v -0.036729 0.023319 -0.034231
v -0.036729 0.023319 -0.034231
v -0.036729 0.023319 -0.034231
v -0.036729 0.023319 -0.034231
v -0.036728 0.021907 0.034489
v -0.036728 0.021907 0.034489
v -0.036728 0.021907 0.034489
v -0.036728 0.021907 0.034489
v -0.036728 0.021907 0.034489
v -0.036728 0.021907 0.034489
v -0.036722 0.021000 0.037800
v -0.036722 0.021000 0.037800
v -0.036722 0.021000 0.037800
v -0.036722 0.021000 0.037800
v -0.036722 0.021000 0.037800
v -0.036722 0.021000 0.037800
v -0.036719 0.023538 -0.035959
v -0.036719 0.023538 -0.035959
v -0.036719 0.023538 -0.035959
v -0.036719 0.023538 -0.035959
v -0.036719 0.023538 -0.035959
v -0.036719 0.023538 -0.035959
v -0.036699 0.020870 0.036878
v -0.036699 0.020870 0.036878
v -0.036699 0.020870 0.036878
v -0.036699 0.020870 0.036878
v -0.036699 0.020870 0.036878
v -0.036687 0.021817 -0.038611
v -0.036687 0.021817 -0.038611
v -0.036687 0.021817 -0.038611
v -0.036687 0.021817 -0.038611
v -0.036687 0.021817 -0.038611
v -0.036687 0.021817 -0.038611
v -0.036679 0.021109 -0.039393
v -0.036679 0.021109 -0.039393
v -0.036679 0.021109 -0.039393
v -0.036679 0.021109 -0.039393
v -0.036679 0.021109 -0.039393
v -0.036679 0.021109 -0.039393
v -0.036674 0.023879 -0.034375
v -0.036674 0.023879 -0.034375
v -0.036674 0.023879 -0.034375
v -0.036674 0.023879 -0.034375
v -0.036674 0.023879 -0.034375
v -0.036674 0.023879 -0.034375
v -0.036674 0.023879 -0.034375
v -0.036670 0.025186 0.035298
v -0.036670 0.025186 0.035298
v -0.036670 0.025186 0.035298
v -0.036670 0.025186 0.035298
v -0.036670 0.025186 0.035298
v -0.036670 0.025186 0.035298
v -0.036653 0.021840 -0.033934
v -0.036653 0.021840 -0.033934
v -0.036653 0.021840 -0.033934
v -0.036653 0.021840 -0.033934
v -0.036653 0.021840 -0.033934
v -0.036653 0.021840 -0.033934
v -0.036653 0.021840 -0.033934
v -0.036637 0.018136 -0.037142
v -0.036637 0.018136 -0.037142
v -0.036637 0.018136 -0.037142
v -0.036637 0.018136 -0.037142
v -0.036631 0.018356 -0.036336
v -0.036631 0.018356 -0.036336
v -0.036631 0.018356 -0.036336
v -0.036631 0.018356 -0.036336
v -0.036631 0.018356 -0.036336
v -0.036631 0.018356 -0.036336
v -0.036631 0.018356 -0.036336
v -0.036631 0.023065 -0.036759
v -0.036631 0.023065 -0.036759
v -0.036631 0.023065 -0.036759
v -0.036631 0.023065 -0.036759
v -0.036631 0.023065 -0.036759
v -0.036631 0.023065 -0.036759
v -0.036631 0.023065 -0.036759
v -0.036631 0.025203 -0.032398
v -0.036631 0.025203 -0.032398
v -0.036631 0.025203 -0.032398
v -0.036631 0.025203 -0.032398
v -0.036631 0.025203 -0.032398
v -0.036622 0.020426 -0.039754
v -0.036622 0.020426 -0.039754
v -0.036622 0.020426 -0.039754
v -0.036622 0.020426 -0.039754
v -0.036622 0.020426 -0.039754
v -0.036622 0.025166 0.034759
v -0.036622 0.025166 0.034759
v -0.036622 0.025166 0.034759
v -0.036622 0.025166 0.034759
v -0.036622 0.025166 0.034759
v -0.036622 0.025166 0.034759
v -0.036608 0.025171 0.036339
v -0.036608 0.025171 0.036339
v -0.036608 0.025171 0.036339
v -0.036608 0.025171 0.036339
v -0.036608 0.025171 0.036339
v -0.036608 0.026240 0.038412
v -0.036608 0.026240 0.038412
v -0.036608 0.026240 0.038412
v -0.036608 0.026240 0.038412
v -0.036608 0.026240 0.038412
v -0.036608 0.026240 0.038412
v -0.036608 0.026240 0.038412
v -0.036601 0.021403 -0.039055
v -0.036601 0.021403 -0.039055
v -0.036601 0.021403 -0.039055
v -0.036601 0.021403 -0.039055
v -0.036601 0.021403 -0.039055
v -0.036601 0.021403 -0.039055
v -0.036601 0.021403 -0.039055
v -0.036595 0.024898 0.034111
v -0.036595 0.024898 0.034111
v -0.036595 0.024898 0.034111
v -0.036595 0.024898 0.034111
v -0.036595 0.024898 0.034111
v -0.036595 0.024898 0.034111
v -0.036587 0.018968 -0.035341
v -0.036587 0.018968 -0.035341
v -0.036587 0.018968 -0.035341
v -0.036587 0.018968 -0.035341
v -0.036587 0.018968 -0.035341
v -0.036587 0.018968 -0.035341
v -0.036587 0.018968 -0.035341
v -0.036587 0.022138 -0.038119
v -0.036587 0.022138 -0.038119
v -0.036587 0.022138 -0.038119
v -0.036587 0.022138 -0.038119
v -0.036587 0.022138 -0.038119
v -0.036587 0.022138 -0.038119
v -0.036587 0.022138 -0.038119
v -0.036580 0.020605 -0.034178
v -0.036580 0.020605 -0.034178
v -0.036580 0.020605 -0.034178
v -0.036580 0.020605 -0.034178
v -0.036580 0.020605 -0.034178
v -0.036580 0.020605 -0.034178
v -0.036567 0.019298 -0.039651
v -0.036567 0.019298 -0.039651
v -0.036567 0.019298 -0.039651
v -0.036567 0.019298 -0.039651
v -0.036567 0.019298 -0.039651
v -0.036567 0.019298 -0.039651
v -0.036567 0.019298 -0.039651
v -0.036565 0.023479 -0.036330
v -0.036565 0.023479 -0.036330
v -0.036565 0.023479 -0.036330
v -0.036565 0.023479 -0.036330
v -0.036565 0.023479 -0.036330
v -0.036565 0.023479 -0.036330
v -0.036565 0.023479 -0.036330
v -0.036565 0.023479 -0.036330
v -0.036554 0.022627 -0.037437
v -0.036554 0.022627 -0.037437
v -0.036554 0.022627 -0.037437
v -0.036554 0.022627 -0.037437
v -0.036554 0.022627 -0.037437
v -0.036554 0.022627 -0.037437
v -0.036544 0.025203 -0.037594
v -0.036544 0.025203 -0.037594
v -0.036544 0.025203 -0.037594
v -0.036544 0.025203 -0.037594
v -0.036544 0.025203 -0.037594
v -0.036544 0.025203 -0.037594
v -0.036516 0.023962 -0.033968
v -0.036516 0.023962 -0.033968
v -0.036516 0.023962 -0.033968
v -0.036516 0.023962 -0.033968
v -0.036516 0.023962 -0.033968
v -0.036516 0.023962 -0.033968
v -0.036511 0.028320 0.033227
v -0.036511 0.028320 0.033227
v -0.036511 0.028320 0.033227
v -0.036511 0.028320 0.033227
v -0.036511 0.028320 0.033227
v -0.036511 0.028320 0.033227
v -0.036508 0.021249 0.035261
v -0.036508 0.021249 0.035261
v -0.036508 0.021249 0.035261
v -0.036508 0.021249 0.035261
v -0.036508 0.021249 0.035261
v -0.036504 0.025262 0.035897
v -0.036504 0.025262 0.035897
v -0.036504 0.025262 0.035897
v -0.036504 0.025262 0.035897
v -0.036504 0.025262 0.035897
v -0.036504 0.025262 0.035897
v -0.036504 0.025262 0.035897
v -0.036504 0.025262 0.035897
v -0.036504 0.025262 0.035897
v -0.036502 0.028320 0.033859
v -0.036502 0.028320 0.033859
v -0.036502 0.028320 0.033859
v -0.036502 0.028320 0.033859
v -0.036502 0.028320 0.033859
v -0.036502 0.028320 0.033859
v -0.036494 0.018646 -0.035800
v -0.036494 0.018646 -0.035800
v -0.036494 0.018646 -0.035800
v -0.036494 0.018646 -0.035800
v -0.036494 0.018646 -0.035800
v -0.036491 0.021223 0.038160
v -0.036491 0.021223 0.038160
v -0.036491 0.021223 0.038160
v -0.036491 0.021223 0.038160
v -0.036491 0.021223 0.038160
v -0.036488 0.025724 0.037485
v -0.036488 0.025724 0.037485
v -0.036488 0.025724 0.037485
v -0.036488 0.025724 0.037485
v -0.036478 0.021732 0.038841
v -0.036478 0.021732 0.038841
v -0.036478 0.021732 0.038841
v -0.036478 0.021732 0.038841
v -0.036478 0.021732 0.038841
v -0.036478 0.021732 0.038841
v -0.036476 0.019364 -0.034926
v -0.036476 0.019364 -0.034926
v -0.036476 0.019364 -0.034926
v -0.036476 0.019364 -0.034926
v -0.036476 0.019364 -0.034926
v -0.036470 0.022969 0.033660
v -0.036470 0.022969 0.033660
v -0.036470 0.022969 0.033660
v -0.036470 0.022969 0.033660
v -0.036470 0.022969 0.033660
v -0.036470 0.022969 0.033660
v -0.036470 0.022969 0.033660
v -0.036445 0.021781 0.040383
v -0.036445 0.021781 0.040383
v -0.036445 0.021781 0.040383
v -0.036445 0.021781 0.040383
v -0.036445 0.021781 0.040383
v -0.036434 0.025349 0.035537
v -0.036434 0.025349 0.035537
v -0.036434 0.025349 0.035537
v -0.036434 0.025349 0.035537
v -0.036426 0.011748 0.044207
v -0.036426 0.011748 0.044207
v -0.036426 0.011748 0.044207
v -0.036426 0.011748 0.044207
v -0.036426 0.011748 0.044207
v -0.036425 0.025176 0.036502
v -0.036425 0.025176 0.036502
v -0.036425 0.025176 0.036502
v -0.036425 0.025176 0.036502
v -0.036425 0.025176 0.036502
v -0.036425 0.025176 0.036502
v -0.036425 0.025176 0.036502
v -0.036422 0.023702 0.033454
v -0.036422 0.023702 0.033454
v -0.036422 0.023702 0.033454
v -0.036422 0.023702 0.033454
v -0.036422 0.023702 0.033454
v -0.036422 0.023702 0.033454
v -0.036422 0.023702 0.033454
v -0.036422 0.023702 0.033454
v -0.036411 -0.093288 0.044187
v -0.036411 -0.093288 0.044187
v -0.036411 -0.093288 0.044187
v -0.036411 -0.093288 0.044187
v -0.036411 -0.093288 0.044187
v -0.036411 -0.093288 0.044187
v -0.036411 -0.093288 0.044187
v -0.036409 0.020787 -0.039398
v -0.036409 0.020787 -0.039398
v -0.036409 0.020787 -0.039398
v -0.036409 0.020787 -0.039398
v -0.036409 0.020787 -0.039398
v -0.036409 0.020787 -0.039398
v -0.036403 0.028320 0.032632
v -0.036403 0.028320 0.032632
v -0.036403 0.028320 0.032632
v -0.036403 0.028320 0.032632
v -0.036403 0.028320 0.032632
v -0.036397 0.023341 -0.033690
v -0.036397 0.023341 -0.033690
v -0.036397 0.023341 -0.033690
v -0.036397 0.023341 -0.033690
v -0.036397 0.023341 -0.033690
v -0.036397 0.023341 -0.033690
v -0.036381 0.023013 -0.037050
v -0.036381 0.023013 -0.037050
v -0.036381 0.023013 -0.037050
v -0.036381 0.023013 -0.037050
v -0.036381 0.023013 -0.037050
v -0.036368 0.023460 -0.036594
v -0.036368 0.023460 -0.036594
v -0.036368 0.023460 -0.036594
v -0.036368 0.023460 -0.036594
v -0.036368 0.023460 -0.036594
v -0.036368 0.023460 -0.036594
v -0.036360 0.022025 -0.038237
v -0.036360 0.022025 -0.038237
v -0.036360 0.022025 -0.038237
v -0.036360 0.022025 -0.038237
v -0.036360 0.022025 -0.038237
v -0.036355 0.024010 -0.033691
v -0.036355 0.024010 -0.033691
v -0.036355 0.024010 -0.033691
v -0.036355 0.024010 -0.033691
v -0.036355 0.024010 -0.033691
v -0.036331 0.025964 0.038799
v -0.036331 0.025964 0.038799
v -0.036331 0.025964 0.038799
v -0.036331 0.025964 0.038799
v -0.036331 0.025964 0.038799
v -0.036328 0.028320 0.034638
v -0.036328 0.028320 0.034638
v -0.036328 0.028320 0.034638
v -0.036328 0.028320 0.034638
v -0.036328 0.028320 0.034638
v -0.036328 0.028320 0.034638
v -0.036328 0.028320 0.034638
v -0.036324 0.021040 0.035734
v -0.036324 0.021040 0.035734
v -0.036324 0.021040 0.035734
v -0.036324 0.021040 0.035734
v -0.036324 0.021040 0.035734
v -0.036324 0.021040 0.035734
v -0.036324 0.021040 0.035734
v -0.036312 0.018554 -0.038666
v -0.036312 0.018554 -0.038666
v -0.036312 0.018554 -0.038666
v -0.036312 0.018554 -0.038666
v -0.036312 0.018554 -0.038666
v -0.036312 0.018554 -0.038666
v -0.036300 0.024961 0.033563
v -0.036300 0.024961 0.033563
v -0.036300 0.024961 0.033563
v -0.036300 0.024961 0.033563
v -0.036300 0.024961 0.033563
v -0.036300 0.024961 0.033563
v -0.036291 0.019970 -0.034408
v -0.036291 0.019970 -0.034408
v -0.036291 0.019970 -0.034408
v -0.036291 0.019970 -0.034408
v -0.036291 0.019970 -0.034408
v -0.036291 0.019970 -0.034408
v -0.036279 0.025450 0.034116
v -0.036279 0.025450 0.034116
v -0.036279 0.025450 0.034116
v -0.036279 0.025450 0.034116
v -0.036279 0.025450 0.034116
v -0.036279 0.025450 0.034116
v -0.036279 0.025450 0.034116
v -0.036266 0.025563 0.034596
v -0.036266 0.025563 0.034596
v -0.036266 0.025563 0.034596
v -0.036266 0.025563 0.034596
v -0.036266 0.025563 0.034596
v -0.036254 0.013261 0.044028
v -0.036254 0.013261 0.044028
v -0.036254 0.013261 0.044028
v -0.036254 0.013261 0.044028
v -0.036254 0.013261 0.044028
v -0.036254 0.013261 0.044028
v -0.036254 0.013261 0.044028
v -0.036254 0.013261 0.044028
v -0.036254 0.013261 0.044028
v -0.036254 0.013261 0.044028
v -0.036254 0.013261 0.044028
v -0.036253 0.022504 -0.037681
v -0.036253 0.022504 -0.037681
v -0.036253 0.022504 -0.037681
v -0.036253 0.022504 -0.037681
v -0.036253 0.022504 -0.037681
v -0.036241 0.018292 -0.037774
v -0.036241 0.018292 -0.037774
v -0.036241 0.018292 -0.037774
v -0.036241 0.018292 -0.037774
v -0.036241 0.018292 -0.037774
v -0.036241 0.018292 -0.037774
v -0.036240 0.025570 0.034959
v -0.036240 0.025570 0.034959
v -0.036240 0.025570 0.034959
v -0.036240 0.025570 0.034959
v -0.036240 0.025570 0.034959
v -0.036240 0.025570 0.034959
v -0.036240 0.025570 0.034959
v -0.036226 0.020955 0.036958
v -0.036226 0.020955 0.036958
v -0.036226 0.020955 0.036958
v -0.036226 0.020955 0.036958
v -0.036226 0.020955 0.036958
v -0.036226 0.020955 0.036958
v -0.036225 0.022098 0.038913
v -0.036225 0.022098 0.038913
v -0.036225 0.022098 0.038913
v -0.036225 0.022098 0.038913
v -0.036225 0.022098 0.038913
v -0.036225 0.022098 0.038913
v -0.036218 0.025136 0.036773
v -0.036218 0.025136 0.036773
v -0.036218 0.025136 0.036773
v -0.036218 0.025136 0.036773
v -0.036218 0.025136 0.036773
v -0.036205 0.021781 -0.033623
v -0.036205 0.021781 -0.033623
v -0.036205 0.021781 -0.033623
v -0.036205 0.021781 -0.033623
v -0.036205 0.021781 -0.033623
v -0.036205 0.021781 -0.033623
v -0.036205 0.021781 -0.033623
v -0.036189 0.028320 0.032048
v -0.036189 0.028320 0.032048
v -0.036189 0.028320 0.032048
v -0.036189 0.028320 0.032048
v -0.036189 0.028320 0.032048
v -0.036188 0.024244 0.033223
v -0.036188 0.024244 0.033223
v -0.036188 0.024244 0.033223
v -0.036188 0.024244 0.033223
v -0.036188 0.024244 0.033223
v -0.036188 0.024244 0.033223
v -0.036188 0.024244 0.033223
v -0.036188 0.024244 0.033223
v -0.036165 0.021917 0.034208
v -0.036165 0.021917 0.034208
v -0.036165 0.021917 0.034208
v -0.036165 0.021917 0.034208
v -0.036165 0.021917 0.034208
v -0.036165 0.021917 0.034208
v -0.036163 0.024240 -0.037218
v -0.036163 0.024240 -0.037218
v -0.036163 0.024240 -0.037218
v -0.036163 0.024240 -0.037218
v -0.036163 0.024240 -0.037218
v -0.036161 0.025447 0.033685
v -0.036161 0.025447 0.033685
v -0.036161 0.025447 0.033685
v -0.036161 0.025447 0.033685
v -0.036161 0.025447 0.033685
v -0.036161 0.025447 0.033685
v -0.036157 0.023463 -0.036762
v -0.036157 0.023463 -0.036762
v -0.036157 0.023463 -0.036762
v -0.036157 0.023463 -0.036762
v -0.036157 0.023463 -0.036762
v -0.036157 0.023463 -0.036762
v -0.036135 0.020588 -0.034008
v -0.036135 0.020588 -0.034008
v -0.036135 0.020588 -0.034008
v -0.036135 0.020588 -0.034008
v -0.036135 0.020588 -0.034008
v -0.036135 0.020588 -0.034008
v -0.036129 0.018308 -0.037262
v -0.036129 0.018308 -0.037262
v -0.036129 0.018308 -0.037262
v -0.036129 0.018308 -0.037262
v -0.036129 0.018308 -0.037262
v -0.036129 0.018308 -0.037262
v -0.036129 0.018937 -0.038919
v -0.036129 0.018937 -0.038919
v -0.036129 0.018937 -0.038919
v -0.036129 0.018937 -0.038919
v -0.036129 0.018937 -0.038919
v -0.036129 0.018937 -0.038919
v -0.036127 0.020957 0.036351
v -0.036127 0.020957 0.036351
v -0.036127 0.020957 0.036351
v -0.036127 0.020957 0.036351
v -0.036127 0.020957 0.036351
v -0.036127 0.020957 0.036351
v -0.036127 0.020957 0.036351
v -0.036127 0.022416 0.040443
v -0.036127 0.022416 0.040443
v -0.036127 0.022416 0.040443
v -0.036127 0.022416 0.040443
v -0.036127 0.022416 0.040443
v -0.036127 0.022416 0.040443
v -0.036114 0.022299 0.033841
v -0.036114 0.022299 0.033841
v -0.036114 0.022299 0.033841
v -0.036114 0.022299 0.033841
v -0.036114 0.022299 0.033841
v -0.036112 0.024056 -0.033389
v -0.036112 0.024056 -0.033389
v -0.036112 0.024056 -0.033389
v -0.036112 0.024056 -0.033389
v -0.036112 0.024056 -0.033389
v -0.036112 0.024056 -0.033389
v -0.036109 0.025273 0.037708
v -0.036109 0.025273 0.037708
v -0.036109 0.025273 0.037708
v -0.036109 0.025273 0.037708
v -0.036109 0.025273 0.037708
v -0.036098 0.021771 -0.038426
v -0.036098 0.021771 -0.038426
v -0.036098 0.021771 -0.038426
v -0.036098 0.021771 -0.038426
v -0.036098 0.021771 -0.038426
v -0.036095 0.025602 0.035393
v -0.036095 0.025602 0.035393
v -0.036095 0.025602 0.035393
v -0.036095 0.025602 0.035393
v -0.036095 0.025602 0.035393
v -0.036095 0.025602 0.035393
v -0.036095 0.025602 0.035393
v -0.036085 0.018405 -0.036596
v -0.036085 0.018405 -0.036596
v -0.036085 0.018405 -0.036596
v -0.036085 0.018405 -0.036596
v -0.036085 0.018405 -0.036596
v -0.036085 0.018405 -0.036596
v -0.036085 0.018405 -0.036596
v -0.036082 0.024855 0.033188
v -0.036082 0.024855 0.033188
v -0.036082 0.024855 0.033188
v -0.036082 0.024855 0.033188
v -0.036079 0.021057 0.035745
v -0.036079 0.021057 0.035745
v -0.036079 0.021057 0.035745
v -0.036079 0.021057 0.035745
v -0.036072 0.022940 -0.037278
v -0.036072 0.022940 -0.037278
v -0.036072 0.022940 -0.037278
v -0.036072 0.022940 -0.037278
v -0.036072 0.022940 -0.037278
v -0.036072 0.022940 -0.037278
v -0.036067 0.025816 0.034156
v -0.036067 0.025816 0.034156
v -0.036067 0.025816 0.034156
v -0.036067 0.025816 0.034156
v -0.036067 0.025816 0.034156
v -0.036065 0.025034 0.037035
v -0.036065 0.025034 0.037035
v -0.036065 0.025034 0.037035
v -0.036065 0.025034 0.037035
v -0.036065 0.025034 0.037035
v -0.036065 0.025034 0.037035
v -0.036065 0.025034 0.037035
v -0.036065 0.025034 0.037035
v -0.036060 0.025539 0.039244
v -0.036060 0.025539 0.039244
v -0.036060 0.025539 0.039244
v -0.036060 0.025539 0.039244
v -0.036060 0.025539 0.039244
v -0.036055 0.021091 0.037385
v -0.036055 0.021091 0.037385
v -0.036055 0.021091 0.037385
v -0.036055 0.021091 0.037385
v -0.036055 0.021091 0.037385
v -0.036055 0.021091 0.037385
v -0.036049 0.022432 0.038916
v -0.036049 0.022432 0.038916
v -0.036049 0.022432 0.038916
v -0.036049 0.022432 0.038916
v -0.036049 0.022432 0.038916
v -0.036047 0.022756 0.033504
v -0.036047 0.022756 0.033504
v -0.036047 0.022756 0.033504
v -0.036047 0.022756 0.033504
v -0.036047 0.022756 0.033504
v -0.036047 0.022756 0.033504
v -0.036037 0.025203 -0.037852
v -0.036037 0.025203 -0.037852
v -0.036037 0.025203 -0.037852
v -0.036037 0.025203 -0.037852
v -0.036037 0.025203 -0.037852
v -0.036010 0.024979 0.037156
v -0.036010 0.024979 0.037156
v -0.036010 0.024979 0.037156
v -0.036010 0.024979 0.037156
v -0.036010 0.024979 0.037156
v -0.036004 -0.095572 0.043784
v -0.036004 -0.095572 0.043784
v -0.036004 -0.095572 0.043784
v -0.036004 -0.095572 0.043784
v -0.036004 -0.095572 0.043784
v -0.035981 0.025203 -0.031961
v -0.035981 0.025203 -0.031961
v -0.035981 0.025203 -0.031961
v -0.035981 0.025203 -0.031961
v -0.035981 0.025203 -0.031961
v -0.035981 0.025203 -0.031961
v -0.035981 0.025203 -0.031961
v -0.035979 0.021496 0.038126
v -0.035979 0.021496 0.038126
v -0.035979 0.021496 0.038126
v -0.035979 0.021496 0.038126
v -0.035979 0.021496 0.038126
v -0.035979 0.021496 0.038126
v -0.035978 0.021345 -0.038709
v -0.035978 0.021345 -0.038709
v -0.035978 0.021345 -0.038709
v -0.035978 0.021345 -0.038709
v -0.035978 0.021345 -0.038709
v -0.035978 0.021345 -0.038709
v -0.035978 0.021345 -0.038709
v -0.035964 0.025961 0.034518
v -0.035964 0.025961 0.034518
v -0.035964 0.025961 0.034518
v -0.035964 0.025961 0.034518
v -0.035964 0.025961 0.034518
v -0.035964 0.025961 0.034518
v -0.035964 0.025961 0.034518
v -0.035963 0.023218 -0.033277
v -0.035963 0.023218 -0.033277
v -0.035963 0.023218 -0.033277
v -0.035963 0.023218 -0.033277
v -0.035963 0.023218 -0.033277
v -0.035960 0.020167 -0.039174
v -0.035960 0.020167 -0.039174
v -0.035960 0.020167 -0.039174
v -0.035960 0.020167 -0.039174
v -0.035960 0.020167 -0.039174
v -0.035960 0.020167 -0.039174
v -0.035960 0.020167 -0.039174
v -0.035939 0.024996 0.038078
v -0.035939 0.024996 0.038078
v -0.035939 0.024996 0.038078
v -0.035939 0.024996 0.038078
v -0.035939 0.024996 0.038078
v -0.035937 0.021691 0.034393
v -0.035937 0.021691 0.034393
v -0.035937 0.021691 0.034393
v -0.035937 0.021691 0.034393
v -0.035937 0.021691 0.034393
v -0.035937 0.021691 0.034393
v -0.035936 0.025439 0.036095
v -0.035936 0.025439 0.036095
v -0.035936 0.025439 0.036095
v -0.035936 0.025439 0.036095
v -0.035936 0.025439 0.036095
v -0.035935 0.028320 0.035348
v -0.035935 0.028320 0.035348
v -0.035935 0.028320 0.035348
v -0.035935 0.028320 0.035348
v -0.035935 0.028320 0.035348
v -0.035929 0.022529 -0.037682
v -0.035929 0.022529 -0.037682
v -0.035929 0.022529 -0.037682
v -0.035929 0.022529 -0.037682
v -0.035929 0.022529 -0.037682
v -0.035929 0.022529 -0.037682
v -0.035929 0.022529 -0.037682
v -0.035928 0.023499 -0.036889
v -0.035928 0.023499 -0.036889
v -0.035928 0.023499 -0.036889
v -0.035928 0.023499 -0.036889
v -0.035928 0.023499 -0.036889
v -0.035928 0.023499 -0.036889
v -0.035928 0.023499 -0.036889
v -0.035922 0.019030 -0.035315
v -0.035922 0.019030 -0.035315
v -0.035922 0.019030 -0.035315
v -0.035922 0.019030 -0.035315
v -0.035922 0.019030 -0.035315
v -0.035913 0.026047 0.033730
v -0.035913 0.026047 0.033730
v -0.035913 0.026047 0.033730
v -0.035913 0.026047 0.033730
v -0.035913 0.026047 0.033730
v -0.035913 0.026047 0.033730
v -0.035913 0.026047 0.033730
v -0.035912 0.018580 -0.038037
v -0.035912 0.018580 -0.038037
v -0.035912 0.018580 -0.038037
v -0.035912 0.018580 -0.038037
v -0.035912 0.018580 -0.038037
v -0.035912 0.018580 -0.038037
v -0.035908 0.020575 -0.039046
v -0.035908 0.020575 -0.039046
v -0.035908 0.020575 -0.039046
v -0.035908 0.020575 -0.039046
v -0.035908 0.020575 -0.039046
v -0.035908 0.020575 -0.039046
v -0.035901 0.023094 0.040395
v -0.035901 0.023094 0.040395
v -0.035901 0.023094 0.040395
v -0.035901 0.023094 0.040395
v -0.035901 0.023094 0.040395
v -0.035901 0.023094 0.040395
v -0.035899 0.027539 0.034093
v -0.035899 0.027539 0.034093
v -0.035899 0.027539 0.034093
v -0.035899 0.027539 0.034093
v -0.035896 0.024091 -0.033186
v -0.035896 0.024091 -0.033186
v -0.035896 0.024091 -0.033186
v -0.035896 0.024091 -0.033186
v -0.035896 0.024091 -0.033186
v -0.035896 0.024091 -0.033186
v -0.035883 0.021774 0.038346
v -0.035883 0.021774 0.038346
v -0.035883 0.021774 0.038346
v -0.035883 0.021774 0.038346
v -0.035883 0.021774 0.038346
v -0.035883 0.021774 0.038346
v -0.035865 0.022899 0.038840
v -0.035865 0.022899 0.038840
v -0.035865 0.022899 0.038840
v -0.035865 0.022899 0.038840
v -0.035865 0.022899 0.038840
v -0.035865 0.022899 0.038840
v -0.035865 0.022899 0.038840
v -0.035857 0.024738 0.037542
v -0.035857 0.024738 0.037542
v -0.035857 0.024738 0.037542
v -0.035857 0.024738 0.037542
v -0.035857 0.024738 0.037542
v -0.035857 0.024738 0.037542
v -0.035853 0.024933 0.039696
v -0.035853 0.024933 0.039696
v -0.035853 0.024933 0.039696
v -0.035853 0.024933 0.039696
v -0.035853 0.024933 0.039696
v -0.035844 0.019662 -0.034602
v -0.035844 0.019662 -0.034602
v -0.035844 0.019662 -0.034602
v -0.035844 0.019662 -0.034602
v -0.035844 0.019662 -0.034602
v -0.035844 0.019662 -0.034602
v -0.035835 0.021182 -0.033657
v -0.035835 0.021182 -0.033657
v -0.035835 0.021182 -0.033657
v -0.035835 0.021182 -0.033657
v -0.035835 0.021182 -0.033657
v -0.035835 0.021182 -0.033657
v -0.035813 0.024629 0.038479
v -0.035813 0.024629 0.038479
v -0.035813 0.024629 0.038479
v -0.035813 0.024629 0.038479
v -0.035813 0.024629 0.038479
v -0.035813 0.024629 0.038479
v -0.035812 0.025623 0.035781
v -0.035812 0.025623 0.035781
v -0.035812 0.025623 0.035781
v -0.035812 0.025623 0.035781
v -0.035812 0.025623 0.035781
v -0.035812 0.025623 0.035781
v -0.035810 0.022608 -0.033252
v -0.035810 0.022608 -0.033252
v -0.035810 0.022608 -0.033252
v -0.035810 0.022608 -0.033252
v -0.035810 0.022608 -0.033252
v -0.035810 0.022608 -0.033252
v -0.035805 0.018832 -0.035691
v -0.035805 0.018832 -0.035691
v -0.035805 0.018832 -0.035691
v -0.035805 0.018832 -0.035691
v -0.035805 0.018832 -0.035691
v -0.035805 0.018832 -0.035691
v -0.035805 0.018832 -0.035691
v -0.035800 0.026022 0.033239
v -0.035800 0.026022 0.033239
v -0.035800 0.026022 0.033239
v -0.035800 0.026022 0.033239
v -0.035800 0.026022 0.033239
v -0.035798 0.022221 0.038589
v -0.035798 0.022221 0.038589
v -0.035798 0.022221 0.038589
v -0.035798 0.022221 0.038589
v -0.035798 0.022221 0.038589
v -0.035798 0.022221 0.038589
v -0.035798 0.025702 0.033033
v -0.035798 0.025702 0.033033
v -0.035798 0.025702 0.033033
v -0.035798 0.025702 0.033033
v -0.035798 0.025702 0.033033
v -0.035798 0.025702 0.033033
v -0.035798 0.025702 0.033033
v -0.035797 0.019615 -0.038943
v -0.035797 0.019615 -0.038943
v -0.035797 0.019615 -0.038943
v -0.035797 0.019615 -0.038943
v -0.035797 0.019615 -0.038943
v -0.035797 0.019615 -0.038943
v -0.035780 0.028320 0.031415
v -0.035780 0.028320 0.031415
v -0.035780 0.028320 0.031415
v -0.035780 0.028320 0.031415
v -0.035780 0.028320 0.031415
v -0.035771 0.025970 0.035120
v -0.035771 0.025970 0.035120
v -0.035771 0.025970 0.035120
v -0.035771 0.025970 0.035120
v -0.035771 0.025970 0.035120
v -0.035771 0.025970 0.035120
v -0.035771 0.026351 0.034117
v -0.035771 0.026351 0.034117
v -0.035771 0.026351 0.034117
v -0.035771 0.026351 0.034117
v -0.035771 0.026351 0.034117
v -0.035771 0.026351 0.034117
v -0.035762 0.023964 0.040180
v -0.035762 0.023964 0.040180
v -0.035762 0.023964 0.040180
v -0.035762 0.023964 0.040180
v -0.035762 0.023964 0.040180
v -0.035762 0.023964 0.040180
v -0.035762 0.024425 0.037912
v -0.035762 0.024425 0.037912
v -0.035762 0.024425 0.037912
v -0.035762 0.024425 0.037912
v -0.035762 0.024425 0.037912
v -0.035762 0.024425 0.037912
v -0.035762 0.024425 0.037912
v -0.035761 0.021438 0.034776
v -0.035761 0.021438 0.034776
v -0.035761 0.021438 0.034776
v -0.035761 0.021438 0.034776
v -0.035761 0.021438 0.034776
v -0.035761 0.021438 0.034776
v -0.035750 0.024239 0.038816
v -0.035750 0.024239 0.038816
v -0.035750 0.024239 0.038816
v -0.035750 0.024239 0.038816
v -0.035750 0.024239 0.038816
v -0.035750 0.024239 0.038816
v -0.035749 0.023776 0.039204
v -0.035749 0.023776 0.039204
v -0.035749 0.023776 0.039204
v -0.035749 0.023776 0.039204
v -0.035747 0.019305 -0.038729
v -0.035747 0.019305 -0.038729
v -0.035747 0.019305 -0.038729
v -0.035747 0.019305 -0.038729
v -0.035747 0.019305 -0.038729
v -0.035746 0.021091 -0.038704
v -0.035746 0.021091 -0.038704
v -0.035746 0.021091 -0.038704
v -0.035746 0.021091 -0.038704
v -0.035746 0.021091 -0.038704
v -0.035745 0.024322 -0.037410
v -0.035745 0.024322 -0.037410
v -0.035745 0.024322 -0.037410
v -0.035745 0.024322 -0.037410
v -0.035745 0.024322 -0.037410
v -0.035745 0.024322 -0.037410
v -0.035743 0.023457 0.038640
v -0.035743 0.023457 0.038640
v -0.035743 0.023457 0.038640
v -0.035743 0.023457 0.038640
v -0.035743 0.023457 0.038640
v -0.035743 0.023457 0.038640
v -0.035743 0.023457 0.038640
v -0.035711 0.025333 0.036420
v -0.035711 0.025333 0.036420
v -0.035711 0.025333 0.036420
v -0.035711 0.025333 0.036420
v -0.035711 0.025333 0.036420
v -0.035711 0.025333 0.036420
v -0.035711 0.025333 0.036420
v -0.035710 0.024022 0.038281
v -0.035710 0.024022 0.038281
v -0.035710 0.024022 0.038281
v -0.035710 0.024022 0.038281
v -0.035710 0.024022 0.038281
v -0.035710 0.024022 0.038281
v -0.035700 0.023067 -0.037277
v -0.035700 0.023067 -0.037277
v -0.035700 0.023067 -0.037277
v -0.035700 0.023067 -0.037277
v -0.035700 0.023067 -0.037277
v -0.035700 0.023067 -0.037277
v -0.035699 0.026403 0.034363
v -0.035699 0.026403 0.034363
v -0.035699 0.026403 0.034363
v -0.035699 0.026403 0.034363
v -0.035699 0.026403 0.034363
v -0.035698 0.024296 0.032761
v -0.035698 0.024296 0.032761
v -0.035698 0.024296 0.032761
v -0.035698 0.024296 0.032761
v -0.035698 0.024296 0.032761
v -0.035698 0.024296 0.032761
v -0.035697 0.023538 0.032950
v -0.035697 0.023538 0.032950
v -0.035697 0.023538 0.032950
v -0.035697 0.023538 0.032950
v -0.035697 0.023538 0.032950
v -0.035697 0.023538 0.032950
v -0.035685 0.022031 -0.038066
v -0.035685 0.022031 -0.038066
v -0.035685 0.022031 -0.038066
v -0.035685 0.022031 -0.038066
v -0.035685 0.022031 -0.038066
v -0.035685 0.022031 -0.038066
v -0.035685 0.022031 -0.038066
v -0.035658 0.026651 0.033424
v -0.035658 0.026651 0.033424
v -0.035658 0.026651 0.033424
v -0.035658 0.026651 0.033424
v -0.035658 0.026651 0.033424
v -0.035658 0.026651 0.033424
v -0.035658 0.026651 0.033424
v -0.035644 0.025844 0.035539
v -0.035644 0.025844 0.035539
v -0.035644 0.025844 0.035539
v -0.035644 0.025844 0.035539
v -0.035644 0.025844 0.035539
v -0.035644 0.025844 0.035539
v -0.035638 0.021310 0.037404
v -0.035638 0.021310 0.037404
v -0.035638 0.021310 0.037404
v -0.035638 0.021310 0.037404
v -0.035638 0.021310 0.037404
v -0.035631 0.022627 0.033397
v -0.035631 0.022627 0.033397
v -0.035631 0.022627 0.033397
v -0.035631 0.022627 0.033397
v -0.035631 0.022627 0.033397
v -0.035631 0.022627 0.033397
v -0.035631 0.022627 0.033397
v -0.035625 0.019983 -0.038836
v -0.035625 0.019983 -0.038836
v -0.035625 0.019983 -0.038836
v -0.035625 0.019983 -0.038836
v -0.035625 0.019983 -0.038836
v -0.035612 0.026345 0.034736
v -0.035612 0.026345 0.034736
v -0.035612 0.026345 0.034736
v -0.035612 0.026345 0.034736
v -0.035612 0.026345 0.034736
v -0.035612 0.026345 0.034736
v -0.035604 0.018720 -0.036177
v -0.035604 0.018720 -0.036177
v -0.035604 0.018720 -0.036177
v -0.035604 0.018720 -0.036177
v -0.035604 0.018720 -0.036177
v -0.035598 0.024127 -0.032976
v -0.035598 0.024127 -0.032976
v -0.035598 0.024127 -0.032976
v -0.035598 0.024127 -0.032976
v -0.035598 0.024127 -0.032976
v -0.035567 0.021808 -0.033355
v -0.035567 0.021808 -0.033355
v -0.035567 0.021808 -0.033355
v -0.035567 0.021808 -0.033355
v -0.035567 0.021808 -0.033355
v -0.035567 0.021808 -0.033355
v -0.035564 0.023572 -0.037003
v -0.035564 0.023572 -0.037003
v -0.035564 0.023572 -0.037003
v -0.035564 0.023572 -0.037003
v -0.035564 0.023572 -0.037003
v -0.035564 0.023572 -0.037003
v -0.035557 0.021263 0.035232
v -0.035557 0.021263 0.035232
v -0.035557 0.021263 0.035232
v -0.035557 0.021263 0.035232
v -0.035557 0.021263 0.035232
v -0.035557 0.021263 0.035232
v -0.035548 0.027062 0.033601
v -0.035548 0.027062 0.033601
v -0.035548 0.027062 0.033601
v -0.035548 0.027062 0.033601
v -0.035548 0.027062 0.033601
v -0.035540 0.027101 0.033391
v -0.035540 0.027101 0.033391
v -0.035540 0.027101 0.033391
v -0.035540 0.027101 0.033391
v -0.035535 0.025191 0.036690
v -0.035535 0.025191 0.036690
v -0.035535 0.025191 0.036690
v -0.035535 0.025191 0.036690
v -0.035530 0.027004 0.033901
v -0.035530 0.027004 0.033901
v -0.035530 0.027004 0.033901
v -0.035530 0.027004 0.033901
v -0.035530 0.027004 0.033901
v -0.035530 0.027004 0.033901
v -0.035530 0.027004 0.033901
v -0.035525 -0.096989 0.043305
v -0.035525 -0.096989 0.043305
v -0.035525 -0.096989 0.043305
v -0.035525 -0.096989 0.043305
v -0.035525 -0.096989 0.043305
v -0.035525 -0.096989 0.043305
v -0.035525 0.018702 -0.037428
v -0.035525 0.018702 -0.037428
v -0.035525 0.018702 -0.037428
v -0.035525 0.018702 -0.037428
v -0.035525 0.018702 -0.037428
v -0.035525 0.018702 -0.037428
v -0.035523 0.020719 -0.033831
v -0.035523 0.020719 -0.033831
v -0.035523 0.020719 -0.033831
v -0.035523 0.020719 -0.033831
v -0.035523 0.020719 -0.033831
v -0.035521 0.019500 -0.034817
v -0.035521 0.019500 -0.034817
v -0.035521 0.019500 -0.034817
v -0.035521 0.019500 -0.034817
v -0.035521 0.019500 -0.034817
v -0.035521 0.019500 -0.034817
v -0.035518 0.021135 0.035876
v -0.035518 0.021135 0.035876
v -0.035518 0.021135 0.035876
v -0.035518 0.021135 0.035876
v -0.035518 0.021135 0.035876
v -0.035518 0.021135 0.035876
v -0.035518 0.022518 -0.037684
v -0.035518 0.022518 -0.037684
v -0.035518 0.022518 -0.037684
v -0.035518 0.022518 -0.037684
v -0.035518 0.022518 -0.037684
v -0.035518 0.022518 -0.037684
v -0.035515 0.021133 0.036511
v -0.035515 0.021133 0.036511
v -0.035515 0.021133 0.036511
v -0.035515 0.021133 0.036511
v -0.035515 0.021133 0.036511
v -0.035515 0.021133 0.036511
v -0.035515 0.021133 0.036511
v -0.035503 0.026691 0.032825
v -0.035503 0.026691 0.032825
v -0.035503 0.026691 0.032825
v -0.035503 0.026691 0.032825
v -0.035503 0.026691 0.032825
v -0.035503 0.026691 0.032825
v -0.035503 0.026691 0.032825
v -0.035495 0.028320 0.035830
v -0.035495 0.028320 0.035830
v -0.035495 0.028320 0.035830
v -0.035495 0.028320 0.035830
v -0.035495 0.028320 0.035830
v -0.035495 0.028320 0.035830
v -0.035491 0.027147 0.033082
v -0.035491 0.027147 0.033082
v -0.035491 0.027147 0.033082
v -0.035491 0.027147 0.033082
v -0.035491 0.027147 0.033082
v -0.035491 0.027147 0.033082
v -0.035490 0.020288 -0.034102
v -0.035490 0.020288 -0.034102
v -0.035490 0.020288 -0.034102
v -0.035490 0.020288 -0.034102
v -0.035490 0.020288 -0.034102
v -0.035490 0.020288 -0.034102
v -0.035482 0.026959 0.034179
v -0.035482 0.026959 0.034179
v -0.035482 0.026959 0.034179
v -0.035482 0.026959 0.034179
v -0.035482 0.026959 0.034179
v -0.035482 0.026959 0.034179
v -0.035481 0.022788 -0.033083
v -0.035481 0.022788 -0.033083
v -0.035481 0.022788 -0.033083
v -0.035481 0.022788 -0.033083
v -0.035481 0.022788 -0.033083
v -0.035481 0.024807 0.037246
v -0.035481 0.024807 0.037246
v -0.035481 0.024807 0.037246
v -0.035481 0.024807 0.037246
v -0.035481 0.024807 0.037246
v -0.035481 0.024807 0.037246
v -0.035481 0.024807 0.037246
v -0.035481 0.024807 0.037246
v -0.035480 0.018683 -0.036837
v -0.035480 0.018683 -0.036837
v -0.035480 0.018683 -0.036837
v -0.035480 0.018683 -0.036837
v -0.035480 0.018683 -0.036837
v -0.035480 0.018683 -0.036837
v -0.035460 0.019086 -0.038128
v -0.035460 0.019086 -0.038128
v -0.035460 0.019086 -0.038128
v -0.035460 0.019086 -0.038128
v -0.035460 0.019086 -0.038128
v -0.035460 0.019086 -0.038128
v -0.035460 0.019086 -0.038128
v -0.035454 0.026232 0.035170
v -0.035454 0.026232 0.035170
v -0.035454 0.026232 0.035170
v -0.035454 0.026232 0.035170
v -0.035454 0.026232 0.035170
v -0.035454 0.026232 0.035170
v -0.035445 0.022296 0.033625
v -0.035445 0.022296 0.033625
v -0.035445 0.022296 0.033625
v -0.035445 0.022296 0.033625
v -0.035445 0.022296 0.033625
v -0.035445 0.022296 0.033625
v -0.035445 0.022296 0.033625
v -0.035439 0.027181 0.032872
v -0.035439 0.027181 0.032872
v -0.035439 0.027181 0.032872
v -0.035439 0.027181 0.032872
v -0.035439 0.027181 0.032872
v -0.035399 0.025203 -0.038030
v -0.035399 0.025203 -0.038030
v -0.035399 0.025203 -0.038030
v -0.035399 0.025203 -0.038030
v -0.035399 0.025203 -0.038030
v -0.035399 0.025203 -0.038030
v -0.035392 0.026517 0.032545
v -0.035392 0.026517 0.032545
v -0.035392 0.026517 0.032545
v -0.035392 0.026517 0.032545
v -0.035392 0.026517 0.032545
v -0.035392 0.026517 0.032545
v -0.035388 0.022932 -0.037403
v -0.035388 0.022932 -0.037403
v -0.035388 0.022932 -0.037403
v -0.035388 0.022932 -0.037403
v -0.035388 0.022932 -0.037403
v -0.035387 0.024136 -0.037351
v -0.035387 0.024136 -0.037351
v -0.035387 0.024136 -0.037351
v -0.035387 0.024136 -0.037351
v -0.035387 0.024136 -0.037351
v -0.035380 0.026914 0.034488
v -0.035380 0.026914 0.034488
v -0.035380 0.026914 0.034488
v -0.035380 0.026914 0.034488
v -0.035380 0.026914 0.034488
v -0.035380 0.026914 0.034488
v -0.035351 0.021655 -0.038163
v -0.035351 0.021655 -0.038163
v -0.035351 0.021655 -0.038163
v -0.035351 0.021655 -0.038163
v -0.035351 0.021655 -0.038163
v -0.035351 0.021655 -0.038163
v -0.035349 0.028320 0.030977
v -0.035349 0.028320 0.030977
v -0.035349 0.028320 0.030977
v -0.035349 0.028320 0.030977
v -0.035349 0.028320 0.030977
v -0.035349 0.028320 0.030977
v -0.035349 0.028320 0.030977
v -0.035342 0.023404 0.032835
v -0.035342 0.023404 0.032835
v -0.035342 0.023404 0.032835
v -0.035342 0.023404 0.032835
v -0.035342 0.023404 0.032835
v -0.035342 0.023404 0.032835
v -0.035342 0.026612 0.034873
v -0.035342 0.026612 0.034873
v -0.035342 0.026612 0.034873
v -0.035342 0.026612 0.034873
v -0.035342 0.026612 0.034873
v -0.035342 0.026612 0.034873
v -0.035342 0.026612 0.034873
v -0.035339 0.024151 -0.032842
v -0.035339 0.024151 -0.032842
v -0.035339 0.024151 -0.032842
v -0.035339 0.024151 -0.032842
v -0.035339 0.024151 -0.032842
v -0.035339 0.024151 -0.032842
v -0.035339 0.024151 -0.032842
v -0.035325 0.027227 0.032563
v -0.035325 0.027227 0.032563
v -0.035325 0.027227 0.032563
v -0.035325 0.027227 0.032563
v -0.035325 0.027227 0.032563
v -0.035325 0.027227 0.032563
v -0.035324 0.025649 0.036067
v -0.035324 0.025649 0.036067
v -0.035324 0.025649 0.036067
v -0.035324 0.025649 0.036067
v -0.035324 0.025649 0.036067
v -0.035324 0.025649 0.036067
v -0.035299 0.022032 0.037948
v -0.035299 0.022032 0.037948
v -0.035299 0.022032 0.037948
v -0.035299 0.022032 0.037948
v -0.035299 0.022032 0.037948
v -0.035299 0.022032 0.037948
v -0.035296 0.021885 0.034063
v -0.035296 0.021885 0.034063
v -0.035296 0.021885 0.034063
v -0.035296 0.021885 0.034063
v -0.035296 0.021885 0.034063
v -0.035296 0.021885 0.034063
v -0.035277 0.021154 -0.038344
v -0.035277 0.021154 -0.038344
v -0.035277 0.021154 -0.038344
v -0.035277 0.021154 -0.038344
v -0.035277 0.021154 -0.038344
v -0.035277 0.021154 -0.038344
v -0.035272 0.026089 0.032316
v -0.035272 0.026089 0.032316
v -0.035272 0.026089 0.032316
v -0.035272 0.026089 0.032316
v -0.035272 0.026089 0.032316
v -0.035271 0.026885 0.034715
v -0.035271 0.026885 0.034715
v -0.035271 0.026885 0.034715
v -0.035271 0.026885 0.034715
v -0.035271 0.026885 0.034715
v -0.035258 0.024474 0.032420
v -0.035258 0.024474 0.032420
v -0.035258 0.024474 0.032420
v -0.035258 0.024474 0.032420
v -0.035258 0.024474 0.032420
v -0.035238 0.025203 -0.031684
v -0.035238 0.025203 -0.031684
v -0.035238 0.025203 -0.031684
v -0.035238 0.025203 -0.031684
v -0.035238 0.025203 -0.031684
v -0.035228 0.026165 0.035476
v -0.035228 0.026165 0.035476
v -0.035228 0.026165 0.035476
v -0.035228 0.026165 0.035476
v -0.035228 0.026165 0.035476
v -0.035219 0.023275 0.038167
v -0.035219 0.023275 0.038167
v -0.035219 0.023275 0.038167
v -0.035219 0.023275 0.038167
v -0.035219 0.023275 0.038167
v -0.035205 0.023648 -0.037051
v -0.035205 0.023648 -0.037051
v -0.035205 0.023648 -0.037051
v -0.035205 0.023648 -0.037051
v -0.035205 0.023648 -0.037051
v -0.035205 0.023648 -0.037051
v -0.035205 0.023648 -0.037051
v -0.035204 0.021513 -0.033411
v -0.035204 0.021513 -0.033411
v -0.035204 0.021513 -0.033411
v -0.035204 0.021513 -0.033411
v -0.035204 0.021513 -0.033411
v -0.035204 0.021513 -0.033411
v -0.035204 0.021513 -0.033411
v -0.035195 0.024449 0.037483
v -0.035195 0.024449 0.037483
v -0.035195 0.024449 0.037483
v -0.035195 0.024449 0.037483
v -0.035195 0.024449 0.037483
v -0.035181 0.023692 0.037991
v -0.035181 0.023692 0.037991
v -0.035181 0.023692 0.037991
v -0.035181 0.023692 0.037991
v -0.035181 0.023692 0.037991
v -0.035181 0.023692 0.037991
v -0.035179 0.021712 0.037483
v -0.035179 0.021712 0.037483
v -0.035179 0.021712 0.037483
v -0.035179 0.021712 0.037483
v -0.035179 0.021712 0.037483
v -0.035179 0.021712 0.037483
v -0.035179 0.021712 0.037483
v -0.035170 0.024061 0.037783
v -0.035170 0.024061 0.037783
v -0.035170 0.024061 0.037783
v -0.035170 0.024061 0.037783
v -0.035170 0.024061 0.037783
v -0.035170 0.024061 0.037783
v -0.035141 0.019406 -0.035137
v -0.035141 0.019406 -0.035137
v -0.035141 0.019406 -0.035137
v -0.035141 0.019406 -0.035137
v -0.035141 0.019406 -0.035137
v -0.035141 0.019406 -0.035137
v -0.035139 0.026869 0.034904
v -0.035139 0.026869 0.034904
v -0.035139 0.026869 0.034904
v -0.035139 0.026869 0.034904
v -0.035139 0.026869 0.034904
v -0.035131 0.021412 0.036865
v -0.035131 0.021412 0.036865
v -0.035131 0.021412 0.036865
v -0.035131 0.021412 0.036865
v -0.035131 0.021412 0.036865
v -0.035131 0.021412 0.036865
v -0.035123 0.022506 -0.033053
v -0.035123 0.022506 -0.033053
v -0.035123 0.022506 -0.033053
v -0.035123 0.022506 -0.033053
v -0.035123 0.022506 -0.033053
v -0.035123 0.022506 -0.033053
v -0.035111 0.025092 0.036757
v -0.035111 0.025092 0.036757
v -0.035111 0.025092 0.036757
v -0.035111 0.025092 0.036757
v -0.035111 0.025092 0.036757
v -0.035111 0.025092 0.036757
v -0.035110 0.022417 0.037967
v -0.035110 0.022417 0.037967
v -0.035110 0.022417 0.037967
v -0.035110 0.022417 0.037967
v -0.035110 0.022417 0.037967
v -0.035091 0.028320 0.036097
v -0.035091 0.028320 0.036097
v -0.035091 0.028320 0.036097
v -0.035091 0.028320 0.036097
v -0.035091 0.028320 0.036097
v -0.035090 0.026000 0.035751
v -0.035090 0.026000 0.035751
v -0.035090 0.026000 0.035751
v -0.035090 0.026000 0.035751
v -0.035090 0.026000 0.035751
v -0.035090 0.026000 0.035751
v -0.035085 0.019015 -0.036215
v -0.035085 0.019015 -0.036215
v -0.035085 0.019015 -0.036215
v -0.035085 0.019015 -0.036215
v -0.035085 0.019015 -0.036215
v -0.035085 0.023567 -0.032826
v -0.035085 0.023567 -0.032826
v -0.035085 0.023567 -0.032826
v -0.035085 0.023567 -0.032826
v -0.035085 0.023567 -0.032826
v -0.035085 0.023567 -0.032826
v -0.035085 0.025466 0.036334
v -0.035085 0.025466 0.036334
v -0.035085 0.025466 0.036334
v -0.035085 0.025466 0.036334
v -0.035085 0.025466 0.036334
v -0.035085 0.025466 0.036334
v -0.035082 0.021587 0.034610
v -0.035082 0.021587 0.034610
v -0.035082 0.021587 0.034610
v -0.035082 0.021587 0.034610
v -0.035082 0.021587 0.034610
v -0.035082 0.021587 0.034610
v -0.035067 0.025404 0.032139
v -0.035067 0.025404 0.032139
v -0.035067 0.025404 0.032139
v -0.035067 0.025404 0.032139
v -0.035065 0.022690 0.038010
v -0.035065 0.022690 0.038010
v -0.035065 0.022690 0.038010
v -0.035065 0.022690 0.038010
v -0.035065 0.022690 0.038010
v -0.035065 0.022690 0.038010
v -0.035062 0.026549 0.035246
v -0.035062 0.026549 0.035246
v -0.035062 0.026549 0.035246
v -0.035062 0.026549 0.035246
v -0.035062 0.026549 0.035246
v -0.035062 0.026549 0.035246
v -0.035061 0.027285 0.032117
v -0.035061 0.027285 0.032117
v -0.035061 0.027285 0.032117
v -0.035061 0.027285 0.032117
v -0.035061 0.027285 0.032117
v -0.035061 0.027285 0.032117
v -0.035048 0.019142 -0.037378
v -0.035048 0.019142 -0.037378
v -0.035048 0.019142 -0.037378
v -0.035048 0.019142 -0.037378
v -0.035048 0.019142 -0.037378
v -0.035048 0.019142 -0.037378
v -0.035038 0.020922 -0.033725
v -0.035038 0.020922 -0.033725
v -0.035038 0.020922 -0.033725
v -0.035038 0.020922 -0.033725
v -0.035038 0.020922 -0.033725
v -0.035038 0.020922 -0.033725
v -0.035024 0.019186 -0.035708
v -0.035024 0.019186 -0.035708
v -0.035024 0.019186 -0.035708
v -0.035024 0.019186 -0.035708
v -0.035024 0.019186 -0.035708
v -0.035024 0.019186 -0.035708
v -0.035016 0.022288 -0.037692
v -0.035016 0.022288 -0.037692
v -0.035016 0.022288 -0.037692
v -0.035016 0.022288 -0.037692
v -0.035016 0.022288 -0.037692
v -0.035016 0.022288 -0.037692
v -0.035016 0.024487 -0.037589
v -0.035016 0.024487 -0.037589
v -0.035016 0.024487 -0.037589
v -0.035016 0.024487 -0.037589
v -0.035016 0.024487 -0.037589
v -0.035016 0.024487 -0.037589
v -0.035016 0.024487 -0.037589
v -0.034987 0.026081 0.032019
v -0.034987 0.026081 0.032019
v -0.034987 0.026081 0.032019
v -0.034987 0.026081 0.032019
v -0.034987 0.026081 0.032019
v -0.034987 0.026081 0.032019
v -0.034987 0.026081 0.032019
v -0.034987 0.026081 0.032019
v -0.034987 0.026081 0.032019
v -0.034981 0.021405 0.035259
v -0.034981 0.021405 0.035259
v -0.034981 0.021405 0.035259
v -0.034981 0.021405 0.035259
v -0.034981 0.021405 0.035259
v -0.034981 0.021405 0.035259
v -0.034972 0.026864 0.035083
v -0.034972 0.026864 0.035083
v -0.034972 0.026864 0.035083
v -0.034972 0.026864 0.035083
v -0.034972 0.026864 0.035083
v -0.034972 0.026864 0.035083
v -0.034950 0.022906 -0.037388
v -0.034950 0.022906 -0.037388
v -0.034950 0.022906 -0.037388
v -0.034950 0.022906 -0.037388
v -0.034950 0.022906 -0.037388
v -0.034950 0.022906 -0.037388
v -0.034948 -0.098228 0.042727
v -0.034948 -0.098228 0.042727
v -0.034948 -0.098228 0.042727
v -0.034948 -0.098228 0.042727
v -0.034948 -0.098228 0.042727
v -0.034939 0.019794 -0.037953
v -0.034939 0.019794 -0.037953
v -0.034939 0.019794 -0.037953
v -0.034939 0.019794 -0.037953
v -0.034939 0.019794 -0.037953
v -0.034939 0.019794 -0.037953
v -0.034939 0.019794 -0.037953
v -0.034920 0.019378 -0.037522
v -0.034920 0.019378 -0.037522
v -0.034920 0.019378 -0.037522
v -0.034920 0.019378 -0.037522
v -0.034920 0.019378 -0.037522
v -0.034920 0.019378 -0.037522
v -0.034917 0.021362 0.035731
v -0.034917 0.021362 0.035731
v -0.034917 0.021362 0.035731
v -0.034917 0.021362 0.035731
v -0.034917 0.021362 0.035731
v -0.034917 0.021362 0.035731
v -0.034915 0.025203 -0.038079
v -0.034915 0.025203 -0.038079
v -0.034915 0.025203 -0.038079
v -0.034915 0.025203 -0.038079
v -0.034893 0.022221 0.033666
v -0.034893 0.022221 0.033666
v -0.034893 0.022221 0.033666
v -0.034893 0.022221 0.033666
v -0.034893 0.022221 0.033666
v -0.034887 0.019137 -0.036639
v -0.034887 0.019137 -0.036639
v -0.034887 0.019137 -0.036639
v -0.034887 0.019137 -0.036639
v -0.034887 0.019137 -0.036639
v -0.034887 0.019137 -0.036639
v -0.034887 0.019137 -0.036639
v -0.034887 0.020380 -0.034144
v -0.034887 0.020380 -0.034144
v -0.034887 0.020380 -0.034144
v -0.034887 0.020380 -0.034144
v -0.034887 0.020380 -0.034144
v -0.034887 0.020380 -0.034144
v -0.034887 0.020380 -0.034144
v -0.034867 0.023347 0.032719
v -0.034867 0.023347 0.032719
v -0.034867 0.023347 0.032719
v -0.034867 0.023347 0.032719
v -0.034867 0.023347 0.032719
v -0.034866 0.024173 -0.032712
v -0.034866 0.024173 -0.032712
v -0.034866 0.024173 -0.032712
v -0.034866 0.024173 -0.032712
v -0.034866 0.024173 -0.032712
v -0.034858 0.022876 0.033032
v -0.034858 0.022876 0.033032
v -0.034858 0.022876 0.033032
v -0.034858 0.022876 0.033032
v -0.034858 0.022876 0.033032
v -0.034858 0.022876 0.033032
v -0.034805 0.021371 -0.037933
v -0.034805 0.021371 -0.037933
v -0.034805 0.021371 -0.037933
v -0.034805 0.021371 -0.037933
v -0.034805 0.021371 -0.037933
v -0.034802 0.021877 -0.037771
v -0.034802 0.021877 -0.037771
v -0.034802 0.021877 -0.037771
v -0.034802 0.021877 -0.037771
v -0.034802 0.021877 -0.037771
v -0.034802 0.021877 -0.037771
v -0.034792 0.024463 0.032185
v -0.034792 0.024463 0.032185
v -0.034792 0.024463 0.032185
v -0.034792 0.024463 0.032185
v -0.034792 0.024463 0.032185
v -0.034792 0.024463 0.032185
v -0.034792 0.024463 0.032185
v -0.034790 0.021468 -0.033447
v -0.034790 0.021468 -0.033447
v -0.034790 0.021468 -0.033447
v -0.034790 0.021468 -0.033447
v -0.034790 0.021468 -0.033447
v -0.034788 0.023744 -0.037051
v -0.034788 0.023744 -0.037051
v -0.034788 0.023744 -0.037051
v -0.034788 0.023744 -0.037051
v -0.034788 0.023744 -0.037051
v -0.034756 0.028320 0.030585
v -0.034756 0.028320 0.030585
v -0.034756 0.028320 0.030585
v -0.034756 0.028320 0.030585
v -0.034756 0.028320 0.030585
v -0.034756 0.028320 0.030585
v -0.034741 0.024998 0.036764
v -0.034741 0.024998 0.036764
v -0.034741 0.024998 0.036764
v -0.034741 0.024998 0.036764
v -0.034741 0.024998 0.036764
v -0.034741 0.024998 0.036764
v -0.034741 0.024998 0.036764
v -0.034740 0.023845 0.032419
v -0.034740 0.023845 0.032419
v -0.034740 0.023845 0.032419
v -0.034740 0.023845 0.032419
v -0.034740 0.023845 0.032419
v -0.034740 0.027327 0.031773
v -0.034740 0.027327 0.031773
v -0.034740 0.027327 0.031773
v -0.034740 0.027327 0.031773
v -0.034740 0.027327 0.031773
v -0.034740 0.027327 0.031773
v -0.034734 0.022728 0.033155
v -0.034734 0.022728 0.033155
v -0.034734 0.022728 0.033155
v -0.034734 0.022728 0.033155
v -0.034734 0.022728 0.033155
v -0.034723 0.025575 0.031892
v -0.034723 0.025575 0.031892
v -0.034723 0.025575 0.031892
v -0.034723 0.025575 0.031892
v -0.034723 0.025575 0.031892
v -0.034723 0.025575 0.031892
v -0.034722 0.020044 -0.034564
v -0.034722 0.020044 -0.034564
v -0.034722 0.020044 -0.034564
v -0.034722 0.020044 -0.034564
v -0.034722 0.020044 -0.034564
v -0.034722 0.020044 -0.034564
v -0.034722 0.020044 -0.034564
v -0.034718 0.026882 0.035270
v -0.034718 0.026882 0.035270
v -0.034718 0.026882 0.035270
v -0.034718 0.026882 0.035270
v -0.034718 0.026882 0.035270
v -0.034718 0.026882 0.035270
v -0.034709 0.026476 0.035528
v -0.034709 0.026476 0.035528
v -0.034709 0.026476 0.035528
v -0.034709 0.026476 0.035528
v -0.034709 0.026476 0.035528
v -0.034709 0.026476 0.035528
v -0.034709 0.026476 0.035528
v -0.034685 0.023502 -0.037123
v -0.034685 0.023502 -0.037123
v -0.034685 0.023502 -0.037123
v -0.034685 0.023502 -0.037123
v -0.034685 0.023502 -0.037123
v -0.034685 0.023502 -0.037123
v -0.034677 0.028320 0.036304
v -0.034677 0.028320 0.036304
v -0.034677 0.028320 0.036304
v -0.034677 0.028320 0.036304
v -0.034677 0.028320 0.036304
v -0.034677 0.028320 0.036304
v -0.034676 0.023013 -0.032886
v -0.034676 0.023013 -0.032886
v -0.034676 0.023013 -0.032886
v -0.034676 0.023013 -0.032886
v -0.034676 0.023013 -0.032886
v -0.034669 0.021546 0.036209
v -0.034669 0.021546 0.036209
v -0.034669 0.021546 0.036209
v -0.034669 0.021546 0.036209
v -0.034669 0.021546 0.036209
v -0.034669 0.021546 0.036209
v -0.034660 0.022187 -0.033146
v -0.034660 0.022187 -0.033146
v -0.034660 0.022187 -0.033146
v -0.034660 0.022187 -0.033146
v -0.034660 0.022187 -0.033146
v -0.034660 0.022187 -0.033146
v -0.034659 0.024541 0.037095
v -0.034659 0.024541 0.037095
v -0.034659 0.024541 0.037095
v -0.034659 0.024541 0.037095
v -0.034659 0.024541 0.037095
v -0.034659 0.024541 0.037095
v -0.034650 0.025975 0.035922
v -0.034650 0.025975 0.035922
v -0.034650 0.025975 0.035922
v -0.034650 0.025975 0.035922
v -0.034650 0.025975 0.035922
v -0.034650 0.025975 0.035922
v -0.034650 0.025975 0.035922
v -0.034650 0.025975 0.035922
v -0.034618 0.020441 -0.037795
v -0.034618 0.020441 -0.037795
v -0.034618 0.020441 -0.037795
v -0.034618 0.020441 -0.037795
v -0.034618 0.020441 -0.037795
v -0.034618 0.020441 -0.037795
v -0.034602 0.024203 0.037268
v -0.034602 0.024203 0.037268
v -0.034602 0.024203 0.037268
v -0.034602 0.024203 0.037268
v -0.034601 0.019464 -0.035835
v -0.034601 0.019464 -0.035835
v -0.034601 0.019464 -0.035835
v -0.034601 0.019464 -0.035835
v -0.034601 0.019464 -0.035835
v -0.034586 0.021978 0.034101
v -0.034586 0.021978 0.034101
v -0.034586 0.021978 0.034101
v -0.034586 0.021978 0.034101
v -0.034586 0.021978 0.034101
v -0.034586 0.021978 0.034101
v -0.034586 0.021978 0.034101
v -0.034583 0.019839 -0.037405
v -0.034583 0.019839 -0.037405
v -0.034583 0.019839 -0.037405
v -0.034583 0.019839 -0.037405
v -0.034580 0.021692 0.034754
v -0.034580 0.021692 0.034754
v -0.034580 0.021692 0.034754
v -0.034580 0.021692 0.034754
v -0.034580 0.021692 0.034754
v -0.034530 0.025562 0.036260
v -0.034530 0.025562 0.036260
v -0.034530 0.025562 0.036260
v -0.034530 0.025562 0.036260
v -0.034530 0.025562 0.036260
v -0.034530 0.025562 0.036260
v -0.034526 0.021087 -0.037743
v -0.034526 0.021087 -0.037743
v -0.034526 0.021087 -0.037743
v -0.034526 0.021087 -0.037743
v -0.034526 0.021087 -0.037743
v -0.034526 0.021087 -0.037743
v -0.034526 0.021087 -0.037743
v -0.034508 0.025203 -0.042392
v -0.034508 0.025203 -0.042392
v -0.034508 0.025203 -0.042392
v -0.034508 0.025203 -0.042392
v -0.034508 0.025203 -0.042392
v -0.034508 0.025203 -0.042392
v -0.034508 0.025203 -0.042392
v -0.034508 0.025203 -0.042392
v -0.034508 0.025203 -0.042392
v -0.034508 0.025203 -0.042392
v -0.034508 0.025203 -0.042392
v -0.034508 0.025203 -0.042392
v -0.034508 0.025203 -0.042392
v -0.034508 0.025203 -0.042392
v -0.034508 0.025203 -0.042392
v -0.034508 0.025203 -0.042392
v -0.034508 0.025203 -0.042392
v -0.034508 0.025203 -0.042392
v -0.034508 0.025203 -0.042392
v -0.034508 0.025203 -0.042392
v -0.034507 0.019882 -0.044512
v -0.034507 0.019882 -0.044512
v -0.034507 0.019882 -0.044512
v -0.034507 0.019882 -0.044512
v -0.034507 0.019882 -0.044512
v -0.034507 0.019882 -0.044512
v -0.034507 0.019882 -0.044512
v -0.034479 0.027351 0.031580
v -0.034479 0.027351 0.031580
v -0.034479 0.027351 0.031580
v -0.034479 0.027351 0.031580
v -0.034479 0.027351 0.031580
v -0.034473 0.018728 -0.044478
v -0.034473 0.018728 -0.044478
v -0.034473 0.018728 -0.044478
v -0.034473 0.018728 -0.044478
v -0.034466 0.022807 -0.037299
v -0.034466 0.022807 -0.037299
v -0.034466 0.022807 -0.037299
v -0.034466 0.022807 -0.037299
v -0.034466 0.022807 -0.037299
v -0.034466 0.022807 -0.037299
v -0.034466 0.022807 -0.037299
v -0.034460 0.024260 -0.037355
v -0.034460 0.024260 -0.037355
v -0.034460 0.024260 -0.037355
v -0.034460 0.024260 -0.037355
v -0.034460 0.024260 -0.037355
v -0.034460 0.024260 -0.037355
v -0.034459 0.026562 0.035582
v -0.034459 0.026562 0.035582
v -0.034459 0.026562 0.035582
v -0.034459 0.026562 0.035582
v -0.034459 0.026562 0.035582
v -0.034457 0.024199 -0.032672
v -0.034457 0.024199 -0.032672
v -0.034457 0.024199 -0.032672
v -0.034457 0.024199 -0.032672
v -0.034457 0.024199 -0.032672
v -0.034457 0.024199 -0.032672
v -0.034457 0.024199 -0.032672
v -0.034456 0.019799 -0.035216
v -0.034456 0.019799 -0.035216
v -0.034456 0.019799 -0.035216
v -0.034456 0.019799 -0.035216
v -0.034456 0.019799 -0.035216
v -0.034456 0.019799 -0.035216
v -0.034456 0.019799 -0.035216
v -0.034456 0.019799 -0.035216
v -0.034439 0.021867 0.036577
v -0.034439 0.021867 0.036577
v -0.034439 0.021867 0.036577
v -0.034439 0.021867 0.036577
v -0.034439 0.021867 0.036577
v -0.034439 0.021867 0.036577
v -0.034430 0.022154 0.036967
v -0.034430 0.022154 0.036967
v -0.034430 0.022154 0.036967
v -0.034430 0.022154 0.036967
v -0.034430 0.022154 0.036967
v -0.034430 0.022154 0.036967
v -0.034430 0.022154 0.036967
v -0.034419 0.022403 0.037153
v -0.034419 0.022403 0.037153
v -0.034419 0.022403 0.037153
v -0.034419 0.022403 0.037153
v -0.034419 0.022403 0.037153
v -0.034394 0.026605 0.031580
v -0.034394 0.026605 0.031580
v -0.034394 0.026605 0.031580
v -0.034394 0.026605 0.031580
v -0.034394 0.026605 0.031580
v -0.034377 0.019709 -0.036678
v -0.034377 0.019709 -0.036678
v -0.034377 0.019709 -0.036678
v -0.034377 0.019709 -0.036678
v -0.034377 0.019709 -0.036678
v -0.034377 0.019709 -0.036678
v -0.034377 0.019709 -0.036678
v -0.034370 0.026931 0.035430
v -0.034370 0.026931 0.035430
v -0.034370 0.026931 0.035430
v -0.034370 0.026931 0.035430
v -0.034370 0.026931 0.035430
v -0.034370 0.026931 0.035430
v -0.034363 0.023694 0.032443
v -0.034363 0.023694 0.032443
v -0.034363 0.023694 0.032443
v -0.034363 0.023694 0.032443
v -0.034363 0.023694 0.032443
v -0.034363 0.023694 0.032443
v -0.034351 0.021229 -0.033715
v -0.034351 0.021229 -0.033715
v -0.034351 0.021229 -0.033715
v -0.034351 0.021229 -0.033715
v -0.034351 0.021229 -0.033715
v -0.034351 0.021229 -0.033715
v -0.034351 0.021229 -0.033715
v -0.034328 0.021705 0.035588
v -0.034328 0.021705 0.035588
v -0.034328 0.021705 0.035588
v -0.034328 0.021705 0.035588
v -0.034328 0.021705 0.035588
v -0.034322 0.023347 -0.037095
v -0.034322 0.023347 -0.037095
v -0.034322 0.023347 -0.037095
v -0.034322 0.023347 -0.037095
v -0.034315 0.019707 -0.035983
v -0.034315 0.019707 -0.035983
v -0.034315 0.019707 -0.035983
v -0.034315 0.019707 -0.035983
v -0.034315 0.019707 -0.035983
v -0.034315 0.019707 -0.035983
v -0.034314 0.024827 0.036733
v -0.034314 0.024827 0.036733
v -0.034314 0.024827 0.036733
v -0.034314 0.024827 0.036733
v -0.034314 0.024827 0.036733
v -0.034306 0.020844 -0.034042
v -0.034306 0.020844 -0.034042
v -0.034306 0.020844 -0.034042
v -0.034306 0.020844 -0.034042
v -0.034306 0.020844 -0.034042
v -0.034300 -0.092884 0.044208
v -0.034300 -0.092884 0.044208
v -0.034300 -0.092884 0.044208
v -0.034300 -0.092884 0.044208
v -0.034300 -0.092884 0.044208
v -0.034298 0.017858 -0.044303
v -0.034298 0.017858 -0.044303
v -0.034298 0.017858 -0.044303
v -0.034298 0.017858 -0.044303
v -0.034298 0.017858 -0.044303
v -0.034298 0.017858 -0.044303
v -0.034290 0.020165 -0.034816
v -0.034290 0.020165 -0.034816
v -0.034290 0.020165 -0.034816
v -0.034290 0.020165 -0.034816
v -0.034278 0.012121 0.044186
v -0.034278 0.012121 0.044186
v -0.034278 0.012121 0.044186
v -0.034278 0.012121 0.044186
v -0.034278 0.012121 0.044186
v -0.034278 0.012121 0.044186
v -0.034278 0.012121 0.044186
v -0.034278 0.012121 0.044186
v -0.034273 0.025666 0.031674
v -0.034273 0.025666 0.031674
v -0.034273 0.025666 0.031674
v -0.034273 0.025666 0.031674
v -0.034273 0.025666 0.031674
v -0.034273 0.025666 0.031674
v -0.034273 0.025666 0.031674
v -0.034270 0.022508 0.033453
v -0.034270 0.022508 0.033453
v -0.034270 0.022508 0.033453
v -0.034270 0.022508 0.033453
v -0.034270 0.022508 0.033453
v -0.034270 0.022508 0.033453
v -0.034270 0.022508 0.033453
v -0.034249 0.020398 -0.037262
v -0.034249 0.020398 -0.037262
v -0.034249 0.020398 -0.037262
v -0.034249 0.020398 -0.037262
v -0.034249 0.020398 -0.037262
v -0.034249 0.020398 -0.037262
v -0.034249 0.020398 -0.037262
v -0.034223 0.027538 0.035879
v -0.034223 0.027538 0.035879
v -0.034223 0.027538 0.035879
v -0.034223 0.027538 0.035879
v -0.034223 0.027538 0.035879
v -0.034216 0.023870 -0.036957
v -0.034216 0.023870 -0.036957
v -0.034216 0.023870 -0.036957
v -0.034216 0.023870 -0.036957
v -0.034216 0.023870 -0.036957
v -0.034216 0.023870 -0.036957
v -0.034216 0.023870 -0.036957
v -0.034207 0.025203 -0.031618
v -0.034207 0.025203 -0.031618
v -0.034207 0.025203 -0.031618
v -0.034207 0.025203 -0.031618
v -0.034207 0.025203 -0.031618
v -0.034207 0.025203 -0.031618
v -0.034207 0.025203 -0.031618
v -0.034207 0.025203 -0.031618
v -0.034199 0.022799 0.037083
v -0.034199 0.022799 0.037083
v -0.034199 0.022799 0.037083
v -0.034199 0.022799 0.037083
v -0.034199 0.022799 0.037083
v -0.034199 0.022799 0.037083
v -0.034186 0.023036 -0.032940
v -0.034186 0.023036 -0.032940
v -0.034186 0.023036 -0.032940
v -0.034186 0.023036 -0.032940
v -0.034186 0.023036 -0.032940
v -0.034186 0.023036 -0.032940
v -0.034186 0.023036 -0.032940
v -0.034176 0.020083 -0.036817
v -0.034176 0.020083 -0.036817
v -0.034176 0.020083 -0.036817
v -0.034176 0.020083 -0.036817
v -0.034176 0.020083 -0.036817
v -0.034176 0.020083 -0.036817
v -0.034171 0.024276 0.036937
v -0.034171 0.024276 0.036937
v -0.034171 0.024276 0.036937
v -0.034171 0.024276 0.036937
v -0.034171 0.024276 0.036937
v -0.034171 0.024276 0.036937
v -0.034171 0.024276 0.036937
v -0.034171 0.024276 0.036937
v -0.034160 0.025203 -0.038031
v -0.034160 0.025203 -0.038031
v -0.034160 0.025203 -0.038031
v -0.034160 0.025203 -0.038031
v -0.034160 0.025203 -0.038031
v -0.034156 0.025977 0.035978
v -0.034156 0.025977 0.035978
v -0.034156 0.025977 0.035978
v -0.034156 0.025977 0.035978
v -0.034156 0.025977 0.035978
v -0.034145 0.022226 -0.037279
v -0.034145 0.022226 -0.037279
v -0.034145 0.022226 -0.037279
v -0.034145 0.022226 -0.037279
v -0.034145 0.022226 -0.037279
v -0.034145 0.022226 -0.037279
v -0.034145 0.022226 -0.037279
v -0.034145 0.022226 -0.037279
v -0.034129 0.021883 0.034896
v -0.034129 0.021883 0.034896
v -0.034129 0.021883 0.034896
v -0.034129 0.021883 0.034896
v -0.034129 0.021883 0.034896
v -0.034129 0.021883 0.034896
v -0.034127 0.023240 0.032768
v -0.034127 0.023240 0.032768
v -0.034127 0.023240 0.032768
v -0.034127 0.023240 0.032768
v -0.034127 0.023240 0.032768
v -0.034127 0.023240 0.032768
v -0.034127 0.023240 0.032768
v -0.034126 0.020609 -0.034418
v -0.034126 0.020609 -0.034418
v -0.034126 0.020609 -0.034418
v -0.034126 0.020609 -0.034418
v -0.034126 0.020609 -0.034418
v -0.034126 0.020609 -0.034418
v -0.034125 0.022018 -0.033350
v -0.034125 0.022018 -0.033350
v -0.034125 0.022018 -0.033350
v -0.034125 0.022018 -0.033350
v -0.034125 0.022018 -0.033350
v -0.034125 0.022018 -0.033350
v -0.034125 0.022018 -0.033350
v -0.034117 0.025420 0.036300
v -0.034117 0.025420 0.036300
v -0.034117 0.025420 0.036300
v -0.034117 0.025420 0.036300
v -0.034117 0.025420 0.036300
v -0.034112 0.022883 -0.037123
v -0.034112 0.022883 -0.037123
v -0.034112 0.022883 -0.037123
v -0.034112 0.022883 -0.037123
v -0.034112 0.022883 -0.037123
v -0.034090 0.026372 0.035768
v -0.034090 0.026372 0.035768
v -0.034090 0.026372 0.035768
v -0.034090 0.026372 0.035768
v -0.034090 0.026372 0.035768
v -0.034090 0.026372 0.035768
v -0.034090 0.026372 0.035768
v -0.034086 0.023822 -0.032785
v -0.034086 0.023822 -0.032785
v -0.034086 0.023822 -0.032785
v -0.034086 0.023822 -0.032785
v -0.034077 0.024701 0.031926
v -0.034077 0.024701 0.031926
v -0.034077 0.024701 0.031926
v -0.034077 0.024701 0.031926
v -0.034077 0.024701 0.031926
v -0.034077 0.024701 0.031926
v -0.034077 0.024701 0.031926
v -0.034053 0.027382 0.031361
v -0.034053 0.027382 0.031361
v -0.034053 0.027382 0.031361
v -0.034053 0.027382 0.031361
v -0.034053 0.027382 0.031361
v -0.034053 0.027382 0.031361
v -0.034053 0.027382 0.031361
v -0.034046 0.028320 0.030326
v -0.034046 0.028320 0.030326
v -0.034046 0.028320 0.030326
v -0.034046 0.028320 0.030326
v -0.034046 0.028320 0.030326
v -0.034032 0.026980 0.035511
v -0.034032 0.026980 0.035511
v -0.034032 0.026980 0.035511
v -0.034032 0.026980 0.035511
v -0.034032 0.026980 0.035511
v -0.034032 0.026980 0.035511
v -0.034019 0.023625 0.036979
v -0.034019 0.023625 0.036979
v -0.034019 0.023625 0.036979
v -0.034019 0.023625 0.036979
v -0.034019 0.023625 0.036979
v -0.034019 0.023625 0.036979
v -0.034019 0.023625 0.036979
v -0.034011 0.022115 0.034310
v -0.034011 0.022115 0.034310
v -0.034011 0.022115 0.034310
v -0.034011 0.022115 0.034310
v -0.034011 0.022115 0.034310
v -0.034011 0.022115 0.034310
v -0.033998 0.022192 0.036262
v -0.033998 0.022192 0.036262
v -0.033998 0.022192 0.036262
v -0.033998 0.022192 0.036262
v -0.033998 0.022192 0.036262
v -0.033971 0.023921 -0.036880
v -0.033971 0.023921 -0.036880
v -0.033971 0.023921 -0.036880
v -0.033971 0.023921 -0.036880
v -0.033971 0.023921 -0.036880
v -0.033971 0.023921 -0.036880
v -0.033938 -0.095138 0.043846
v -0.033938 -0.095138 0.043846
v -0.033938 -0.095138 0.043846
v -0.033938 -0.095138 0.043846
v -0.033938 -0.095138 0.043846
v -0.033938 -0.095138 0.043846
v -0.033925 0.024072 0.036818
v -0.033925 0.024072 0.036818
v -0.033925 0.024072 0.036818
v -0.033925 0.024072 0.036818
v -0.033922 0.022433 0.033766
v -0.033922 0.022433 0.033766
v -0.033922 0.022433 0.033766
v -0.033922 0.022433 0.033766
v -0.033922 0.022433 0.033766
v -0.033922 0.022433 0.033766
v -0.033906 0.020446 -0.034991
v -0.033906 0.020446 -0.034991
v -0.033906 0.020446 -0.034991
v -0.033906 0.020446 -0.034991
v -0.033906 0.020446 -0.034991
v -0.033906 0.020446 -0.034991
v -0.033905 0.016912 -0.043914
v -0.033905 0.016912 -0.043914
v -0.033905 0.016912 -0.043914
v -0.033905 0.016912 -0.043914
v -0.033905 0.016912 -0.043914
v -0.033905 0.016912 -0.043914
v -0.033905 0.016912 -0.043914
v -0.033905 0.016912 -0.043914
v -0.033905 0.016912 -0.043914
v -0.033905 0.016912 -0.043914
v -0.033895 0.023025 0.033027
v -0.033895 0.023025 0.033027
v -0.033895 0.023025 0.033027
v -0.033895 0.023025 0.033027
v -0.033891 0.025277 0.036311
v -0.033891 0.025277 0.036311
v -0.033891 0.025277 0.036311
v -0.033891 0.025277 0.036311
v -0.033891 0.025277 0.036311
v -0.033891 0.025277 0.036311
v -0.033888 0.021120 -0.034127
v -0.033888 0.021120 -0.034127
v -0.033888 0.021120 -0.034127
v -0.033888 0.021120 -0.034127
v -0.033888 0.021120 -0.034127
v -0.033888 0.021120 -0.034127
v -0.033879 0.022735 -0.033150
v -0.033879 0.022735 -0.033150
v -0.033879 0.022735 -0.033150
v -0.033879 0.022735 -0.033150
v -0.033879 0.022735 -0.033150
v -0.033878 0.016193 -0.042880
v -0.033878 0.016193 -0.042880
v -0.033878 0.016193 -0.042880
v -0.033878 0.016193 -0.042880
v -0.033878 0.016193 -0.042880
v -0.033863 0.020278 -0.035839
v -0.033863 0.020278 -0.035839
v -0.033863 0.020278 -0.035839
v -0.033863 0.020278 -0.035839
v -0.033863 0.020278 -0.035839
v -0.033863 0.020278 -0.035839
v -0.033851 0.021391 -0.037039
v -0.033851 0.021391 -0.037039
v -0.033851 0.021391 -0.037039
v -0.033851 0.021391 -0.037039
v -0.033851 0.021391 -0.037039
v -0.033851 0.021391 -0.037039
v -0.033844 0.024095 0.032217
v -0.033844 0.024095 0.032217
v -0.033844 0.024095 0.032217
v -0.033844 0.024095 0.032217
v -0.033844 0.024095 0.032217
v -0.033844 0.024095 0.032217
v -0.033841 0.025685 0.031577
v -0.033841 0.025685 0.031577
v -0.033841 0.025685 0.031577
v -0.033841 0.025685 0.031577
v -0.033841 0.025685 0.031577
v -0.033834 0.023313 -0.036904
v -0.033834 0.023313 -0.036904
v -0.033834 0.023313 -0.036904
v -0.033834 0.023313 -0.036904
v -0.033834 0.023313 -0.036904
v -0.033834 0.023313 -0.036904
v -0.033831 0.020391 -0.035347
v -0.033831 0.020391 -0.035347
v -0.033831 0.020391 -0.035347
v -0.033831 0.020391 -0.035347
v -0.033831 0.020391 -0.035347
v -0.033831 0.020391 -0.035347
v -0.033801 0.022136 0.035588
v -0.033801 0.022136 0.035588
v -0.033801 0.022136 0.035588
v -0.033801 0.022136 0.035588
v -0.033801 0.022136 0.035588
v -0.033801 0.022136 0.035588
v -0.033801 0.022136 0.035588
v -0.033798 0.024209 -0.032806
v -0.033798 0.024209 -0.032806
v -0.033798 0.024209 -0.032806
v -0.033798 0.024209 -0.032806
v -0.033798 0.024209 -0.032806
v -0.033798 0.024209 -0.032806
v -0.033798 0.024209 -0.032806
v -0.033791 0.020785 -0.036676
v -0.033791 0.020785 -0.036676
v -0.033791 0.020785 -0.036676
v -0.033791 0.020785 -0.036676
v -0.033791 0.020785 -0.036676
v -0.033790 0.027566 0.035943
v -0.033790 0.027566 0.035943
v -0.033790 0.027566 0.035943
v -0.033790 0.027566 0.035943
v -0.033790 0.027566 0.035943
v -0.033782 -0.099912 0.041562
v -0.033782 -0.099912 0.041562
v -0.033782 -0.099912 0.041562
v -0.033782 -0.099912 0.041562
v -0.033782 -0.099912 0.041562
v -0.033782 -0.099912 0.041562
v -0.033752 0.023703 -0.043757
v -0.033752 0.023703 -0.043757
v -0.033752 0.023703 -0.043757
v -0.033752 0.023703 -0.043757
v -0.033752 0.023703 -0.043757
v -0.033752 0.023703 -0.043757
v -0.033752 0.023703 -0.043757
v -0.033741 0.020545 -0.036215
v -0.033741 0.020545 -0.036215
v -0.033741 0.020545 -0.036215
v -0.033741 0.020545 -0.036215
v -0.033741 0.020545 -0.036215
v -0.033741 0.020545 -0.036215
v -0.033737 0.021715 -0.033774
v -0.033737 0.021715 -0.033774
v -0.033737 0.021715 -0.033774
v -0.033737 0.021715 -0.033774
v -0.033737 0.021715 -0.033774
v -0.033737 0.021715 -0.033774
v -0.033716 0.026713 0.031351
v -0.033716 0.026713 0.031351
v -0.033716 0.026713 0.031351
v -0.033716 0.026713 0.031351
v -0.033716 0.026713 0.031351
v -0.033716 0.026713 0.031351
v -0.033709 0.020946 -0.034554
v -0.033709 0.020946 -0.034554
v -0.033709 0.020946 -0.034554
v -0.033709 0.020946 -0.034554
v -0.033709 0.020946 -0.034554
v -0.033683 0.022204 0.034879
v -0.033683 0.022204 0.034879
v -0.033683 0.022204 0.034879
v -0.033683 0.022204 0.034879
v -0.033683 0.022204 0.034879
v -0.033683 0.022204 0.034879
v -0.033683 0.022204 0.034879
v -0.033683 0.023680 -0.032954
v -0.033683 0.023680 -0.032954
v -0.033683 0.023680 -0.032954
v -0.033683 0.023680 -0.032954
v -0.033683 0.023680 -0.032954
v -0.033683 0.023680 -0.032954
v -0.033673 0.028320 0.036529
v -0.033673 0.028320 0.036529
v -0.033673 0.028320 0.036529
v -0.033673 0.028320 0.036529
v -0.033673 0.028320 0.036529
v -0.033671 0.023559 0.036645
v -0.033671 0.023559 0.036645
v -0.033671 0.023559 0.036645
v -0.033671 0.023559 0.036645
v -0.033671 0.023559 0.036645
v -0.033671 0.023559 0.036645
v -0.033671 0.023559 0.036645
v -0.033671 0.023559 0.036645
v -0.033667 0.025939 0.035950
v -0.033667 0.025939 0.035950
v -0.033667 0.025939 0.035950
v -0.033667 0.025939 0.035950
v -0.033667 0.025939 0.035950
v -0.033667 0.025939 0.035950
v -0.033667 0.025939 0.035950
v -0.033659 0.015743 -0.042023
v -0.033659 0.015743 -0.042023
v -0.033659 0.015743 -0.042023
v -0.033651 0.027048 0.035545
v -0.033651 0.027048 0.035545
v -0.033651 0.027048 0.035545
v -0.033651 0.027048 0.035545
v -0.033651 0.027048 0.035545
v -0.033651 0.027048 0.035545
v -0.033651 0.027048 0.035545
v -0.033649 0.024848 0.036392
v -0.033649 0.024848 0.036392
v -0.033649 0.024848 0.036392
v -0.033649 0.024848 0.036392
v -0.033649 0.024848 0.036392
v -0.033649 0.024848 0.036392
v -0.033649 0.024848 0.036392
v -0.033608 0.023696 0.032540
v -0.033608 0.023696 0.032540
v -0.033608 0.023696 0.032540
v -0.033608 0.023696 0.032540
v -0.033608 0.023696 0.032540
v -0.033608 0.023696 0.032540
v -0.033608 0.023696 0.032540
v -0.033603 0.022460 -0.033434
v -0.033603 0.022460 -0.033434
v -0.033603 0.022460 -0.033434
v -0.033603 0.022460 -0.033434
v -0.033603 0.022460 -0.033434
v -0.033603 0.022460 -0.033434
v -0.033590 0.023231 -0.036759
v -0.033590 0.023231 -0.036759
v -0.033590 0.023231 -0.036759
v -0.033590 0.023231 -0.036759
v -0.033588 0.022624 0.036060
v -0.033588 0.022624 0.036060
v -0.033588 0.022624 0.036060
v -0.033588 0.022624 0.036060
v -0.033588 0.022624 0.036060
v -0.033576 0.022993 0.036361
v -0.033576 0.022993 0.036361
v -0.033576 0.022993 0.036361
v -0.033576 0.022993 0.036361
v -0.033576 0.022993 0.036361
v -0.033576 0.022993 0.036361
v -0.033531 0.024326 -0.037014
v -0.033531 0.024326 -0.037014
v -0.033531 0.024326 -0.037014
v -0.033531 0.024326 -0.037014
v -0.033528 0.025270 0.031699
v -0.033528 0.025270 0.031699
v -0.033528 0.025270 0.031699
v -0.033528 0.025270 0.031699
v -0.033528 0.025270 0.031699
v -0.033528 0.025270 0.031699
v -0.033528 0.025270 0.031699
v -0.033522 0.026538 0.035702
v -0.033522 0.026538 0.035702
v -0.033522 0.026538 0.035702
v -0.033522 0.026538 0.035702
v -0.033522 0.026538 0.035702
v -0.033522 0.026538 0.035702
v -0.033506 0.023167 0.033068
v -0.033506 0.023167 0.033068
v -0.033506 0.023167 0.033068
v -0.033506 0.023167 0.033068
v -0.033506 0.023167 0.033068
v -0.033506 0.023167 0.033068
v -0.033506 0.023167 0.033068
v -0.033506 0.023167 0.033068
v -0.033473 0.022681 -0.036693
v -0.033473 0.022681 -0.036693
v -0.033473 0.022681 -0.036693
v -0.033473 0.022681 -0.036693
v -0.033473 0.022681 -0.036693
v -0.033473 0.022681 -0.036693
v -0.033473 0.022681 -0.036693
v -0.033473 0.022681 -0.036693
v -0.033460 0.025203 -0.037822
v -0.033460 0.025203 -0.037822
v -0.033460 0.025203 -0.037822
v -0.033460 0.025203 -0.037822
v -0.033460 0.025203 -0.037822
v -0.033460 0.025203 -0.037822
v -0.033458 0.021133 -0.034777
v -0.033458 0.021133 -0.034777
v -0.033458 0.021133 -0.034777
v -0.033458 0.021133 -0.034777
v -0.033458 0.021133 -0.034777
v -0.033458 0.021133 -0.034777
v -0.033458 0.021133 -0.034777
v -0.033455 0.026070 0.031462
v -0.033455 0.026070 0.031462
v -0.033455 0.026070 0.031462
v -0.033455 0.026070 0.031462
v -0.033455 0.026070 0.031462
v -0.033446 0.024484 0.032066
v -0.033446 0.024484 0.032066
v -0.033446 0.024484 0.032066
v -0.033446 0.024484 0.032066
v -0.033446 0.024484 0.032066
v -0.033440 0.021680 -0.036515
v -0.033440 0.021680 -0.036515
v -0.033440 0.021680 -0.036515
v -0.033440 0.021680 -0.036515
v -0.033440 0.021680 -0.036515
v -0.033440 0.021680 -0.036515
v -0.033438 0.022561 0.035598
v -0.033438 0.022561 0.035598
v -0.033438 0.022561 0.035598
v -0.033438 0.022561 0.035598
v -0.033438 0.022561 0.035598
v -0.033438 0.022561 0.035598
v -0.033430 0.023296 -0.033201
v -0.033430 0.023296 -0.033201
v -0.033430 0.023296 -0.033201
v -0.033430 0.023296 -0.033201
v -0.033430 0.023296 -0.033201
v -0.033430 0.023296 -0.033201
v -0.033421 0.024017 -0.036589
v -0.033421 0.024017 -0.036589
v -0.033421 0.024017 -0.036589
v -0.033421 0.024017 -0.036589
v -0.033421 0.024017 -0.036589
v -0.033421 0.024017 -0.036589
v -0.033421 0.024017 -0.036589
v -0.033402 0.022647 0.034008
v -0.033402 0.022647 0.034008
v -0.033402 0.022647 0.034008
v -0.033402 0.022647 0.034008
v -0.033402 0.022647 0.034008
v -0.033402 0.022647 0.034008
v -0.033402 0.022647 0.034008
v -0.033374 0.021125 -0.035802
v -0.033374 0.021125 -0.035802
v -0.033374 0.021125 -0.035802
v -0.033374 0.021125 -0.035802
v -0.033374 0.021125 -0.035802
v -0.033374 0.021125 -0.035802
v -0.033373 0.027408 0.031228
v -0.033373 0.027408 0.031228
v -0.033373 0.027408 0.031228
v -0.033373 0.027408 0.031228
v -0.033373 0.027408 0.031228
v -0.033373 0.027408 0.031228
v -0.033373 0.027408 0.031228
v -0.033372 0.021737 -0.034167
v -0.033372 0.021737 -0.034167
v -0.033372 0.021737 -0.034167
v -0.033372 0.021737 -0.034167
v -0.033372 0.021737 -0.034167
v -0.033372 0.021737 -0.034167
v -0.033372 0.021737 -0.034167
v -0.033365 0.022248 -0.033772
v -0.033365 0.022248 -0.033772
v -0.033365 0.022248 -0.033772
v -0.033365 0.022248 -0.033772
v -0.033365 0.022248 -0.033772
v -0.033334 0.025396 0.036038
v -0.033334 0.025396 0.036038
v -0.033334 0.025396 0.036038
v -0.033334 0.025396 0.036038
v -0.033334 0.025396 0.036038
v -0.033334 0.025396 0.036038
v -0.033326 0.027105 0.035534
v -0.033326 0.027105 0.035534
v -0.033326 0.027105 0.035534
v -0.033326 0.027105 0.035534
v -0.033326 0.027105 0.035534
v -0.033322 0.021173 -0.035471
v -0.033322 0.021173 -0.035471
v -0.033322 0.021173 -0.035471
v -0.033322 0.021173 -0.035471
v -0.033322 0.021173 -0.035471
v -0.033322 0.021173 -0.035471
v -0.033316 0.025203 -0.031848
v -0.033316 0.025203 -0.031848
v -0.033316 0.025203 -0.031848
v -0.033316 0.025203 -0.031848
v -0.033314 0.028320 0.030238
v -0.033314 0.028320 0.030238
v -0.033314 0.028320 0.030238
v -0.033314 0.028320 0.030238
v -0.033308 0.024219 -0.033065
v -0.033308 0.024219 -0.033065
v -0.033308 0.024219 -0.033065
v -0.033308 0.024219 -0.033065
v -0.033308 0.024219 -0.033065
v -0.033308 0.024219 -0.033065
v -0.033296 0.022997 0.033493
v -0.033296 0.022997 0.033493
v -0.033296 0.022997 0.033493
v -0.033296 0.022997 0.033493
v -0.033294 0.021556 -0.036144
v -0.033294 0.021556 -0.036144
v -0.033294 0.021556 -0.036144
v -0.033294 0.021556 -0.036144
v -0.033294 0.021556 -0.036144
v -0.033294 0.021556 -0.036144
v -0.033235 0.022653 0.034547
v -0.033235 0.022653 0.034547
v -0.033235 0.022653 0.034547
v -0.033235 0.022653 0.034547
v -0.033221 0.026259 0.035729
v -0.033221 0.026259 0.035729
v -0.033221 0.026259 0.035729
v -0.033221 0.026259 0.035729
v -0.033221 0.026259 0.035729
v -0.033198 0.028320 0.040978
v -0.033198 0.028320 0.040978
v -0.033198 0.028320 0.040978
v -0.033198 0.028320 0.040978
v -0.033198 0.028320 0.040978
v -0.033198 0.028320 0.040978
v -0.033198 0.028320 0.040978
v -0.033198 0.028320 0.040978
v -0.033198 0.028320 0.040978
v -0.033198 0.028320 0.040978
v -0.033198 0.028320 0.040978
v -0.033198 0.028320 0.040978
v -0.033198 0.028320 0.040978
v -0.033198 0.028320 0.040978
v -0.033198 0.028320 0.040978
v -0.033198 0.028320 0.040978
v -0.033198 0.028320 0.040978
v -0.033198 0.028320 0.040978
v -0.033198 0.028320 0.040978
v -0.033198 0.028320 0.040978
v -0.033198 0.028320 0.040978
v -0.033198 0.028320 0.040978
v -0.033173 0.022700 -0.036347
v -0.033173 0.022700 -0.036347
v -0.033173 0.022700 -0.036347
v -0.033173 0.022700 -0.036347
v -0.033173 0.022700 -0.036347
v -0.033173 0.022700 -0.036347
v -0.033170 0.023869 0.032603
v -0.033170 0.023869 0.032603
v -0.033170 0.023869 0.032603
v -0.033170 0.023869 0.032603
v -0.033170 0.023869 0.032603
v -0.033157 0.026905 0.031303
v -0.033157 0.026905 0.031303
v -0.033157 0.026905 0.031303
v -0.033157 0.026905 0.031303
v -0.033157 0.026905 0.031303
v -0.033157 0.026905 0.031303
v -0.033130 0.021630 -0.034938
v -0.033130 0.021630 -0.034938
v -0.033130 0.021630 -0.034938
v -0.033130 0.021630 -0.034938
v -0.033130 0.021630 -0.034938
v -0.033126 0.022924 -0.033645
v -0.033126 0.022924 -0.033645
v -0.033126 0.022924 -0.033645
v -0.033126 0.022924 -0.033645
v -0.033126 0.022924 -0.033645
v -0.033126 0.022924 -0.033645
v -0.033113 0.024420 0.032222
v -0.033113 0.024420 0.032222
v -0.033113 0.024420 0.032222
v -0.033113 0.024420 0.032222
v -0.033113 0.024420 0.032222
v -0.033113 0.024420 0.032222
v -0.033089 0.024068 -0.036307
v -0.033089 0.024068 -0.036307
v -0.033089 0.024068 -0.036307
v -0.033089 0.024068 -0.036307
v -0.033089 0.024068 -0.036307
v -0.033080 0.015410 -0.040973
v -0.033080 0.015410 -0.040973
v -0.033080 0.015410 -0.040973
v -0.033080 0.015410 -0.040973
v -0.033080 0.015410 -0.040973
v -0.033080 0.015410 -0.040973
v -0.033080 0.015410 -0.040973
v -0.033080 0.015410 -0.040973
v -0.033080 0.015410 -0.040973
v -0.033080 0.015410 -0.040973
v -0.033080 0.015410 -0.040973
v -0.033077 0.022815 0.034834
v -0.033077 0.022815 0.034834
v -0.033077 0.022815 0.034834
v -0.033077 0.022815 0.034834
v -0.033077 0.022815 0.034834
v -0.033077 0.022815 0.034834
v -0.033077 0.022815 0.034834
v -0.033077 0.022815 0.034834
v -0.033050 0.024848 0.035985
v -0.033050 0.024848 0.035985
v -0.033050 0.024848 0.035985
v -0.033050 0.024848 0.035985
v -0.033050 0.024848 0.035985
v -0.033045 0.022005 -0.034559
v -0.033045 0.022005 -0.034559
v -0.033045 0.022005 -0.034559
v -0.033045 0.022005 -0.034559
v -0.033045 0.022005 -0.034559
v -0.033038 0.023208 0.035598
v -0.033038 0.023208 0.035598
v -0.033038 0.023208 0.035598
v -0.033038 0.023208 0.035598
v -0.033038 0.023208 0.035598
v -0.033038 0.023208 0.035598
v -0.033035 0.023697 0.035913
v -0.033035 0.023697 0.035913
v -0.033035 0.023697 0.035913
v -0.033035 0.023697 0.035913
v -0.033035 0.023697 0.035913
v -0.033035 0.023697 0.035913
v -0.033032 0.022003 -0.035743
v -0.033032 0.022003 -0.035743
v -0.033032 0.022003 -0.035743
v -0.033032 0.022003 -0.035743
v -0.033032 0.022003 -0.035743
v -0.033012 0.025287 0.031794
v -0.033012 0.025287 0.031794
v -0.033012 0.025287 0.031794
v -0.033012 0.025287 0.031794
v -0.033012 0.025287 0.031794
v -0.033012 0.025287 0.031794
v -0.033012 0.025287 0.031794
v -0.032972 0.023776 -0.033470
v -0.032972 0.023776 -0.033470
v -0.032972 0.023776 -0.033470
v -0.032972 0.023776 -0.033470
v -0.032972 0.023776 -0.033470
v -0.032928 0.023376 0.033371
v -0.032928 0.023376 0.033371
v -0.032928 0.023376 0.033371
v -0.032928 0.023376 0.033371
v -0.032928 0.023376 0.033371
v -0.032928 0.023376 0.033371
v -0.032928 0.023376 0.033371
v -0.032925 0.026157 0.031516
v -0.032925 0.026157 0.031516
v -0.032925 0.026157 0.031516
v -0.032925 0.026157 0.031516
v -0.032925 0.026157 0.031516
v -0.032925 0.026157 0.031516
v -0.032916 0.022116 -0.035234
v -0.032916 0.022116 -0.035234
v -0.032916 0.022116 -0.035234
v -0.032916 0.022116 -0.035234
v -0.032916 0.022116 -0.035234
v -0.032916 0.022116 -0.035234
v -0.032901 0.024219 -0.033442
v -0.032901 0.024219 -0.033442
v -0.032901 0.024219 -0.033442
v -0.032901 0.024219 -0.033442
v -0.032901 0.024219 -0.033442
v -0.032901 0.024219 -0.033442
v -0.032894 0.026841 0.035505
v -0.032894 0.026841 0.035505
v -0.032894 0.026841 0.035505
v -0.032894 0.026841 0.035505
v -0.032894 0.026841 0.035505
v -0.032894 0.026841 0.035505
v -0.032889 0.022740 -0.034142
v -0.032889 0.022740 -0.034142
v -0.032889 0.022740 -0.034142
v -0.032889 0.022740 -0.034142
v -0.032889 0.022740 -0.034142
v -0.032889 0.022740 -0.034142
v -0.032889 0.022740 -0.034142
v -0.032881 0.026026 0.035654
v -0.032881 0.026026 0.035654
v -0.032881 0.026026 0.035654
v -0.032881 0.026026 0.035654
v -0.032881 0.026026 0.035654
v -0.032872 0.024103 -0.036062
v -0.032872 0.024103 -0.036062
v -0.032872 0.024103 -0.036062
v -0.032872 0.024103 -0.036062
v -0.032872 0.024103 -0.036062
v -0.032868 0.023161 0.033970
v -0.032868 0.023161 0.033970
v -0.032868 0.023161 0.033970
v -0.032868 0.023161 0.033970
v -0.032868 0.023161 0.033970
v -0.032868 0.023161 0.033970
v -0.032859 0.022782 -0.035811
v -0.032859 0.022782 -0.035811
v -0.032859 0.022782 -0.035811
v -0.032859 0.022782 -0.035811
v -0.032859 0.022782 -0.035811
v -0.032859 0.022782 -0.035811
v -0.032859 0.022782 -0.035811
v -0.032857 -0.097681 0.042765
v -0.032857 -0.097681 0.042765
v -0.032857 -0.097681 0.042765
v -0.032857 -0.097681 0.042765
v -0.032857 -0.097681 0.042765
v -0.032857 -0.097681 0.042765
v -0.032843 0.027185 0.035439
v -0.032843 0.027185 0.035439
v -0.032843 0.027185 0.035439
v -0.032843 0.027185 0.035439
v -0.032843 0.027185 0.035439
v -0.032800 0.028320 0.036446
v -0.032800 0.028320 0.036446
v -0.032800 0.028320 0.036446
v -0.032800 0.028320 0.036446
v -0.032800 0.028320 0.036446
v -0.032800 0.028320 0.036446
v -0.032796 0.027736 0.035927
v -0.032796 0.027736 0.035927
v -0.032796 0.027736 0.035927
v -0.032796 0.027736 0.035927
v -0.032796 0.027736 0.035927
v -0.032790 0.024368 0.032453
v -0.032790 0.024368 0.032453
v -0.032790 0.024368 0.032453
v -0.032790 0.024368 0.032453
v -0.032790 0.024368 0.032453
v -0.032774 0.023973 0.032819
v -0.032774 0.023973 0.032819
v -0.032774 0.023973 0.032819
v -0.032774 0.023973 0.032819
v -0.032774 0.023973 0.032819
v -0.032774 0.023973 0.032819
v -0.032767 0.023550 -0.033868
v -0.032767 0.023550 -0.033868
v -0.032767 0.023550 -0.033868
v -0.032767 0.023550 -0.033868
v -0.032767 0.023550 -0.033868
v -0.032767 0.023550 -0.033868
v -0.032761 0.023313 0.035002
v -0.032761 0.023313 0.035002
v -0.032761 0.023313 0.035002
v -0.032761 0.023313 0.035002
v -0.032761 0.023313 0.035002
v -0.032761 0.023313 0.035002
v -0.032739 0.022762 -0.035372
v -0.032739 0.022762 -0.035372
v -0.032739 0.022762 -0.035372
v -0.032739 0.022762 -0.035372
v -0.032739 0.022762 -0.035372
v -0.032739 0.022762 -0.035372
v -0.032715 0.022751 -0.034805
v -0.032715 0.022751 -0.034805
v -0.032715 0.022751 -0.034805
v -0.032715 0.022751 -0.034805
v -0.032715 0.022751 -0.034805
v -0.032715 0.022751 -0.034805
v -0.032715 0.022751 -0.034805
v -0.032694 0.025203 -0.032188
v -0.032694 0.025203 -0.032188
v -0.032694 0.025203 -0.032188
v -0.032694 0.025203 -0.032188
v -0.032694 0.025203 -0.032188
v -0.032694 0.025203 -0.032188
v -0.032663 0.025203 -0.037382
v -0.032663 0.025203 -0.037382
v -0.032663 0.025203 -0.037382
v -0.032663 0.025203 -0.037382
v -0.032663 0.025203 -0.037382
v -0.032663 0.025203 -0.037382
v -0.032657 0.024138 -0.035725
v -0.032657 0.024138 -0.035725
v -0.032657 0.024138 -0.035725
v -0.032657 0.024138 -0.035725
v -0.032657 0.024138 -0.035725
v -0.032657 0.024138 -0.035725
v -0.032657 0.024138 -0.035725
v -0.032657 0.024138 -0.035725
v -0.032641 0.027424 0.031352
v -0.032641 0.027424 0.031352
v -0.032641 0.027424 0.031352
v -0.032641 0.027424 0.031352
v -0.032641 0.027424 0.031352
v -0.032619 0.025000 0.032146
v -0.032619 0.025000 0.032146
v -0.032619 0.025000 0.032146
v -0.032619 0.025000 0.032146
v -0.032619 0.025000 0.032146
v -0.032619 0.025000 0.032146
v -0.032614 0.023443 0.034617
v -0.032614 0.023443 0.034617
v -0.032614 0.023443 0.034617
v -0.032614 0.023443 0.034617
v -0.032614 0.023443 0.034617
v -0.032603 0.023660 -0.035470
v -0.032603 0.023660 -0.035470
v -0.032603 0.023660 -0.035470
v -0.032603 0.023660 -0.035470
v -0.032603 0.023660 -0.035470
v -0.032602 0.023559 -0.034268
v -0.032602 0.023559 -0.034268
v -0.032602 0.023559 -0.034268
v -0.032602 0.023559 -0.034268
v -0.032602 0.023559 -0.034268
v -0.032602 0.023559 -0.034268
v -0.032602 0.026161 0.031637
v -0.032602 0.026161 0.031637
v -0.032602 0.026161 0.031637
v -0.032602 0.026161 0.031637
v -0.032602 0.026161 0.031637
v -0.032599 0.024213 -0.033946
v -0.032599 0.024213 -0.033946
v -0.032599 0.024213 -0.033946
v -0.032599 0.024213 -0.033946
v -0.032599 0.024213 -0.033946
v -0.032599 0.024213 -0.033946
v -0.032599 0.024213 -0.033946
v -0.032573 0.023957 0.035274
v -0.032573 0.023957 0.035274
v -0.032573 0.023957 0.035274
v -0.032573 0.023957 0.035274
v -0.032573 0.023957 0.035274
v -0.032573 0.023957 0.035274
v -0.032564 0.026938 0.031456
v -0.032564 0.026938 0.031456
v -0.032564 0.026938 0.031456
v -0.032564 0.026938 0.031456
v -0.032564 0.026938 0.031456
v -0.032564 0.026938 0.031456
v -0.032537 0.023554 0.034084
v -0.032537 0.023554 0.034084
v -0.032537 0.023554 0.034084
v -0.032537 0.023554 0.034084
v -0.032537 0.023554 0.034084
v -0.032519 0.023581 -0.034844
v -0.032519 0.023581 -0.034844
v -0.032519 0.023581 -0.034844
v -0.032519 0.023581 -0.034844
v -0.032519 0.023581 -0.034844
v -0.032519 0.023581 -0.034844
v -0.032476 0.024170 -0.035177
v -0.032476 0.024170 -0.035177
v -0.032476 0.024170 -0.035177
v -0.032476 0.024170 -0.035177
v -0.032476 0.024170 -0.035177
v -0.032466 0.024157 0.033006
v -0.032466 0.024157 0.033006
v -0.032466 0.024157 0.033006
v -0.032466 0.024157 0.033006
v -0.032466 0.024157 0.033006
v -0.032454 0.027238 0.035266
v -0.032454 0.027238 0.035266
v -0.032454 0.027238 0.035266
v -0.032454 0.027238 0.035266
v -0.032454 0.027238 0.035266
v -0.032454 0.027238 0.035266
v -0.032454 0.027238 0.035266
v -0.032436 0.024200 -0.034562
v -0.032436 0.024200 -0.034562
v -0.032436 0.024200 -0.034562
v -0.032436 0.024200 -0.034562
v -0.032436 0.024200 -0.034562
v -0.032436 0.024200 -0.034562
v -0.032422 0.025899 0.031826
v -0.032422 0.025899 0.031826
v -0.032422 0.025899 0.031826
v -0.032422 0.025899 0.031826
v -0.032422 0.025899 0.031826
v -0.032422 0.025899 0.031826
v -0.032388 0.026049 0.035333
v -0.032388 0.026049 0.035333
v -0.032388 0.026049 0.035333
v -0.032388 0.026049 0.035333
v -0.032388 0.026049 0.035333
v -0.032388 0.026049 0.035333
v -0.032388 0.026049 0.035333
v -0.032387 0.023942 0.033510
v -0.032387 0.023942 0.033510
v -0.032387 0.023942 0.033510
v -0.032387 0.023942 0.033510
v -0.032387 0.023942 0.033510
v -0.032387 0.023942 0.033510
v -0.032387 0.023942 0.033510
v -0.032368 0.025311 0.035340
v -0.032368 0.025311 0.035340
v -0.032368 0.025311 0.035340
v -0.032368 0.025311 0.035340
v -0.032368 0.025311 0.035340
v -0.032368 0.025311 0.035340
v -0.032368 0.025311 0.035340
v -0.032368 0.025311 0.035340
v -0.032367 0.024772 0.035274
v -0.032367 0.024772 0.035274
v -0.032367 0.024772 0.035274
v -0.032367 0.024772 0.035274
v -0.032367 0.024772 0.035274
v -0.032367 0.024772 0.035274
v -0.032367 0.024772 0.035274
v -0.032361 0.024790 0.032522
v -0.032361 0.024790 0.032522
v -0.032361 0.024790 0.032522
v -0.032361 0.024790 0.032522
v -0.032361 0.024790 0.032522
v -0.032361 0.024790 0.032522
v -0.032303 -0.101175 0.040082
v -0.032303 -0.101175 0.040082
v -0.032303 -0.101175 0.040082
v -0.032303 -0.101175 0.040082
v -0.032303 -0.101175 0.040082
v -0.032283 0.024086 0.034627
v -0.032283 0.024086 0.034627
v -0.032283 0.024086 0.034627
v -0.032283 0.024086 0.034627
v -0.032283 0.024086 0.034627
v -0.032283 0.024086 0.034627
v -0.032283 0.024086 0.034627
v -0.032275 0.028320 0.030417
v -0.032275 0.028320 0.030417
v -0.032275 0.028320 0.030417
v -0.032275 0.028320 0.030417
v -0.032275 0.028320 0.030417
v -0.032275 0.028320 0.030417
v -0.032223 0.026802 0.031672
v -0.032223 0.026802 0.031672
v -0.032223 0.026802 0.031672
v -0.032223 0.026802 0.031672
v -0.032223 0.026802 0.031672
v -0.032223 0.026802 0.031672
v -0.032192 0.024613 0.034918
v -0.032192 0.024613 0.034918
v -0.032192 0.024613 0.034918
v -0.032192 0.024613 0.034918
v -0.032192 0.024613 0.034918
v -0.032178 0.025382 0.032293
v -0.032178 0.025382 0.032293
v -0.032178 0.025382 0.032293
v -0.032178 0.025382 0.032293
v -0.032178 0.025382 0.032293
v -0.032178 0.025382 0.032293
v -0.032169 0.027432 0.031589
v -0.032169 0.027432 0.031589
v -0.032169 0.027432 0.031589
v -0.032169 0.027432 0.031589
v -0.032169 0.027432 0.031589
v -0.032169 0.027432 0.031589
v -0.032169 0.027432 0.031589
v -0.032166 0.024173 0.034009
v -0.032166 0.024173 0.034009
v -0.032166 0.024173 0.034009
v -0.032166 0.024173 0.034009
v -0.032166 0.024173 0.034009
v -0.032166 0.024173 0.034009
v -0.032128 0.027284 0.035070
v -0.032128 0.027284 0.035070
v -0.032128 0.027284 0.035070
v -0.032128 0.027284 0.035070
v -0.032128 0.027284 0.035070
v -0.032100 0.024782 0.032900
v -0.032100 0.024782 0.032900
v -0.032100 0.024782 0.032900
v -0.032100 0.024782 0.032900
v -0.032100 0.024782 0.032900
v -0.032100 0.024782 0.032900
v -0.032100 0.024782 0.032900
v -0.032057 0.026048 0.032063
v -0.032057 0.026048 0.032063
v -0.032057 0.026048 0.032063
v -0.032057 0.026048 0.032063
v -0.032057 0.026048 0.032063
v -0.032057 0.026048 0.032063
v -0.032049 0.028320 0.036180
v -0.032049 0.028320 0.036180
v -0.032049 0.028320 0.036180
v -0.032049 0.028320 0.036180
v -0.032049 0.028320 0.036180
v -0.032049 0.028320 0.036180
v -0.032015 0.025203 -0.032832
v -0.032015 0.025203 -0.032832
v -0.032015 0.025203 -0.032832
v -0.032015 0.025203 -0.032832
v -0.032015 0.025203 -0.032832
v -0.031953 0.024661 0.033536
v -0.031953 0.024661 0.033536
v -0.031953 0.024661 0.033536
v -0.031953 0.024661 0.033536
v -0.031953 0.024661 0.033536
v -0.031953 0.024661 0.033536
v -0.031944 0.025203 -0.036634
v -0.031944 0.025203 -0.036634
v -0.031944 0.025203 -0.036634
v -0.031944 0.025203 -0.036634
v -0.031944 0.025203 -0.036634
v -0.031944 0.025203 -0.036634
v -0.031944 0.025203 -0.036634
v -0.031930 0.026018 0.034868
v -0.031930 0.026018 0.034868
v -0.031930 0.026018 0.034868
v -0.031930 0.026018 0.034868
v -0.031930 0.026018 0.034868
v -0.031909 0.024969 0.034437
v -0.031909 0.024969 0.034437
v -0.031909 0.024969 0.034437
v -0.031909 0.024969 0.034437
v -0.031909 0.024969 0.034437
v -0.031887 0.025576 0.032559
v -0.031887 0.025576 0.032559
v -0.031887 0.025576 0.032559
v -0.031887 0.025576 0.032559
v -0.031887 0.025576 0.032559
v -0.031887 0.025576 0.032559
v -0.031881 0.024792 0.034028
v -0.031881 0.024792 0.034028
v -0.031881 0.024792 0.034028
v -0.031881 0.024792 0.034028
v -0.031881 0.024792 0.034028
v -0.031881 0.024792 0.034028
v -0.031881 0.024792 0.034028
v -0.031864 0.025144 0.033004
v -0.031864 0.025144 0.033004
v -0.031864 0.025144 0.033004
v -0.031864 0.025144 0.033004
v -0.031864 0.025144 0.033004
v -0.031853 0.026907 0.031953
v -0.031853 0.026907 0.031953
v -0.031853 0.026907 0.031953
v -0.031853 0.026907 0.031953
v -0.031853 0.026907 0.031953
v -0.031853 0.026907 0.031953
v -0.031853 0.026907 0.031953
v -0.031819 0.025661 0.034611
v -0.031819 0.025661 0.034611
v -0.031819 0.025661 0.034611
v -0.031819 0.025661 0.034611
v -0.031819 0.025661 0.034611
v -0.031819 0.025661 0.034611
v -0.031791 0.027431 0.031904
v -0.031791 0.027431 0.031904
v -0.031791 0.027431 0.031904
v -0.031791 0.027431 0.031904
v -0.031791 0.027431 0.031904
v -0.031712 0.027333 0.034674
v -0.031712 0.027333 0.034674
v -0.031712 0.027333 0.034674
v -0.031712 0.027333 0.034674
v -0.031712 0.027333 0.034674
v -0.031712 0.027333 0.034674
v -0.031712 0.027333 0.034674
v -0.031712 0.027333 0.034674
v -0.031667 0.026357 0.032420
v -0.031667 0.026357 0.032420
v -0.031667 0.026357 0.032420
v -0.031667 0.026357 0.032420
v -0.031667 0.026357 0.032420
v -0.031615 0.025203 -0.033538
v -0.031615 0.025203 -0.033538
v -0.031615 0.025203 -0.033538
v -0.031615 0.025203 -0.033538
v -0.031597 0.025793 0.034092
v -0.031597 0.025793 0.034092
v -0.031597 0.025793 0.034092
v -0.031597 0.025793 0.034092
v -0.031597 0.025793 0.034092
v -0.031597 0.025793 0.034092
v -0.031591 0.026564 0.034416
v -0.031591 0.026564 0.034416
v -0.031591 0.026564 0.034416
v -0.031591 0.026564 0.034416
v -0.031591 0.026564 0.034416
v -0.031591 0.026564 0.034416
v -0.031583 0.025989 0.032857
v -0.031583 0.025989 0.032857
v -0.031583 0.025989 0.032857
v -0.031583 0.025989 0.032857
v -0.031583 0.025989 0.032857
v -0.031583 0.025989 0.032857
v -0.031577 0.025203 -0.035926
v -0.031577 0.025203 -0.035926
v -0.031577 0.025203 -0.035926
v -0.031577 0.025203 -0.035926
v -0.031564 0.025734 0.033312
v -0.031564 0.025734 0.033312
v -0.031564 0.025734 0.033312
v -0.031564 0.025734 0.033312
v -0.031564 0.025734 0.033312
v -0.031564 0.025734 0.033312
v -0.031481 0.026962 0.032498
v -0.031481 0.026962 0.032498
v -0.031481 0.026962 0.032498
v -0.031481 0.026962 0.032498
v -0.031481 0.026962 0.032498
v -0.031481 0.026962 0.032498
v -0.031480 0.027431 0.032347
v -0.031480 0.027431 0.032347
v -0.031480 0.027431 0.032347
v -0.031480 0.027431 0.032347
v -0.031480 0.027431 0.032347
v -0.031480 0.027431 0.032347
v -0.031471 0.026015 0.033533
v -0.031471 0.026015 0.033533
v -0.031471 0.026015 0.033533
v -0.031471 0.026015 0.033533
v -0.031471 0.026015 0.033533
v -0.031432 0.028320 0.030893
v -0.031432 0.028320 0.030893
v -0.031432 0.028320 0.030893
v -0.031432 0.028320 0.030893
v -0.031432 0.028320 0.030893
v -0.031412 0.025203 -0.034177
v -0.031412 0.025203 -0.034177
v -0.031412 0.025203 -0.034177
v -0.031412 0.025203 -0.034177
v -0.031412 0.025203 -0.034177
v -0.031409 0.027373 0.034165
v -0.031409 0.027373 0.034165
v -0.031409 0.027373 0.034165
v -0.031409 0.027373 0.034165
v -0.031409 0.027373 0.034165
v -0.031372 0.028320 0.035754
v -0.031372 0.028320 0.035754
v -0.031372 0.028320 0.035754
v -0.031372 0.028320 0.035754
v -0.031372 0.028320 0.035754
v -0.031372 0.028320 0.035754
v -0.031371 0.025203 -0.035073
v -0.031371 0.025203 -0.035073
v -0.031371 0.025203 -0.035073
v -0.031371 0.025203 -0.035073
v -0.031371 0.025203 -0.035073
v -0.031371 0.025203 -0.035073
v -0.031366 0.026699 0.033818
v -0.031366 0.026699 0.033818
v -0.031366 0.026699 0.033818
v -0.031366 0.026699 0.033818
v -0.031366 0.026699 0.033818
v -0.031366 0.026699 0.033818
v -0.031366 0.026699 0.033818
v -0.031335 0.026820 0.041243
v -0.031335 0.026820 0.041243
v -0.031335 0.026820 0.041243
v -0.031335 0.026820 0.041243
v -0.031335 0.026820 0.041243
v -0.031335 0.026820 0.041243
v -0.031315 0.027422 0.032773
v -0.031315 0.027422 0.032773
v -0.031315 0.027422 0.032773
v -0.031315 0.027422 0.032773
v -0.031315 0.027422 0.032773
v -0.031312 0.026905 0.033089
v -0.031312 0.026905 0.033089
v -0.031312 0.026905 0.033089
v -0.031312 0.026905 0.033089
v -0.031312 0.026905 0.033089
v -0.031312 0.026905 0.033089
v -0.031312 0.026905 0.033089
v -0.031287 0.027392 0.033765
v -0.031287 0.027392 0.033765
v -0.031287 0.027392 0.033765
v -0.031287 0.027392 0.033765
v -0.031287 0.027392 0.033765
v -0.031236 0.027409 0.033278
v -0.031236 0.027409 0.033278
v -0.031236 0.027409 0.033278
v -0.031236 0.027409 0.033278
v -0.031236 0.027409 0.033278
v -0.031236 0.027409 0.033278
v -0.031137 -0.101746 0.038916
v -0.031137 -0.101746 0.038916
v -0.031137 -0.101746 0.038916
v -0.031137 -0.101746 0.038916
v -0.031137 -0.101746 0.038916
v -0.031137 -0.101746 0.038916
v -0.031084 -0.099652 0.040992
v -0.031084 -0.099652 0.040992
v -0.031084 -0.099652 0.040992
v -0.031084 -0.099652 0.040992
v -0.031084 -0.099652 0.040992
v -0.031084 -0.099652 0.040992
v -0.030948 0.028320 0.035315
v -0.030948 0.028320 0.035315
v -0.030948 0.028320 0.035315
v -0.030948 0.028320 0.035315
v -0.030948 0.028320 0.035315
v -0.030845 0.028320 0.031482
v -0.030845 0.028320 0.031482
v -0.030845 0.028320 0.031482
v -0.030845 0.028320 0.031482
v -0.030845 0.028320 0.031482
v -0.030515 0.028320 0.034641
v -0.030515 0.028320 0.034641
v -0.030515 0.028320 0.034641
v -0.030515 0.028320 0.034641
v -0.030515 0.028320 0.034641
v -0.030515 0.028320 0.034641
v -0.030385 0.028320 0.032372
v -0.030385 0.028320 0.032372
v -0.030385 0.028320 0.032372
v -0.030385 0.028320 0.032372
v -0.030385 0.028320 0.032372
v -0.030385 0.028320 0.032372
v -0.030233 0.028320 0.033428
v -0.030233 0.028320 0.033428
v -0.030233 0.028320 0.033428
v -0.030233 0.028320 0.033428
v -0.030233 0.028320 0.033428
v -0.029891 -0.102052 0.037660
v -0.029891 -0.102052 0.037660
v -0.029891 -0.102052 0.037660
v -0.029891 -0.102052 0.037660
v -0.029891 -0.102052 0.037660
v -0.029891 -0.102052 0.037660
v -0.029891 -0.102052 0.037660
v -0.029891 -0.102052 0.037660
v -0.029891 -0.102052 0.037660
v -0.029891 -0.102052 0.037660
v -0.029891 -0.102052 0.037660
v -0.029891 -0.102052 0.037660
v -0.029150 -0.100500 0.039058
v -0.029150 -0.100500 0.039058
v -0.029150 -0.100500 0.039058
v -0.029150 -0.100500 0.039058
v -0.029150 -0.100500 0.039058
v -0.029150 -0.100500 0.039058
v -0.029110 -0.090617 0.019204
v -0.029110 -0.090617 0.019204
v -0.029110 -0.090617 0.019204
v -0.029110 -0.090617 0.019204
v -0.029110 0.000883 0.019204
v -0.029110 0.000883 0.019204
v -0.029110 0.000883 0.019204
v -0.029110 0.000883 0.019204
v -0.029110 0.000883 0.019204
v -0.027291 -0.090617 0.037199
v -0.027291 -0.090617 0.037199
v -0.027291 -0.090617 0.037199
v -0.027291 -0.090617 0.037199
v -0.027291 -0.090617 0.037199
v -0.027291 -0.090617 0.037199
v -0.027291 -0.090617 0.037199
v -0.027291 -0.090617 0.037199
v -0.027291 -0.090617 0.037199
v -0.027291 -0.090617 0.037199
v -0.027291 -0.090617 0.037199
v -0.027291 -0.090617 0.037199
v -0.027291 -0.090617 0.037199
v -0.027291 -0.079180 0.037199
v -0.027291 -0.079180 0.037199
v -0.027291 -0.067742 0.037199
v -0.027291 -0.067742 0.037199
v -0.027291 -0.067742 0.037199
v -0.027291 -0.067742 0.037199
v -0.027291 -0.067742 0.037199
v -0.027291 -0.056305 0.037199
v -0.027291 -0.056305 0.037199
v -0.027291 -0.044867 0.037199
v -0.027291 -0.044867 0.037199
v -0.027291 -0.044867 0.037199
v -0.027291 -0.044867 0.037199
v -0.027291 -0.044867 0.037199
v -0.027291 -0.044867 0.037199
v -0.027291 -0.033430 0.037199
v -0.027291 -0.033430 0.037199
v -0.027291 -0.021992 0.037199
v -0.027291 -0.021992 0.037199
v -0.027291 -0.021992 0.037199
v -0.027291 -0.010555 0.037199
v -0.027291 -0.010555 0.037199
v -0.027291 -0.010555 0.037199
v -0.027291 0.000883 0.037199
v -0.027291 0.000883 0.037199
v -0.027291 0.000883 0.037199
v -0.027291 0.000883 0.037199
v -0.027291 0.000883 0.037199
v -0.027291 0.000883 0.037199
v -0.027291 0.000883 0.037199
v -0.027291 0.000883 0.037199
v -0.027291 0.000883 0.037199
v -0.021023 -0.090617 0.011117
v -0.021023 -0.090617 0.011117
v -0.021023 -0.090617 0.011117
v -0.021023 -0.090617 0.011117
v -0.021023 -0.090617 0.011117
v -0.021023 0.000883 0.011117
v -0.021023 0.000883 0.011117
v -0.019203 -0.090617 0.029111
v -0.019203 -0.090617 0.029111
v -0.019203 -0.090617 0.029111
v -0.019203 0.000883 0.029111
v -0.019203 0.000883 0.029111
v -0.019203 0.000883 0.029111
v -0.019203 0.000883 0.029111
v -0.012935 -0.090617 0.003029
v -0.012935 -0.090617 0.003029
v -0.012935 0.000883 0.003029
v -0.012935 0.000883 0.003029
v -0.012935 0.000883 0.003029
v -0.012935 0.000883 0.003029
v -0.011116 -0.090617 0.021023
v -0.011116 -0.090617 0.021023
v -0.011116 -0.090617 0.021023
v -0.011116 0.000883 0.021023
v -0.011116 0.000883 0.021023
v -0.011116 0.000883 0.021023
v -0.011116 0.000883 0.021023
v -0.011116 0.000883 0.021023
v -0.009797 0.015320 -0.000109
v -0.009797 0.015320 -0.000109
v -0.009797 0.015320 -0.000109
v -0.009797 0.015320 -0.000109
v -0.009797 0.015320 -0.000109
v -0.009797 0.015320 -0.000109
v -0.009797 0.015320 -0.000109
v -0.009797 0.015320 -0.000109
v -0.009797 0.015320 -0.000109
v -0.009797 0.015320 -0.000109
v -0.009797 0.015320 -0.000109
v -0.009797 0.025320 -0.000109
v -0.009797 0.025320 -0.000109
v -0.009797 0.025320 -0.000109
v -0.009797 0.025320 -0.000109
v -0.009797 0.025320 -0.000109
v -0.009797 0.025320 -0.000109
v -0.009797 0.025320 -0.000109
v -0.009797 0.025320 -0.000109
v -0.009797 0.025320 -0.000109
v -0.009797 0.025320 -0.000109
v -0.009797 0.025320 -0.000109
v -0.005054 -0.072055 -0.000000
v -0.005054 -0.072055 -0.000000
v -0.005054 -0.072055 -0.000000
v -0.005054 -0.072055 -0.000000
v -0.005054 -0.072055 -0.000000
v -0.005052 -0.102055 -0.000120
v -0.005052 -0.102055 -0.000120
v -0.005052 -0.102055 -0.000120
v -0.005052 -0.102055 -0.000120
v -0.005052 -0.102055 -0.000120
v -0.004923 -0.102055 -0.001281
v -0.004923 -0.102055 -0.001281
v -0.004923 -0.102055 -0.001281
v -0.004923 -0.102055 -0.001281
v -0.004913 -0.102055 0.001131
v -0.004913 -0.102055 0.001131
v -0.004913 -0.102055 0.001131
v -0.004913 -0.102055 0.001131
v -0.004913 -0.102055 0.001131
v -0.004913 -0.072055 -0.001341
v -0.004913 -0.072055 -0.001341
v -0.004913 -0.072055 -0.001341
v -0.004913 -0.072055 -0.001341
v -0.004913 -0.072055 -0.001341
v -0.004913 -0.072055 -0.001341
v -0.004913 -0.072055 -0.001341
v -0.004858 -0.072055 0.001334
v -0.004858 -0.072055 0.001334
v -0.004858 -0.072055 0.001334
v -0.004858 -0.072055 0.001334
v -0.004858 -0.072055 0.001334
v -0.004858 -0.072055 0.001334
v -0.004847 -0.090617 -0.005058
v -0.004847 -0.090617 -0.005058
v -0.004847 -0.090617 -0.005058
v -0.004847 0.000883 -0.005058
v -0.004847 0.000883 -0.005058
v -0.004847 0.000883 -0.005058
v -0.004283 -0.102055 -0.002865
v -0.004283 -0.102055 -0.002865
v -0.004283 -0.102055 -0.002865
v -0.004283 -0.102055 -0.002865
v -0.004283 -0.102055 -0.002865
v -0.004283 -0.102055 -0.002865
v -0.004266 -0.072055 0.002644
v -0.004266 -0.072055 0.002644
v -0.004266 -0.072055 0.002644
v -0.004266 -0.072055 0.002644
v -0.004266 -0.072055 0.002644
v -0.004245 -0.072055 -0.002913
v -0.004245 -0.072055 -0.002913
v -0.004245 -0.072055 -0.002913
v -0.004245 -0.072055 -0.002913
v -0.004245 -0.072055 -0.002913
v -0.004245 -0.072055 -0.002913
v -0.004223 -0.102055 0.002742
v -0.004223 -0.102055 0.002742
v -0.004223 -0.102055 0.002742
v -0.004223 -0.102055 0.002742
v -0.004223 -0.102055 0.002742
v -0.004223 -0.102055 0.002742
v -0.004223 -0.102055 0.002742
v -0.003405 -0.072055 0.003682
v -0.003405 -0.072055 0.003682
v -0.003405 -0.072055 0.003682
v -0.003405 -0.072055 0.003682
v -0.003405 -0.072055 0.003682
v -0.003405 -0.072055 0.003682
v -0.003169 -0.072055 -0.000057
v -0.003169 -0.072055 -0.000057
v -0.003169 -0.072055 -0.000057
v -0.003169 -0.072055 -0.000057
v -0.003169 -0.072055 -0.000057
v -0.003169 -0.072055 -0.000057
v -0.003169 -0.072055 -0.000057
v -0.003169 -0.072055 -0.000057
v -0.003168 0.025320 -0.000086
v -0.003168 0.025320 -0.000086
v -0.003168 0.025320 -0.000086
v -0.003168 0.025320 -0.000086
v -0.003168 0.025320 -0.000086
v -0.003163 0.015320 -0.000010
v -0.003163 0.015320 -0.000010
v -0.003163 0.015320 -0.000010
v -0.003163 0.015320 -0.000010
v -0.003150 0.015403 -0.000104
v -0.003150 0.015403 -0.000104
v -0.003150 0.015403 -0.000104
v -0.003150 0.015403 -0.000104
v -0.003150 0.015403 -0.000104
v -0.003136 0.028320 0.000217
v -0.003136 0.028320 0.000217
v -0.003136 0.028320 0.000217
v -0.003136 0.028320 0.000217
v -0.003136 0.028320 0.000217
v -0.003118 0.025203 0.000198
v -0.003118 0.025203 0.000198
v -0.003118 0.025203 0.000198
v -0.003118 0.025203 0.000198
v -0.003118 0.025203 0.000198
v -0.003101 0.028320 -0.000719
v -0.003101 0.028320 -0.000719
v -0.003101 0.028320 -0.000719
v -0.003101 0.028320 -0.000719
v -0.003101 0.028320 -0.000719
v -0.003088 -0.072055 -0.004169
v -0.003088 -0.072055 -0.004169
v -0.003088 -0.072055 -0.004169
v -0.003088 -0.072055 -0.004169
v -0.003088 -0.072055 -0.004169
v -0.003083 0.025203 -0.000737
v -0.003083 0.025203 -0.000737
v -0.003083 0.025203 -0.000737
v -0.003083 0.025203 -0.000737
v -0.003083 0.025203 -0.000737
v -0.003083 0.025203 -0.000737
v -0.003083 0.025203 -0.000737
v -0.003083 0.025203 -0.000737
v -0.003064 -0.102055 -0.004187
v -0.003064 -0.102055 -0.004187
v -0.003064 -0.102055 -0.004187
v -0.003064 -0.102055 -0.004187
v -0.003064 -0.102055 -0.004187
v -0.003064 -0.102055 -0.004187
v -0.003028 -0.090617 0.012936
v -0.003028 -0.090617 0.012936
v -0.003028 0.000883 0.012936
v -0.003028 0.000883 0.012936
v -0.003017 -0.102055 0.004014
v -0.003017 -0.102055 0.004014
v -0.003017 -0.102055 0.004014
v -0.003017 -0.102055 0.004014
v -0.003017 -0.102055 0.004014
v -0.002985 0.025320 0.000919
v -0.002985 0.025320 0.000919
v -0.002985 0.025320 0.000919
v -0.002985 0.025320 0.000919
v -0.002985 0.025320 0.000919
v -0.002967 0.015403 0.000901
v -0.002967 0.015403 0.000901
v -0.002967 0.015403 0.000901
v -0.002967 0.015403 0.000901
v -0.002967 0.015403 0.000901
v -0.002964 -0.072055 -0.001202
v -0.002964 -0.072055 -0.001202
v -0.002964 -0.072055 -0.001202
v -0.002964 -0.072055 -0.001202
v -0.002964 -0.072055 -0.001202
v -0.002960 0.015320 -0.001241
v -0.002960 0.015320 -0.001241
v -0.002960 0.015320 -0.001241
v -0.002960 0.015320 -0.001241
v -0.002960 0.015320 -0.001241
v -0.002960 0.015320 -0.001241
v -0.002947 0.025320 -0.001257
v -0.002947 0.025320 -0.001257
v -0.002947 0.025320 -0.001257
v -0.002947 0.025320 -0.001257
v -0.002947 0.025320 -0.001257
v -0.002945 0.015320 0.001046
v -0.002945 0.015320 0.001046
v -0.002945 0.015320 0.001046
v -0.002945 0.015320 0.001046
v -0.002945 0.015320 0.001046
v -0.002945 0.028320 0.001046
v -0.002945 0.028320 0.001046
v -0.002945 0.028320 0.001046
v -0.002945 0.028320 0.001046
v -0.002945 0.028320 0.001046
v -0.002899 0.025203 0.001109
v -0.002899 0.025203 0.001109
v -0.002899 0.025203 0.001109
v -0.002899 0.025203 0.001109
v -0.002899 0.025203 0.001109
v -0.002855 0.015403 -0.001491
v -0.002855 0.015403 -0.001491
v -0.002855 0.015403 -0.001491
v -0.002855 0.015403 -0.001491
v -0.002855 0.015403 -0.001491
v -0.002855 0.015403 -0.001491
v -0.002853 -0.072055 0.001296
v -0.002853 -0.072055 0.001296
v -0.002853 -0.072055 0.001296
v -0.002853 -0.072055 0.001296
v -0.002853 -0.072055 0.001296
v -0.002853 -0.072055 0.001296
v -0.002806 0.025203 -0.001542
v -0.002806 0.025203 -0.001542
v -0.002806 0.025203 -0.001542
v -0.002806 0.025203 -0.001542
v -0.002674 0.028320 -0.001831
v -0.002674 0.028320 -0.001831
v -0.002674 0.028320 -0.001831
v -0.002674 0.028320 -0.001831
v -0.002674 0.028320 -0.001831
v -0.002617 0.015403 0.001646
v -0.002617 0.015403 0.001646
v -0.002617 0.015403 0.001646
v -0.002617 0.015403 0.001646
v -0.002617 0.015403 0.001646
v -0.002617 0.015403 0.001646
v -0.002543 -0.072055 -0.002006
v -0.002543 -0.072055 -0.002006
v -0.002543 -0.072055 -0.002006
v -0.002543 -0.072055 -0.002006
v -0.002543 -0.072055 -0.002006
v -0.002500 0.025320 0.001883
v -0.002500 0.025320 0.001883
v -0.002500 0.025320 0.001883
v -0.002500 0.025320 0.001883
v -0.002500 0.025320 0.001883
v -0.002500 0.025320 0.001883
v -0.002500 0.025320 0.001883
v -0.002444 0.028320 0.001936
v -0.002444 0.028320 0.001936
v -0.002444 0.028320 0.001936
v -0.002444 0.028320 0.001936
v -0.002428 0.015320 0.001959
v -0.002428 0.015320 0.001959
v -0.002428 0.015320 0.001959
v -0.002428 0.015320 0.001959
v -0.002428 0.015320 0.001959
v -0.002428 0.015320 0.001959
v -0.002428 0.015320 0.001959
v -0.002403 0.025203 0.001935
v -0.002403 0.025203 0.001935
v -0.002403 0.025203 0.001935
v -0.002403 0.025203 0.001935
v -0.002403 0.025203 0.001935
v -0.002403 0.025203 0.001935
v -0.002322 0.025320 -0.002304
v -0.002322 0.025320 -0.002304
v -0.002322 0.025320 -0.002304
v -0.002322 0.025320 -0.002304
v -0.002322 0.025320 -0.002304
v -0.002322 0.025320 -0.002304
v -0.002306 -0.072055 0.004462
v -0.002306 -0.072055 0.004462
v -0.002306 -0.072055 0.004462
v -0.002306 -0.072055 0.004462
v -0.002306 -0.072055 0.004462
v -0.002306 -0.072055 0.004462
v -0.002262 -0.072055 0.002129
v -0.002262 -0.072055 0.002129
v -0.002262 -0.072055 0.002129
v -0.002262 -0.072055 0.002129
v -0.002262 -0.072055 0.002129
v -0.002239 0.015320 -0.002396
v -0.002239 0.015320 -0.002396
v -0.002239 0.015320 -0.002396
v -0.002239 0.015320 -0.002396
v -0.002239 0.015320 -0.002396
v -0.002239 0.015320 -0.002396
v -0.002220 0.025203 -0.002414
v -0.002220 0.025203 -0.002414
v -0.002220 0.025203 -0.002414
v -0.002220 0.025203 -0.002414
v -0.002220 0.025203 -0.002414
v -0.002220 0.025203 -0.002414
v -0.002220 0.025203 -0.002414
v -0.002220 0.025203 -0.002414
v -0.002220 0.025203 -0.002414
v -0.002220 0.025203 -0.002414
v -0.002220 0.025203 -0.002414
v -0.002220 0.025203 -0.002414
v -0.002220 0.025203 -0.002414
v -0.002220 0.025203 -0.002414
v -0.002220 0.025203 -0.002414
v -0.002135 0.015403 -0.002476
v -0.002135 0.015403 -0.002476
v -0.002135 0.015403 -0.002476
v -0.002135 0.015403 -0.002476
v -0.002135 0.015403 -0.002476
v -0.001978 -0.102055 -0.004823
v -0.001978 -0.102055 -0.004823
v -0.001978 -0.102055 -0.004823
v -0.001978 -0.102055 -0.004823
v -0.001974 0.028320 -0.002613
v -0.001974 0.028320 -0.002613
v -0.001974 0.028320 -0.002613
v -0.001974 0.028320 -0.002613
v -0.001974 0.028320 -0.002613
v -0.001974 0.028320 -0.002613
v -0.001883 -0.072055 -0.004869
v -0.001883 -0.072055 -0.004869
v -0.001883 -0.072055 -0.004869
v -0.001883 -0.072055 -0.004869
v -0.001883 -0.072055 -0.004869
v -0.001883 -0.072055 -0.004869
v -0.001883 -0.072055 -0.004869
v -0.001874 0.015403 0.002465
v -0.001874 0.015403 0.002465
v -0.001874 0.015403 0.002465
v -0.001874 0.015403 0.002465
v -0.001874 0.015403 0.002465
v -0.001874 0.015403 0.002465
v -0.001800 -0.102055 0.004693
v -0.001800 -0.102055 0.004693
v -0.001800 -0.102055 0.004693
v -0.001800 -0.102055 0.004693
v -0.001800 -0.102055 0.004693
v -0.001785 -0.072055 -0.002773
v -0.001785 -0.072055 -0.002773
v -0.001785 -0.072055 -0.002773
v -0.001785 -0.072055 -0.002773
v -0.001785 -0.072055 -0.002773
v -0.001785 -0.072055 -0.002773
v -0.001785 -0.072055 -0.002773
v -0.001784 0.025203 0.002519
v -0.001784 0.025203 0.002519
v -0.001784 0.025203 0.002519
v -0.001784 0.025203 0.002519
v -0.001684 0.015320 0.002617
v -0.001684 0.015320 0.002617
v -0.001684 0.015320 0.002617
v -0.001684 0.015320 0.002617
v -0.001629 0.025320 0.002654
v -0.001629 0.025320 0.002654
v -0.001629 0.025320 0.002654
v -0.001629 0.025320 0.002654
v -0.001607 -0.072055 0.002672
v -0.001607 -0.072055 0.002672
v -0.001607 -0.072055 0.002672
v -0.001607 -0.072055 0.002672
v -0.001607 -0.072055 0.002672
v -0.001607 -0.072055 0.002672
v -0.001607 -0.072055 0.002672
v -0.001401 0.028320 0.002811
v -0.001401 0.028320 0.002811
v -0.001401 0.028320 0.002811
v -0.001401 0.028320 0.002811
v -0.001401 0.028320 0.002811
v -0.001401 0.028320 0.002811
v -0.001342 0.025320 -0.003030
v -0.001342 0.025320 -0.003030
v -0.001342 0.025320 -0.003030
v -0.001342 0.025320 -0.003030
v -0.001342 0.025320 -0.003030
v -0.001262 0.025203 -0.003073
v -0.001262 0.025203 -0.003073
v -0.001262 0.025203 -0.003073
v -0.001262 0.025203 -0.003073
v -0.001153 0.015320 -0.003119
v -0.001153 0.015320 -0.003119
v -0.001153 0.015320 -0.003119
v -0.001153 0.015320 -0.003119
v -0.001153 0.015320 -0.003119
v -0.001101 0.028320 -0.003144
v -0.001101 0.028320 -0.003144
v -0.001101 0.028320 -0.003144
v -0.001101 0.028320 -0.003144
v -0.001101 0.028320 -0.003144
v -0.001096 0.015403 -0.003168
v -0.001096 0.015403 -0.003168
v -0.001096 0.015403 -0.003168
v -0.001096 0.015403 -0.003168
v -0.001096 0.015403 -0.003168
v -0.001096 0.015403 -0.003168
v -0.000937 0.016382 0.010837
v -0.000937 0.016382 0.010837
v -0.000937 0.016382 0.010837
v -0.000937 0.016382 0.010837
v -0.000937 0.016382 0.010837
v -0.000937 0.024224 0.010837
v -0.000937 0.024224 0.010837
v -0.000937 0.024224 0.010837
v -0.000937 0.024224 0.010837
v -0.000937 0.024224 0.010837
v -0.000937 0.024224 0.010837
v -0.000937 0.024224 0.010837
v -0.000893 0.015320 0.003000
v -0.000893 0.015320 0.003000
v -0.000893 0.015320 0.003000
v -0.000893 0.015320 0.003000
v -0.000893 0.015320 0.003000
v -0.000867 -0.072055 0.004976
v -0.000867 -0.072055 0.004976
v -0.000867 -0.072055 0.004976
v -0.000867 -0.072055 0.004976
v -0.000867 -0.072055 0.004976
v -0.000867 -0.072055 0.004976
v -0.000865 -0.102055 -0.005178
v -0.000865 -0.102055 -0.005178
v -0.000865 -0.102055 -0.005178
v -0.000865 -0.102055 -0.005178
v -0.000865 -0.102055 -0.005178
v -0.000823 0.025203 0.003008
v -0.000823 0.025203 0.003008
v -0.000823 0.025203 0.003008
v -0.000823 0.025203 0.003008
v -0.000823 0.025203 0.003008
v -0.000784 -0.072055 -0.003243
v -0.000784 -0.072055 -0.003243
v -0.000784 -0.072055 -0.003243
v -0.000784 -0.072055 -0.003243
v -0.000784 -0.072055 -0.003243
v -0.000784 -0.072055 -0.003243
v -0.000732 0.015403 0.003035
v -0.000732 0.015403 0.003035
v -0.000732 0.015403 0.003035
v -0.000732 0.015403 0.003035
v -0.000732 0.015403 0.003035
v -0.000694 0.025320 0.003064
v -0.000694 0.025320 0.003064
v -0.000694 0.025320 0.003064
v -0.000694 0.025320 0.003064
v -0.000694 0.025320 0.003064
v -0.000692 -0.072055 0.003058
v -0.000692 -0.072055 0.003058
v -0.000692 -0.072055 0.003058
v -0.000692 -0.072055 0.003058
v -0.000692 -0.072055 0.003058
v -0.000692 -0.072055 0.003058
v -0.000539 -0.072055 -0.005233
v -0.000539 -0.072055 -0.005233
v -0.000539 -0.072055 -0.005233
v -0.000539 -0.072055 -0.005233
v -0.000539 -0.072055 -0.005233
v -0.000539 -0.072055 -0.005233
v -0.000534 0.025320 -0.003297
v -0.000534 0.025320 -0.003297
v -0.000534 0.025320 -0.003297
v -0.000534 0.025320 -0.003297
v -0.000534 0.025320 -0.003297
v -0.000494 -0.102055 0.005027
v -0.000494 -0.102055 0.005027
v -0.000494 -0.102055 0.005027
v -0.000494 -0.102055 0.005027
v -0.000494 -0.102055 0.005027
v -0.000245 0.015403 0.010145
v -0.000245 0.015403 0.010145
v -0.000245 0.015403 0.010145
v -0.000245 0.015403 0.010145
v -0.000245 0.015403 0.010145
v -0.000199 0.025203 -0.003381
v -0.000199 0.025203 -0.003381
v -0.000199 0.025203 -0.003381
v -0.000199 0.025203 -0.003381
v -0.000199 0.025203 -0.003381
v -0.000074 0.015320 -0.003365
v -0.000074 0.015320 -0.003365
v -0.000074 0.015320 -0.003365
v -0.000074 0.015320 -0.003365
v -0.000074 0.015320 -0.003365
v -0.000017 0.028320 -0.003365
v -0.000017 0.028320 -0.003365
v -0.000017 0.028320 -0.003365
v -0.000017 0.028320 -0.003365
v -0.000017 0.028320 -0.003365
v 0.000002 0.015320 0.003153
v 0.000002 0.015320 0.003153
v 0.000002 0.015320 0.003153
v 0.000002 0.015320 0.003153
v 0.000002 0.015320 0.003153
v 0.000102 0.015320 -0.010008
v 0.000102 0.015320 -0.010008
v 0.000102 0.015320 -0.010008
v 0.000102 0.015320 -0.010008
v 0.000102 0.015320 -0.010008
v 0.000102 0.015320 -0.010008
v 0.000102 0.015320 -0.010008
v 0.000102 0.015320 -0.010008
v 0.000102 0.015320 -0.010008
v 0.000102 0.015320 -0.010008
v 0.000102 0.015320 -0.010008
v 0.000102 0.015320 -0.010008
v 0.000102 0.015320 -0.010008
v 0.000102 0.025320 -0.010008
v 0.000102 0.025320 -0.010008
v 0.000102 0.025320 -0.010008
v 0.000102 0.025320 -0.010008
v 0.000102 0.025320 -0.010008
v 0.000102 0.025320 -0.010008
v 0.000102 0.025320 -0.010008
v 0.000102 0.025320 -0.010008
v 0.000102 0.025320 -0.010008
v 0.000102 0.025320 -0.010008
v 0.000102 0.025320 -0.010008
v 0.000110 0.015320 0.009798
v 0.000110 0.015320 0.009798
v 0.000110 0.015320 0.009798
v 0.000110 0.015320 0.009798
v 0.000110 0.015320 0.009798
v 0.000110 0.015320 0.009798
v 0.000110 0.015320 0.009798
v 0.000110 0.015320 0.009798
v 0.000110 0.015320 0.009798
v 0.000110 0.015320 0.009798
v 0.000110 0.015320 0.009798
v 0.000110 0.015320 0.009798
v 0.000110 0.015320 0.009798
v 0.000110 0.015320 0.009798
v 0.000110 0.025320 0.009798
v 0.000110 0.025320 0.009798
v 0.000110 0.025320 0.009798
v 0.000110 0.025320 0.009798
v 0.000110 0.025320 0.009798
v 0.000110 0.025320 0.009798
v 0.000110 0.025320 0.009798
v 0.000110 0.025320 0.009798
v 0.000110 0.025320 0.009798
v 0.000110 0.025320 0.009798
v 0.000110 0.025320 0.009798
v 0.000125 -0.072055 0.003151
v 0.000125 -0.072055 0.003151
v 0.000125 -0.072055 0.003151
v 0.000125 -0.072055 0.003151
v 0.000125 -0.072055 0.003151
v 0.000125 -0.072055 0.003151
v 0.000144 0.028320 0.003177
v 0.000144 0.028320 0.003177
v 0.000144 0.028320 0.003177
v 0.000144 0.028320 0.003177
v 0.000144 0.028320 0.003177
v 0.000195 0.016903 0.009706
v 0.000195 0.016903 0.009706
v 0.000195 0.016903 0.009706
v 0.000195 0.016903 0.009706
v 0.000195 0.016903 0.009706
v 0.000195 0.016903 0.009706
v 0.000195 0.016903 0.009706
v 0.000195 0.016903 0.009706
v 0.000195 0.016903 0.009706
v 0.000195 0.016903 0.009706
v 0.000195 0.023703 0.009706
v 0.000195 0.023703 0.009706
v 0.000195 0.023703 0.009706
v 0.000195 0.023703 0.009706
v 0.000195 0.023703 0.009706
v 0.000195 0.023703 0.009706
v 0.000315 0.025320 -0.003362
v 0.000315 0.025320 -0.003362
v 0.000315 0.025320 -0.003362
v 0.000315 0.025320 -0.003362
v 0.000315 0.025320 -0.003362
v 0.000391 -0.102055 -0.005258
v 0.000391 -0.102055 -0.005258
v 0.000391 -0.102055 -0.005258
v 0.000391 -0.102055 -0.005258
v 0.000391 -0.102055 -0.005258
v 0.000391 0.015403 -0.003390
v 0.000391 0.015403 -0.003390
v 0.000391 0.015403 -0.003390
v 0.000391 0.015403 -0.003390
v 0.000391 0.015403 -0.003390
v 0.000401 -0.072055 -0.003367
v 0.000401 -0.072055 -0.003367
v 0.000401 -0.072055 -0.003367
v 0.000401 -0.072055 -0.003367
v 0.000401 -0.072055 -0.003367
v 0.000401 -0.072055 -0.003367
v 0.000401 -0.072055 -0.003367
v 0.000401 -0.072055 -0.003367
v 0.000466 0.025320 0.003141
v 0.000466 0.025320 0.003141
v 0.000466 0.025320 0.003141
v 0.000466 0.025320 0.003141
v 0.000466 0.025320 0.003141
v 0.000484 0.015403 0.003123
v 0.000484 0.015403 0.003123
v 0.000484 0.015403 0.003123
v 0.000484 0.015403 0.003123
v 0.000504 0.025203 0.003128
v 0.000504 0.025203 0.003128
v 0.000504 0.025203 0.003128
v 0.000504 0.025203 0.003128
v 0.000504 0.025203 0.003128
v 0.000504 0.025203 0.003128
v 0.000774 0.015320 -0.003291
v 0.000774 0.015320 -0.003291
v 0.000774 0.015320 -0.003291
v 0.000774 0.015320 -0.003291
v 0.000810 -0.072055 -0.005218
v 0.000810 -0.072055 -0.005218
v 0.000810 -0.072055 -0.005218
v 0.000810 -0.072055 -0.005218
v 0.000810 -0.072055 -0.005218
v 0.000887 0.026803 0.009014
v 0.000887 0.026803 0.009014
v 0.000887 0.026803 0.009014
v 0.000887 0.026803 0.009014
v 0.000887 0.026803 0.009014
v 0.000960 0.015320 0.003046
v 0.000960 0.015320 0.003046
v 0.000960 0.015320 0.003046
v 0.000960 0.015320 0.003046
v 0.000960 0.015320 0.003046
v 0.000960 0.015320 0.003046
v 0.000969 -0.072055 0.003042
v 0.000969 -0.072055 0.003042
v 0.000969 -0.072055 0.003042
v 0.000969 -0.072055 0.003042
v 0.000969 -0.072055 0.003042
v 0.000987 0.025203 -0.003270
v 0.000987 0.025203 -0.003270
v 0.000987 0.025203 -0.003270
v 0.000987 0.025203 -0.003270
v 0.000987 0.025203 -0.003270
v 0.001021 -0.072055 0.004998
v 0.001021 -0.072055 0.004998
v 0.001021 -0.072055 0.004998
v 0.001021 -0.072055 0.004998
v 0.001021 -0.072055 0.004998
v 0.001021 -0.072055 0.004998
v 0.001136 0.028320 -0.003213
v 0.001136 0.028320 -0.003213
v 0.001136 0.028320 -0.003213
v 0.001136 0.028320 -0.003213
v 0.001136 0.028320 -0.003213
v 0.001136 0.028320 -0.003213
v 0.001136 0.028320 -0.003213
v 0.001136 0.028320 -0.003213
v 0.001136 0.028320 -0.003213
v 0.001136 0.028320 -0.003213
v 0.001136 0.028320 -0.003213
v 0.001136 0.028320 -0.003213
v 0.001136 0.028320 -0.003213
v 0.001136 0.028320 -0.003213
v 0.001136 0.028320 -0.003213
v 0.001136 0.028320 -0.003213
v 0.001136 0.028320 -0.003213
v 0.001249 0.023679 0.010786
v 0.001249 0.023679 0.010786
v 0.001249 0.023679 0.010786
v 0.001249 0.023679 0.010786
v 0.001249 0.023679 0.010786
v 0.001249 0.023679 0.010786
v 0.001255 0.015403 0.008645
v 0.001255 0.015403 0.008645
v 0.001255 0.015403 0.008645
v 0.001255 0.015403 0.008645
v 0.001255 0.015403 0.008645
v 0.001255 0.015403 0.008645
v 0.001255 0.015403 0.008645
v 0.001255 0.015403 0.008645
v 0.001255 0.015403 0.008645
v 0.001255 0.015403 0.008645
v 0.001255 0.015403 0.008645
v 0.001255 0.015403 0.008645
v 0.001255 0.015403 0.008645
v 0.001255 0.025203 0.008645
v 0.001255 0.025203 0.008645
v 0.001255 0.025203 0.008645
v 0.001255 0.025203 0.008645
v 0.001255 0.025203 0.008645
v 0.001255 0.025203 0.008645
v 0.001255 0.025203 0.008645
v 0.001255 0.025203 0.008645
v 0.001255 0.025203 0.008645
v 0.001255 0.025203 0.008645
v 0.001255 0.025203 0.008645
v 0.001258 -0.102055 0.004950
v 0.001258 -0.102055 0.004950
v 0.001258 -0.102055 0.004950
v 0.001258 -0.102055 0.004950
v 0.001258 -0.102055 0.004950
v 0.001269 0.016924 0.010782
v 0.001269 0.016924 0.010782
v 0.001269 0.016924 0.010782
v 0.001269 0.016924 0.010782
v 0.001269 0.016924 0.010782
v 0.001269 0.016924 0.010782
v 0.001269 0.016924 0.010782
v 0.001269 0.016924 0.010782
v 0.001269 0.016924 0.010782
v 0.001389 0.028320 0.002894
v 0.001389 0.028320 0.002894
v 0.001389 0.028320 0.002894
v 0.001389 0.028320 0.002894
v 0.001389 0.028320 0.002894
v 0.001389 0.028320 0.002894
v 0.001389 0.028320 0.002894
v 0.001423 0.025320 0.002876
v 0.001423 0.025320 0.002876
v 0.001423 0.025320 0.002876
v 0.001423 0.025320 0.002876
v 0.001441 0.015403 0.002858
v 0.001441 0.015403 0.002858
v 0.001441 0.015403 0.002858
v 0.001441 0.015403 0.002858
v 0.001441 0.015403 0.002858
v 0.001472 0.025320 -0.003080
v 0.001472 0.025320 -0.003080
v 0.001472 0.025320 -0.003080
v 0.001472 0.025320 -0.003080
v 0.001472 0.025320 -0.003080
v 0.001562 0.015403 -0.003051
v 0.001562 0.015403 -0.003051
v 0.001562 0.015403 -0.003051
v 0.001562 0.015403 -0.003051
v 0.001562 0.015403 -0.003051
v 0.001587 0.025203 0.002791
v 0.001587 0.025203 0.002791
v 0.001587 0.025203 0.002791
v 0.001587 0.025203 0.002791
v 0.001587 0.025203 0.002791
v 0.001710 0.015320 -0.002959
v 0.001710 0.015320 -0.002959
v 0.001710 0.015320 -0.002959
v 0.001710 0.015320 -0.002959
v 0.001710 0.015320 -0.002959
v 0.001804 -0.102055 -0.004992
v 0.001804 -0.102055 -0.004992
v 0.001804 -0.102055 -0.004992
v 0.001804 -0.102055 -0.004992
v 0.001804 -0.102055 -0.004992
v 0.001829 -0.072055 -0.002899
v 0.001829 -0.072055 -0.002899
v 0.001829 -0.072055 -0.002899
v 0.001829 -0.072055 -0.002899
v 0.001829 -0.072055 -0.002899
v 0.001829 -0.072055 -0.002899
v 0.001841 0.015320 0.002654
v 0.001841 0.015320 0.002654
v 0.001841 0.015320 0.002654
v 0.001841 0.015320 0.002654
v 0.002070 -0.072055 0.002517
v 0.002070 -0.072055 0.002517
v 0.002070 -0.072055 0.002517
v 0.002070 -0.072055 0.002517
v 0.002070 -0.072055 0.002517
v 0.002070 -0.072055 0.002517
v 0.002070 -0.072055 0.002517
v 0.002070 -0.072055 0.002517
v 0.002112 0.025203 -0.002729
v 0.002112 0.025203 -0.002729
v 0.002112 0.025203 -0.002729
v 0.002112 0.025203 -0.002729
v 0.002112 0.025203 -0.002729
v 0.002112 0.025203 -0.002729
v 0.002218 0.025320 0.002383
v 0.002218 0.025320 0.002383
v 0.002218 0.025320 0.002383
v 0.002218 0.025320 0.002383
v 0.002218 0.025320 0.002383
v 0.002218 0.025320 0.002383
v 0.002220 0.028320 -0.002595
v 0.002220 0.028320 -0.002595
v 0.002220 0.028320 -0.002595
v 0.002220 0.028320 -0.002595
v 0.002220 0.028320 -0.002595
v 0.002281 -0.072055 -0.004805
v 0.002281 -0.072055 -0.004805
v 0.002281 -0.072055 -0.004805
v 0.002281 -0.072055 -0.004805
v 0.002281 -0.072055 -0.004805
v 0.002281 -0.072055 -0.004805
v 0.002300 0.028320 0.002317
v 0.002300 0.028320 0.002317
v 0.002300 0.028320 0.002317
v 0.002300 0.028320 0.002317
v 0.002300 0.028320 0.002317
v 0.002300 0.028320 0.002317
v 0.002300 0.028320 0.002317
v 0.002300 0.028320 0.002317
v 0.002300 0.028320 0.002317
v 0.002300 0.028320 0.002317
v 0.002300 0.028320 0.002317
v 0.002300 0.028320 0.002317
v 0.002300 0.028320 0.002317
v 0.002300 0.028320 0.002317
v 0.002300 0.028320 0.002317
v 0.002300 0.028320 0.002317
v 0.002300 0.028320 0.002317
v 0.002312 0.025203 0.002293
v 0.002312 0.025203 0.002293
v 0.002312 0.025203 0.002293
v 0.002312 0.025203 0.002293
v 0.002312 0.025203 0.002293
v 0.002316 0.015403 0.009706
v 0.002316 0.015403 0.009706
v 0.002316 0.015403 0.009706
v 0.002316 0.015403 0.009706
v 0.002316 0.015403 0.009706
v 0.002316 0.015403 0.009706
v 0.002346 0.025204 0.009706
v 0.002346 0.025204 0.009706
v 0.002346 0.025204 0.009706
v 0.002346 0.025204 0.009706
v 0.002346 0.025204 0.009706
v 0.002346 0.025204 0.009706
v 0.002346 0.025204 0.009706
v 0.002346 0.025204 0.009706
v 0.002346 0.025204 0.009706
v 0.002346 0.025204 0.009706
v 0.002346 0.025204 0.009706
v 0.002371 0.015403 0.002258
v 0.002371 0.015403 0.002258
v 0.002371 0.015403 0.002258
v 0.002371 0.015403 0.002258
v 0.002371 0.015403 0.002258
v 0.002371 0.015403 0.002258
v 0.002371 0.015403 0.002258
v 0.002419 0.025320 -0.002405
v 0.002419 0.025320 -0.002405
v 0.002419 0.025320 -0.002405
v 0.002419 0.025320 -0.002405
v 0.002419 0.025320 -0.002405
v 0.002419 0.025320 -0.002405
v 0.002526 0.015403 -0.002350
v 0.002526 0.015403 -0.002350
v 0.002526 0.015403 -0.002350
v 0.002526 0.015403 -0.002350
v 0.002526 0.015403 -0.002350
v 0.002526 0.015403 -0.002350
v 0.002542 -0.072055 0.004445
v 0.002542 -0.072055 0.004445
v 0.002542 -0.072055 0.004445
v 0.002542 -0.072055 0.004445
v 0.002542 -0.072055 0.004445
v 0.002542 -0.072055 0.004445
v 0.002616 0.015320 0.001988
v 0.002616 0.015320 0.001988
v 0.002616 0.015320 0.001988
v 0.002616 0.015320 0.001988
v 0.002616 0.015320 0.001988
v 0.002616 0.015320 0.001988
v 0.002769 0.015320 -0.002016
v 0.002769 0.015320 -0.002016
v 0.002769 0.015320 -0.002016
v 0.002769 0.015320 -0.002016
v 0.002769 0.015320 -0.002016
v 0.002769 0.015320 -0.002016
v 0.002769 0.015320 -0.002016
v 0.002786 -0.072055 -0.001970
v 0.002786 -0.072055 -0.001970
v 0.002786 -0.072055 -0.001970
v 0.002786 -0.072055 -0.001970
v 0.002786 -0.072055 -0.001970
v 0.002883 -0.072055 0.001608
v 0.002883 -0.072055 0.001608
v 0.002883 -0.072055 0.001608
v 0.002883 -0.072055 0.001608
v 0.002883 -0.072055 0.001608
v 0.002915 0.025203 -0.001811
v 0.002915 0.025203 -0.001811
v 0.002915 0.025203 -0.001811
v 0.002915 0.025203 -0.001811
v 0.002915 0.025203 -0.001811
v 0.002948 -0.102055 0.004215
v 0.002948 -0.102055 0.004215
v 0.002948 -0.102055 0.004215
v 0.002948 -0.102055 0.004215
v 0.002948 -0.102055 0.004215
v 0.003006 0.025203 0.001431
v 0.003006 0.025203 0.001431
v 0.003006 0.025203 0.001431
v 0.003006 0.025203 0.001431
v 0.003006 0.025203 0.001431
v 0.003022 0.028320 0.001370
v 0.003022 0.028320 0.001370
v 0.003022 0.028320 0.001370
v 0.003022 0.028320 0.001370
v 0.003024 0.025320 0.001393
v 0.003024 0.025320 0.001393
v 0.003024 0.025320 0.001393
v 0.003024 0.025320 0.001393
v 0.003024 0.025320 0.001393
v 0.003024 0.025320 0.001393
v 0.003035 0.028320 -0.001576
v 0.003035 0.028320 -0.001576
v 0.003035 0.028320 -0.001576
v 0.003035 0.028320 -0.001576
v 0.003035 0.028320 -0.001576
v 0.003075 0.025320 -0.001479
v 0.003075 0.025320 -0.001479
v 0.003075 0.025320 -0.001479
v 0.003075 0.025320 -0.001479
v 0.003075 0.025320 -0.001479
v 0.003108 0.015320 0.001159
v 0.003108 0.015320 0.001159
v 0.003108 0.015320 0.001159
v 0.003108 0.015320 0.001159
v 0.003108 0.015320 0.001159
v 0.003158 0.015403 0.001113
v 0.003158 0.015403 0.001113
v 0.003158 0.015403 0.001113
v 0.003158 0.015403 0.001113
v 0.003158 0.015403 0.001113
v 0.003240 -0.090617 -0.013146
v 0.003240 -0.090617 -0.013146
v 0.003240 -0.090617 -0.013146
v 0.003240 -0.090617 -0.013146
v 0.003240 0.000883 -0.013146
v 0.003240 0.000883 -0.013146
v 0.003242 0.015403 -0.001126
v 0.003242 0.015403 -0.001126
v 0.003242 0.015403 -0.001126
v 0.003242 0.015403 -0.001126
v 0.003242 0.015403 -0.001126
v 0.003242 0.015403 -0.001126
v 0.003256 -0.072055 -0.000969
v 0.003256 -0.072055 -0.000969
v 0.003256 -0.072055 -0.000969
v 0.003256 -0.072055 -0.000969
v 0.003256 -0.072055 -0.000969
v 0.003256 -0.072055 -0.000969
v 0.003256 -0.072055 -0.000969
v 0.003269 0.015320 -0.000903
v 0.003269 0.015320 -0.000903
v 0.003269 0.015320 -0.000903
v 0.003269 0.015320 -0.000903
v 0.003287 0.025203 -0.000921
v 0.003287 0.025203 -0.000921
v 0.003287 0.025203 -0.000921
v 0.003287 0.025203 -0.000921
v 0.003315 0.028320 0.000451
v 0.003315 0.028320 0.000451
v 0.003315 0.028320 0.000451
v 0.003315 0.028320 0.000451
v 0.003315 0.028320 0.000451
v 0.003351 -0.072055 0.000390
v 0.003351 -0.072055 0.000390
v 0.003351 -0.072055 0.000390
v 0.003351 -0.072055 0.000390
v 0.003351 -0.072055 0.000390
v 0.003351 -0.072055 0.000390
v 0.003351 -0.072055 0.000390
v 0.003351 -0.072055 0.000390
v 0.003355 0.028320 -0.000399
v 0.003355 0.028320 -0.000399
v 0.003355 0.028320 -0.000399
v 0.003355 0.028320 -0.000399
v 0.003355 0.028320 -0.000399
v 0.003362 0.015320 0.000199
v 0.003362 0.015320 0.000199
v 0.003362 0.015320 0.000199
v 0.003362 0.015320 0.000199
v 0.003362 0.015320 0.000199
v 0.003380 0.025203 0.000181
v 0.003380 0.025203 0.000181
v 0.003380 0.025203 0.000181
v 0.003380 0.025203 0.000181
v 0.003380 0.025203 0.000181
v 0.003380 0.025203 0.000181
v 0.003381 0.015403 0.000000
v 0.003381 0.015403 0.000000
v 0.003381 0.015403 0.000000
v 0.003381 0.015403 0.000000
v 0.003386 0.025320 -0.000096
v 0.003386 0.025320 -0.000096
v 0.003386 0.025320 -0.000096
v 0.003386 0.025320 -0.000096
v 0.003386 0.025320 -0.000096
v 0.003450 -0.102055 -0.004067
v 0.003450 -0.102055 -0.004067
v 0.003450 -0.102055 -0.004067
v 0.003450 -0.102055 -0.004067
v 0.003450 -0.102055 -0.004067
v 0.003450 -0.102055 -0.004067
v 0.003538 -0.072055 0.003752
v 0.003538 -0.072055 0.003752
v 0.003538 -0.072055 0.003752
v 0.003538 -0.072055 0.003752
v 0.003538 -0.072055 0.003752
v 0.003583 -0.072055 -0.003921
v 0.003583 -0.072055 -0.003921
v 0.003583 -0.072055 -0.003921
v 0.003583 -0.072055 -0.003921
v 0.003583 -0.072055 -0.003921
v 0.004291 -0.102055 0.002954
v 0.004291 -0.102055 0.002954
v 0.004291 -0.102055 0.002954
v 0.004291 -0.102055 0.002954
v 0.004291 -0.102055 0.002954
v 0.004291 -0.102055 0.002954
v 0.004291 -0.102055 0.002954
v 0.004455 -0.072055 -0.002894
v 0.004455 -0.072055 -0.002894
v 0.004455 -0.072055 -0.002894
v 0.004455 -0.072055 -0.002894
v 0.004455 -0.072055 -0.002894
v 0.004455 -0.072055 -0.002894
v 0.004527 -0.072055 0.002587
v 0.004527 -0.072055 0.002587
v 0.004527 -0.072055 0.002587
v 0.004527 -0.072055 0.002587
v 0.004527 -0.072055 0.002587
v 0.004527 -0.072055 0.002587
v 0.004527 -0.072055 0.002587
v 0.004590 -0.102055 -0.002677
v 0.004590 -0.102055 -0.002677
v 0.004590 -0.102055 -0.002677
v 0.004590 -0.102055 -0.002677
v 0.004590 -0.102055 -0.002677
v 0.005041 -0.102055 0.001419
v 0.005041 -0.102055 0.001419
v 0.005041 -0.102055 0.001419
v 0.005041 -0.102055 0.001419
v 0.005041 -0.102055 0.001419
v 0.005059 -0.090617 0.004848
v 0.005059 -0.090617 0.004848
v 0.005059 -0.090617 0.004848
v 0.005059 -0.090617 0.004848
v 0.005059 -0.090617 0.004848
v 0.005059 -0.090617 0.004848
v 0.005059 0.000883 0.004848
v 0.005059 0.000883 0.004848
v 0.005059 0.000883 0.004848
v 0.005082 -0.102055 -0.001470
v 0.005082 -0.102055 -0.001470
v 0.005082 -0.102055 -0.001470
v 0.005082 -0.102055 -0.001470
v 0.005099 -0.072055 -0.001458
v 0.005099 -0.072055 -0.001458
v 0.005099 -0.072055 -0.001458
v 0.005099 -0.072055 -0.001458
v 0.005099 -0.072055 -0.001458
v 0.005099 -0.072055 -0.001458
v 0.005099 -0.072055 -0.001458
v 0.005108 -0.072055 0.001173
v 0.005108 -0.072055 0.001173
v 0.005108 -0.072055 0.001173
v 0.005108 -0.072055 0.001173
v 0.005108 -0.072055 0.001173
v 0.005266 -0.072055 -0.000030
v 0.005266 -0.072055 -0.000030
v 0.005266 -0.072055 -0.000030
v 0.005266 -0.072055 -0.000030
v 0.005279 -0.102055 -0.000090
v 0.005279 -0.102055 -0.000090
v 0.005279 -0.102055 -0.000090
v 0.005279 -0.102055 -0.000090
v 0.005279 -0.102055 -0.000090
v 0.005279 -0.102055 -0.000090
v 0.008892 0.015403 0.001008
v 0.008892 0.015403 0.001008
v 0.008892 0.015403 0.001008
v 0.008892 0.015403 0.001008
v 0.008892 0.015403 0.001008
v 0.008892 0.015403 0.001008
v 0.008892 0.015403 0.001008
v 0.008892 0.015403 0.001008
v 0.008892 0.015403 0.001008
v 0.008892 0.015403 0.001008
v 0.008892 0.015403 0.001008
v 0.008892 0.015403 0.001008
v 0.008892 0.025203 0.001008
v 0.008892 0.025203 0.001008
v 0.008892 0.025203 0.001008
v 0.008892 0.025203 0.001008
v 0.008892 0.025203 0.001008
v 0.008892 0.025203 0.001008
v 0.008892 0.025203 0.001008
v 0.008892 0.025203 0.001008
v 0.008892 0.025203 0.001008
v 0.008892 0.025203 0.001008
v 0.008892 0.025203 0.001008
v 0.008892 0.025203 0.001008
v 0.009261 0.026803 0.000640
v 0.009261 0.026803 0.000640
v 0.009261 0.026803 0.000640
v 0.009261 0.026803 0.000640
v 0.009261 0.026803 0.000640
v 0.009261 0.026803 0.000640
v 0.009953 0.015403 0.002069
v 0.009953 0.015403 0.002069
v 0.009953 0.015403 0.002069
v 0.009953 0.015403 0.002069
v 0.009953 0.015403 0.002069
v 0.009953 0.016903 -0.000052
v 0.009953 0.016903 -0.000052
v 0.009953 0.016903 -0.000052
v 0.009953 0.016903 -0.000052
v 0.009953 0.016903 -0.000052
v 0.009953 0.016903 -0.000052
v 0.009953 0.016903 -0.000052
v 0.009953 0.016903 -0.000052
v 0.009953 0.023703 -0.000052
v 0.009953 0.023703 -0.000052
v 0.009953 0.023703 -0.000052
v 0.009953 0.023703 -0.000052
v 0.009953 0.023703 -0.000052
v 0.009953 0.023703 -0.000052
v 0.009955 0.025203 0.002083
v 0.009955 0.025203 0.002083
v 0.009955 0.025203 0.002083
v 0.009955 0.025203 0.002083
v 0.009955 0.025203 0.002083
v 0.009955 0.025203 0.002083
v 0.009955 0.025203 0.002083
v 0.009955 0.025203 0.002083
v 0.009955 0.025203 0.002083
v 0.009955 0.025203 0.002083
v 0.009955 0.025203 0.002083
v 0.009955 0.025203 0.002083
v 0.010009 0.015320 -0.000101
v 0.010009 0.015320 -0.000101
v 0.010009 0.015320 -0.000101
v 0.010009 0.015320 -0.000101
v 0.010009 0.015320 -0.000101
v 0.010009 0.015320 -0.000101
v 0.010009 0.015320 -0.000101
v 0.010009 0.015320 -0.000101
v 0.010009 0.015320 -0.000101
v 0.010009 0.015320 -0.000101
v 0.010009 0.015320 -0.000101
v 0.010009 0.025320 -0.000101
v 0.010009 0.025320 -0.000101
v 0.010009 0.025320 -0.000101
v 0.010009 0.025320 -0.000101
v 0.010009 0.025320 -0.000101
v 0.010009 0.025320 -0.000101
v 0.010009 0.025320 -0.000101
v 0.010009 0.025320 -0.000101
v 0.010009 0.025320 -0.000101
v 0.010009 0.025320 -0.000101
v 0.010009 0.025320 -0.000101
v 0.010392 0.015403 -0.000492
v 0.010392 0.015403 -0.000492
v 0.010392 0.015403 -0.000492
v 0.010392 0.015403 -0.000492
v 0.011022 0.016912 0.001016
v 0.011022 0.016912 0.001016
v 0.011022 0.016912 0.001016
v 0.011022 0.016912 0.001016
v 0.011022 0.016912 0.001016
v 0.011022 0.016912 0.001016
v 0.011022 0.016912 0.001016
v 0.011022 0.016912 0.001016
v 0.011022 0.016912 0.001016
v 0.011022 0.016912 0.001016
v 0.011053 0.023649 0.000986
v 0.011053 0.023649 0.000986
v 0.011053 0.023649 0.000986
v 0.011053 0.023649 0.000986
v 0.011053 0.023649 0.000986
v 0.011084 0.016382 -0.001184
v 0.011084 0.016382 -0.001184
v 0.011084 0.016382 -0.001184
v 0.011084 0.016382 -0.001184
v 0.011084 0.016382 -0.001184
v 0.011084 0.016382 -0.001184
v 0.011084 0.024224 -0.001184
v 0.011084 0.024224 -0.001184
v 0.011084 0.024224 -0.001184
v 0.011084 0.024224 -0.001184
v 0.011084 0.024224 -0.001184
v 0.011084 0.024224 -0.001184
v 0.011328 -0.090617 -0.021234
v 0.011328 -0.090617 -0.021234
v 0.011328 0.000883 -0.021234
v 0.011328 0.000883 -0.021234
v 0.011328 0.000883 -0.021234
v 0.011328 0.000883 -0.021234
v 0.011328 0.000883 -0.021234
v 0.013147 -0.090617 -0.003239
v 0.013147 -0.090617 -0.003239
v 0.013147 0.000883 -0.003239
v 0.013147 0.000883 -0.003239
v 0.013147 0.000883 -0.003239
v 0.013147 0.000883 -0.003239
v 0.019415 -0.090617 -0.029321
v 0.019415 -0.090617 -0.029321
v 0.019415 -0.090617 -0.029321
v 0.019415 -0.090617 -0.029321
v 0.019415 -0.090617 -0.029321
v 0.019415 0.000883 -0.029321
v 0.019415 0.000883 -0.029321
v 0.019415 0.000883 -0.029321
v 0.019415 0.000883 -0.029321
v 0.021234 -0.090617 -0.011327
v 0.021234 -0.090617 -0.011327
v 0.021234 -0.090617 -0.011327
v 0.021234 -0.090617 -0.011327
v 0.021234 -0.090617 -0.011327
v 0.021234 0.000883 -0.011327
v 0.021234 0.000883 -0.011327
v 0.027503 -0.090617 -0.037409
v 0.027503 -0.090617 -0.037409
v 0.027503 -0.090617 -0.037409
v 0.027503 -0.090617 -0.037409
v 0.027503 -0.090617 -0.037409
v 0.027503 -0.090617 -0.037409
v 0.027503 -0.090617 -0.037409
v 0.027503 -0.090617 -0.037409
v 0.027503 -0.090617 -0.037409
v 0.027503 -0.090617 -0.037409
v 0.027503 -0.090617 -0.037409
v 0.027503 -0.090617 -0.037409
v 0.027503 -0.079180 -0.037409
v 0.027503 -0.079180 -0.037409
v 0.027503 -0.067742 -0.037409
v 0.027503 -0.067742 -0.037409
v 0.027503 -0.067742 -0.037409
v 0.027503 -0.067742 -0.037409
v 0.027503 -0.067742 -0.037409
v 0.027503 -0.056305 -0.037409
v 0.027503 -0.056305 -0.037409
v 0.027503 -0.044867 -0.037409
v 0.027503 -0.044867 -0.037409
v 0.027503 -0.044867 -0.037409
v 0.027503 -0.044867 -0.037409
v 0.027503 -0.044867 -0.037409
v 0.027503 -0.044867 -0.037409
v 0.027503 -0.033430 -0.037409
v 0.027503 -0.033430 -0.037409
v 0.027503 -0.021992 -0.037409
v 0.027503 -0.021992 -0.037409
v 0.027503 -0.021992 -0.037409
v 0.027503 -0.010555 -0.037409
v 0.027503 -0.010555 -0.037409
v 0.027503 -0.010555 -0.037409
v 0.027503 0.000883 -0.037409
v 0.027503 0.000883 -0.037409
v 0.027503 0.000883 -0.037409
v 0.027503 0.000883 -0.037409
v 0.027503 0.000883 -0.037409
v 0.027503 0.000883 -0.037409
v 0.027503 0.000883 -0.037409
v 0.027503 0.000883 -0.037409
v 0.027503 0.000883 -0.037409
v 0.029322 -0.090617 -0.019414
v 0.029322 -0.090617 -0.019414
v 0.029322 0.000883 -0.019414
v 0.029322 0.000883 -0.019414
v 0.029322 0.000883 -0.019414
v 0.029322 0.000883 -0.019414
v 0.029322 0.000883 -0.019414
v 0.029362 -0.100500 -0.039268
v 0.029362 -0.100500 -0.039268
v 0.029362 -0.100500 -0.039268
v 0.029362 -0.100500 -0.039268
v 0.029362 -0.100500 -0.039268
v 0.029362 -0.100500 -0.039268
v 0.030097 -0.102053 -0.037864
v 0.030097 -0.102053 -0.037864
v 0.030097 -0.102053 -0.037864
v 0.030097 -0.102053 -0.037864
v 0.030097 -0.102053 -0.037864
v 0.030097 -0.102053 -0.037864
v 0.030097 -0.102053 -0.037864
v 0.030097 -0.102053 -0.037864
v 0.030097 -0.102053 -0.037864
v 0.030097 -0.102053 -0.037864
v 0.030097 -0.102053 -0.037864
v 0.030097 -0.102053 -0.037864
v 0.030097 -0.102053 -0.037864
v 0.030097 -0.102053 -0.037864
v 0.030097 -0.102053 -0.037864
v 0.030097 -0.102053 -0.037864
v 0.030455 0.028320 -0.033729
v 0.030455 0.028320 -0.033729
v 0.030455 0.028320 -0.033729
v 0.030455 0.028320 -0.033729
v 0.030455 0.028320 -0.033729
v 0.030523 0.028320 -0.032865
v 0.030523 0.028320 -0.032865
v 0.030523 0.028320 -0.032865
v 0.030523 0.028320 -0.032865
v 0.030523 0.028320 -0.032865
v 0.030523 0.028320 -0.032865
v 0.030626 0.028320 -0.034571
v 0.030626 0.028320 -0.034571
v 0.030626 0.028320 -0.034571
v 0.030626 0.028320 -0.034571
v 0.030626 0.028320 -0.034571
v 0.030803 0.028320 -0.032114
v 0.030803 0.028320 -0.032114
v 0.030803 0.028320 -0.032114
v 0.030803 0.028320 -0.032114
v 0.030803 0.028320 -0.032114
v 0.030960 0.028320 -0.035245
v 0.030960 0.028320 -0.035245
v 0.030960 0.028320 -0.035245
v 0.030960 0.028320 -0.035245
v 0.030960 0.028320 -0.035245
v 0.030960 0.028320 -0.035245
v 0.031296 -0.099652 -0.041202
v 0.031296 -0.099652 -0.041202
v 0.031296 -0.099652 -0.041202
v 0.031296 -0.099652 -0.041202
v 0.031296 -0.099652 -0.041202
v 0.031296 -0.099652 -0.041202
v 0.031313 0.028320 -0.031394
v 0.031313 0.028320 -0.031394
v 0.031313 0.028320 -0.031394
v 0.031313 0.028320 -0.031394
v 0.031313 0.028320 -0.031394
v 0.031349 -0.101746 -0.039126
v 0.031349 -0.101746 -0.039126
v 0.031349 -0.101746 -0.039126
v 0.031349 -0.101746 -0.039126
v 0.031349 -0.101746 -0.039126
v 0.031349 -0.101746 -0.039126
v 0.031441 0.027410 -0.033608
v 0.031441 0.027410 -0.033608
v 0.031441 0.027410 -0.033608
v 0.031441 0.027410 -0.033608
v 0.031441 0.027410 -0.033608
v 0.031441 0.027410 -0.033608
v 0.031441 0.027410 -0.033608
v 0.031441 0.027410 -0.033608
v 0.031488 0.028320 -0.035884
v 0.031488 0.028320 -0.035884
v 0.031488 0.028320 -0.035884
v 0.031488 0.028320 -0.035884
v 0.031488 0.028320 -0.035884
v 0.031502 0.027420 -0.033082
v 0.031502 0.027420 -0.033082
v 0.031502 0.027420 -0.033082
v 0.031502 0.027420 -0.033082
v 0.031502 0.027420 -0.033082
v 0.031538 0.026821 -0.033857
v 0.031538 0.026821 -0.033857
v 0.031538 0.026821 -0.033857
v 0.031538 0.026821 -0.033857
v 0.031547 0.026820 -0.041453
v 0.031547 0.026820 -0.041453
v 0.031547 0.026820 -0.041453
v 0.031547 0.026820 -0.041453
v 0.031547 0.026820 -0.041453
v 0.031547 0.026820 -0.041453
v 0.031549 0.027383 -0.034171
v 0.031549 0.027383 -0.034171
v 0.031549 0.027383 -0.034171
v 0.031549 0.027383 -0.034171
v 0.031549 0.027383 -0.034171
v 0.031591 0.026439 -0.033565
v 0.031591 0.026439 -0.033565
v 0.031591 0.026439 -0.033565
v 0.031591 0.026439 -0.033565
v 0.031591 0.026439 -0.033565
v 0.031598 0.026683 -0.033143
v 0.031598 0.026683 -0.033143
v 0.031598 0.026683 -0.033143
v 0.031598 0.026683 -0.033143
v 0.031598 0.026683 -0.033143
v 0.031598 0.026683 -0.033143
v 0.031658 0.027429 -0.032623
v 0.031658 0.027429 -0.032623
v 0.031658 0.027429 -0.032623
v 0.031658 0.027429 -0.032623
v 0.031658 0.027429 -0.032623
v 0.031659 0.026852 -0.034375
v 0.031659 0.026852 -0.034375
v 0.031659 0.026852 -0.034375
v 0.031659 0.026852 -0.034375
v 0.031659 0.026852 -0.034375
v 0.031659 0.026852 -0.034375
v 0.031659 0.026852 -0.034375
v 0.031717 0.027052 -0.032611
v 0.031717 0.027052 -0.032611
v 0.031717 0.027052 -0.032611
v 0.031717 0.027052 -0.032611
v 0.031717 0.027052 -0.032611
v 0.031717 0.027052 -0.032611
v 0.031717 0.027052 -0.032611
v 0.031743 0.025203 0.034782
v 0.031743 0.025203 0.034782
v 0.031743 0.025203 0.034782
v 0.031743 0.025203 0.034782
v 0.031743 0.025203 0.034782
v 0.031749 0.027355 -0.034625
v 0.031749 0.027355 -0.034625
v 0.031749 0.027355 -0.034625
v 0.031749 0.027355 -0.034625
v 0.031749 0.027355 -0.034625
v 0.031749 0.027355 -0.034625
v 0.031759 0.025785 -0.034055
v 0.031759 0.025785 -0.034055
v 0.031759 0.025785 -0.034055
v 0.031759 0.025785 -0.034055
v 0.031759 0.025785 -0.034055
v 0.031759 0.025785 -0.034055
v 0.031759 0.025785 -0.034055
v 0.031789 0.025671 -0.033561
v 0.031789 0.025671 -0.033561
v 0.031789 0.025671 -0.033561
v 0.031789 0.025671 -0.033561
v 0.031789 0.025671 -0.033561
v 0.031789 0.025671 -0.033561
v 0.031789 0.025671 -0.033561
v 0.031814 0.026157 -0.032876
v 0.031814 0.026157 -0.032876
v 0.031814 0.026157 -0.032876
v 0.031814 0.026157 -0.032876
v 0.031814 0.026157 -0.032876
v 0.031814 0.026157 -0.032876
v 0.031819 0.025203 0.033747
v 0.031819 0.025203 0.033747
v 0.031819 0.025203 0.033747
v 0.031819 0.025203 0.033747
v 0.031819 0.025203 0.033747
v 0.031819 0.025203 0.033747
v 0.031871 0.025868 -0.034549
v 0.031871 0.025868 -0.034549
v 0.031871 0.025868 -0.034549
v 0.031871 0.025868 -0.034549
v 0.031871 0.025868 -0.034549
v 0.031871 0.025868 -0.034549
v 0.031921 0.027431 -0.032214
v 0.031921 0.027431 -0.032214
v 0.031921 0.027431 -0.032214
v 0.031921 0.027431 -0.032214
v 0.031921 0.027431 -0.032214
v 0.031921 0.027431 -0.032214
v 0.031941 0.025203 0.035638
v 0.031941 0.025203 0.035638
v 0.031941 0.025203 0.035638
v 0.031941 0.025203 0.035638
v 0.031941 0.025203 0.035638
v 0.032037 0.026059 -0.034939
v 0.032037 0.026059 -0.034939
v 0.032037 0.026059 -0.034939
v 0.032037 0.026059 -0.034939
v 0.032037 0.026059 -0.034939
v 0.032037 0.026059 -0.034939
v 0.032037 0.026059 -0.034939
v 0.032039 0.028320 -0.030842
v 0.032039 0.028320 -0.030842
v 0.032039 0.028320 -0.030842
v 0.032039 0.028320 -0.030842
v 0.032039 0.028320 -0.030842
v 0.032043 0.025190 -0.033256
v 0.032043 0.025190 -0.033256
v 0.032043 0.025190 -0.033256
v 0.032043 0.025190 -0.033256
v 0.032043 0.025190 -0.033256
v 0.032043 0.025190 -0.033256
v 0.032048 0.028320 -0.036281
v 0.032048 0.028320 -0.036281
v 0.032048 0.028320 -0.036281
v 0.032048 0.028320 -0.036281
v 0.032049 0.025747 -0.032720
v 0.032049 0.025747 -0.032720
v 0.032049 0.025747 -0.032720
v 0.032049 0.025747 -0.032720
v 0.032049 0.025747 -0.032720
v 0.032049 0.025747 -0.032720
v 0.032062 0.027316 -0.035036
v 0.032062 0.027316 -0.035036
v 0.032062 0.027316 -0.035036
v 0.032062 0.027316 -0.035036
v 0.032062 0.027316 -0.035036
v 0.032062 0.027316 -0.035036
v 0.032062 0.027316 -0.035036
v 0.032062 0.027316 -0.035036
v 0.032065 0.024955 -0.034425
v 0.032065 0.024955 -0.034425
v 0.032065 0.024955 -0.034425
v 0.032065 0.024955 -0.034425
v 0.032065 0.024955 -0.034425
v 0.032071 0.026480 -0.032307
v 0.032071 0.026480 -0.032307
v 0.032071 0.026480 -0.032307
v 0.032071 0.026480 -0.032307
v 0.032071 0.026480 -0.032307
v 0.032119 0.024720 -0.034015
v 0.032119 0.024720 -0.034015
v 0.032119 0.024720 -0.034015
v 0.032119 0.024720 -0.034015
v 0.032119 0.024720 -0.034015
v 0.032119 0.024720 -0.034015
v 0.032150 0.026896 -0.032083
v 0.032150 0.026896 -0.032083
v 0.032150 0.026896 -0.032083
v 0.032150 0.026896 -0.032083
v 0.032150 0.026896 -0.032083
v 0.032150 0.026896 -0.032083
v 0.032227 0.024561 -0.033689
v 0.032227 0.024561 -0.033689
v 0.032227 0.024561 -0.033689
v 0.032227 0.024561 -0.033689
v 0.032227 0.024561 -0.033689
v 0.032227 0.024561 -0.033689
v 0.032270 0.025203 0.032786
v 0.032270 0.025203 0.032786
v 0.032270 0.025203 0.032786
v 0.032270 0.025203 0.032786
v 0.032270 0.025203 0.032786
v 0.032270 0.025203 0.032786
v 0.032282 0.027431 -0.031868
v 0.032282 0.027431 -0.031868
v 0.032282 0.027431 -0.031868
v 0.032282 0.027431 -0.031868
v 0.032282 0.027431 -0.031868
v 0.032282 0.027431 -0.031868
v 0.032335 0.024837 -0.035099
v 0.032335 0.024837 -0.035099
v 0.032335 0.024837 -0.035099
v 0.032335 0.024837 -0.035099
v 0.032335 0.024837 -0.035099
v 0.032335 0.024837 -0.035099
v 0.032339 0.024468 -0.034842
v 0.032339 0.024468 -0.034842
v 0.032339 0.024468 -0.034842
v 0.032339 0.024468 -0.034842
v 0.032339 0.024468 -0.034842
v 0.032339 0.024468 -0.034842
v 0.032339 0.024887 -0.032964
v 0.032339 0.024887 -0.032964
v 0.032339 0.024887 -0.032964
v 0.032339 0.024887 -0.032964
v 0.032339 0.024887 -0.032964
v 0.032402 0.025919 -0.032200
v 0.032402 0.025919 -0.032200
v 0.032402 0.025919 -0.032200
v 0.032402 0.025919 -0.032200
v 0.032402 0.025919 -0.032200
v 0.032402 0.025919 -0.032200
v 0.032402 0.025919 -0.032200
v 0.032405 0.025679 -0.035374
v 0.032405 0.025679 -0.035374
v 0.032405 0.025679 -0.035374
v 0.032405 0.025679 -0.035374
v 0.032405 0.025679 -0.035374
v 0.032405 0.025679 -0.035374
v 0.032421 0.024105 -0.034458
v 0.032421 0.024105 -0.034458
v 0.032421 0.024105 -0.034458
v 0.032421 0.024105 -0.034458
v 0.032421 0.024105 -0.034458
v 0.032465 0.028320 -0.036485
v 0.032465 0.028320 -0.036485
v 0.032465 0.028320 -0.036485
v 0.032465 0.028320 -0.036485
v 0.032465 0.028320 -0.036485
v 0.032493 0.026769 -0.031850
v 0.032493 0.026769 -0.031850
v 0.032493 0.026769 -0.031850
v 0.032493 0.026769 -0.031850
v 0.032493 0.026769 -0.031850
v 0.032493 0.026769 -0.031850
v 0.032506 0.025116 -0.032548
v 0.032506 0.025116 -0.032548
v 0.032506 0.025116 -0.032548
v 0.032506 0.025116 -0.032548
v 0.032506 0.025116 -0.032548
v 0.032506 0.025116 -0.032548
v 0.032506 0.026609 -0.035437
v 0.032506 0.026609 -0.035437
v 0.032506 0.026609 -0.035437
v 0.032506 0.026609 -0.035437
v 0.032515 -0.101175 -0.040292
v 0.032515 -0.101175 -0.040292
v 0.032515 -0.101175 -0.040292
v 0.032515 -0.101175 -0.040292
v 0.032515 -0.101175 -0.040292
v 0.032525 0.024309 -0.033282
v 0.032525 0.024309 -0.033282
v 0.032525 0.024309 -0.033282
v 0.032525 0.024309 -0.033282
v 0.032525 0.024309 -0.033282
v 0.032525 0.024309 -0.033282
v 0.032525 0.024309 -0.033282
v 0.032539 0.025203 0.036604
v 0.032539 0.025203 0.036604
v 0.032539 0.025203 0.036604
v 0.032539 0.025203 0.036604
v 0.032539 0.025203 0.036604
v 0.032539 0.025203 0.036604
v 0.032539 0.025203 0.036604
v 0.032553 0.024883 -0.035466
v 0.032553 0.024883 -0.035466
v 0.032553 0.024883 -0.035466
v 0.032553 0.024883 -0.035466
v 0.032553 0.024883 -0.035466
v 0.032562 0.027254 -0.035430
v 0.032562 0.027254 -0.035430
v 0.032562 0.027254 -0.035430
v 0.032562 0.027254 -0.035430
v 0.032562 0.027254 -0.035430
v 0.032562 0.027254 -0.035430
v 0.032562 0.027254 -0.035430
v 0.032642 0.023699 -0.034427
v 0.032642 0.023699 -0.034427
v 0.032642 0.023699 -0.034427
v 0.032642 0.023699 -0.034427
v 0.032642 0.023699 -0.034427
v 0.032642 0.023699 -0.034427
v 0.032642 0.023699 -0.034427
v 0.032646 0.023797 -0.033902
v 0.032646 0.023797 -0.033902
v 0.032646 0.023797 -0.033902
v 0.032646 0.023797 -0.033902
v 0.032646 0.023797 -0.033902
v 0.032654 0.024424 0.034593
v 0.032654 0.024424 0.034593
v 0.032654 0.024424 0.034593
v 0.032654 0.024424 0.034593
v 0.032654 0.024424 0.034593
v 0.032654 0.024424 0.034593
v 0.032654 0.024424 0.034593
v 0.032685 0.024430 0.034170
v 0.032685 0.024430 0.034170
v 0.032685 0.024430 0.034170
v 0.032685 0.024430 0.034170
v 0.032685 0.024430 0.034170
v 0.032702 0.028320 -0.030572
v 0.032702 0.028320 -0.030572
v 0.032702 0.028320 -0.030572
v 0.032702 0.028320 -0.030572
v 0.032740 0.024401 0.035085
v 0.032740 0.024401 0.035085
v 0.032740 0.024401 0.035085
v 0.032740 0.024401 0.035085
v 0.032740 0.024401 0.035085
v 0.032770 0.024014 0.035103
v 0.032770 0.024014 0.035103
v 0.032770 0.024014 0.035103
v 0.032770 0.024014 0.035103
v 0.032770 0.024014 0.035103
v 0.032779 0.023582 0.034360
v 0.032779 0.023582 0.034360
v 0.032779 0.023582 0.034360
v 0.032779 0.023582 0.034360
v 0.032779 0.023582 0.034360
v 0.032779 0.023582 0.034360
v 0.032784 0.024384 -0.032847
v 0.032784 0.024384 -0.032847
v 0.032784 0.024384 -0.032847
v 0.032784 0.024384 -0.032847
v 0.032784 0.024384 -0.032847
v 0.032784 0.024384 -0.032847
v 0.032793 0.026926 -0.031662
v 0.032793 0.026926 -0.031662
v 0.032793 0.026926 -0.031662
v 0.032793 0.026926 -0.031662
v 0.032843 0.027426 -0.031561
v 0.032843 0.027426 -0.031561
v 0.032843 0.027426 -0.031561
v 0.032843 0.027426 -0.031561
v 0.032843 0.027426 -0.031561
v 0.032843 0.027426 -0.031561
v 0.032843 0.027426 -0.031561
v 0.032843 0.027426 -0.031561
v 0.032852 0.024438 0.033612
v 0.032852 0.024438 0.033612
v 0.032852 0.024438 0.033612
v 0.032852 0.024438 0.033612
v 0.032852 0.024438 0.033612
v 0.032852 0.024438 0.033612
v 0.032852 0.024438 0.033612
v 0.032853 0.023564 0.034003
v 0.032853 0.023564 0.034003
v 0.032853 0.023564 0.034003
v 0.032853 0.023564 0.034003
v 0.032853 0.023564 0.034003
v 0.032858 0.026500 -0.035662
v 0.032858 0.026500 -0.035662
v 0.032858 0.026500 -0.035662
v 0.032858 0.026500 -0.035662
v 0.032858 0.026500 -0.035662
v 0.032858 0.026500 -0.035662
v 0.032858 0.026500 -0.035662
v 0.032858 0.026500 -0.035662
v 0.032864 0.025451 -0.035811
v 0.032864 0.025451 -0.035811
v 0.032864 0.025451 -0.035811
v 0.032864 0.025451 -0.035811
v 0.032864 0.025451 -0.035811
v 0.032864 0.025451 -0.035811
v 0.032864 0.025451 -0.035811
v 0.032865 0.023785 -0.035525
v 0.032865 0.023785 -0.035525
v 0.032865 0.023785 -0.035525
v 0.032865 0.023785 -0.035525
v 0.032865 0.023785 -0.035525
v 0.032865 0.023785 -0.035525
v 0.032895 0.023096 0.035031
v 0.032895 0.023096 0.035031
v 0.032895 0.023096 0.035031
v 0.032895 0.023096 0.035031
v 0.032895 0.023096 0.035031
v 0.032895 0.023096 0.035031
v 0.032895 0.023096 0.035031
v 0.032896 0.023418 -0.035129
v 0.032896 0.023418 -0.035129
v 0.032896 0.023418 -0.035129
v 0.032896 0.023418 -0.035129
v 0.032896 0.023418 -0.035129
v 0.032896 0.023418 -0.035129
v 0.032896 0.023418 -0.035129
v 0.032914 0.026184 -0.031792
v 0.032914 0.026184 -0.031792
v 0.032914 0.026184 -0.031792
v 0.032914 0.026184 -0.031792
v 0.032914 0.026184 -0.031792
v 0.032914 0.026184 -0.031792
v 0.032918 0.024378 0.035523
v 0.032918 0.024378 0.035523
v 0.032918 0.024378 0.035523
v 0.032918 0.024378 0.035523
v 0.032918 0.024378 0.035523
v 0.032918 0.024378 0.035523
v 0.032918 0.024378 0.035523
v 0.033005 0.023816 -0.033181
v 0.033005 0.023816 -0.033181
v 0.033005 0.023816 -0.033181
v 0.033005 0.023816 -0.033181
v 0.033005 0.023816 -0.033181
v 0.033009 0.023397 0.033711
v 0.033009 0.023397 0.033711
v 0.033009 0.023397 0.033711
v 0.033009 0.023397 0.033711
v 0.033009 0.023397 0.033711
v 0.033009 0.023397 0.033711
v 0.033032 0.025372 -0.032041
v 0.033032 0.025372 -0.032041
v 0.033032 0.025372 -0.032041
v 0.033032 0.025372 -0.032041
v 0.033032 0.025372 -0.032041
v 0.033032 0.025372 -0.032041
v 0.033047 0.023405 -0.033698
v 0.033047 0.023405 -0.033698
v 0.033047 0.023405 -0.033698
v 0.033047 0.023405 -0.033698
v 0.033047 0.023405 -0.033698
v 0.033047 0.023405 -0.033698
v 0.033053 0.022454 0.034581
v 0.033053 0.022454 0.034581
v 0.033053 0.022454 0.034581
v 0.033053 0.022454 0.034581
v 0.033053 0.022454 0.034581
v 0.033053 0.022454 0.034581
v 0.033058 0.022600 0.034264
v 0.033058 0.022600 0.034264
v 0.033058 0.022600 0.034264
v 0.033058 0.022600 0.034264
v 0.033058 0.022600 0.034264
v 0.033058 0.022600 0.034264
v 0.033069 -0.097681 -0.042975
v 0.033069 -0.097681 -0.042975
v 0.033069 -0.097681 -0.042975
v 0.033069 -0.097681 -0.042975
v 0.033069 -0.097681 -0.042975
v 0.033069 -0.097681 -0.042975
v 0.033101 0.025203 0.031954
v 0.033101 0.025203 0.031954
v 0.033101 0.025203 0.031954
v 0.033101 0.025203 0.031954
v 0.033101 0.025203 0.031954
v 0.033101 0.025203 0.031954
v 0.033101 0.025203 0.031954
v 0.033105 0.022984 0.035626
v 0.033105 0.022984 0.035626
v 0.033105 0.022984 0.035626
v 0.033105 0.022984 0.035626
v 0.033105 0.022984 0.035626
v 0.033105 0.022984 0.035626
v 0.033117 0.024615 -0.032407
v 0.033117 0.024615 -0.032407
v 0.033117 0.024615 -0.032407
v 0.033117 0.024615 -0.032407
v 0.033117 0.024615 -0.032407
v 0.033117 0.024615 -0.032407
v 0.033120 0.027177 -0.035666
v 0.033120 0.027177 -0.035666
v 0.033120 0.027177 -0.035666
v 0.033120 0.027177 -0.035666
v 0.033120 0.027177 -0.035666
v 0.033120 0.027177 -0.035666
v 0.033150 0.024441 0.033156
v 0.033150 0.024441 0.033156
v 0.033150 0.024441 0.033156
v 0.033150 0.024441 0.033156
v 0.033150 0.024441 0.033156
v 0.033182 0.024033 -0.036121
v 0.033182 0.024033 -0.036121
v 0.033182 0.024033 -0.036121
v 0.033182 0.024033 -0.036121
v 0.033182 0.024033 -0.036121
v 0.033190 0.023731 -0.036049
v 0.033190 0.023731 -0.036049
v 0.033190 0.023731 -0.036049
v 0.033190 0.023731 -0.036049
v 0.033190 0.023731 -0.036049
v 0.033190 0.023731 -0.036049
v 0.033195 0.022962 -0.034445
v 0.033195 0.022962 -0.034445
v 0.033195 0.022962 -0.034445
v 0.033195 0.022962 -0.034445
v 0.033195 0.022962 -0.034445
v 0.033195 0.022962 -0.034445
v 0.033195 0.022962 -0.034445
v 0.033205 0.022291 0.035520
v 0.033205 0.022291 0.035520
v 0.033205 0.022291 0.035520
v 0.033205 0.022291 0.035520
v 0.033205 0.022291 0.035520
v 0.033206 0.022920 -0.034962
v 0.033206 0.022920 -0.034962
v 0.033206 0.022920 -0.034962
v 0.033206 0.022920 -0.034962
v 0.033206 0.022920 -0.034962
v 0.033208 0.023887 0.033201
v 0.033208 0.023887 0.033201
v 0.033208 0.023887 0.033201
v 0.033208 0.023887 0.033201
v 0.033208 0.023887 0.033201
v 0.033208 0.023887 0.033201
v 0.033208 0.023887 0.033201
v 0.033211 0.024348 0.035932
v 0.033211 0.024348 0.035932
v 0.033211 0.024348 0.035932
v 0.033211 0.024348 0.035932
v 0.033211 0.024348 0.035932
v 0.033220 0.025531 -0.036033
v 0.033220 0.025531 -0.036033
v 0.033220 0.025531 -0.036033
v 0.033220 0.025531 -0.036033
v 0.033220 0.025531 -0.036033
v 0.033220 0.025531 -0.036033
v 0.033221 0.026722 -0.035767
v 0.033221 0.026722 -0.035767
v 0.033221 0.026722 -0.035767
v 0.033221 0.026722 -0.035767
v 0.033221 0.026722 -0.035767
v 0.033221 0.026722 -0.035767
v 0.033223 0.021971 0.035151
v 0.033223 0.021971 0.035151
v 0.033223 0.021971 0.035151
v 0.033223 0.021971 0.035151
v 0.033223 0.021971 0.035151
v 0.033223 0.021971 0.035151
v 0.033250 0.028319 -0.036695
v 0.033250 0.028319 -0.036695
v 0.033250 0.028319 -0.036695
v 0.033250 0.028319 -0.036695
v 0.033250 0.028319 -0.036695
v 0.033250 0.028319 -0.036695
v 0.033268 0.023728 -0.033015
v 0.033268 0.023728 -0.033015
v 0.033268 0.023728 -0.033015
v 0.033268 0.023728 -0.033015
v 0.033268 0.023728 -0.033015
v 0.033268 0.023728 -0.033015
v 0.033277 0.023064 -0.035686
v 0.033277 0.023064 -0.035686
v 0.033277 0.023064 -0.035686
v 0.033277 0.023064 -0.035686
v 0.033277 0.023064 -0.035686
v 0.033277 0.023064 -0.035686
v 0.033291 0.023090 0.035978
v 0.033291 0.023090 0.035978
v 0.033291 0.023090 0.035978
v 0.033291 0.023090 0.035978
v 0.033291 0.023090 0.035978
v 0.033291 0.023090 0.035978
v 0.033291 0.023090 0.035978
v 0.033301 0.023116 0.033396
v 0.033301 0.023116 0.033396
v 0.033301 0.023116 0.033396
v 0.033301 0.023116 0.033396
v 0.033301 0.023116 0.033396
v 0.033325 0.026647 -0.031567
v 0.033325 0.026647 -0.031567
v 0.033325 0.026647 -0.031567
v 0.033325 0.026647 -0.031567
v 0.033325 0.026647 -0.031567
v 0.033325 0.026647 -0.031567
v 0.033339 0.022598 0.033639
v 0.033339 0.022598 0.033639
v 0.033339 0.022598 0.033639
v 0.033339 0.022598 0.033639
v 0.033339 0.022598 0.033639
v 0.033339 0.022598 0.033639
v 0.033343 0.026178 -0.035931
v 0.033343 0.026178 -0.035931
v 0.033343 0.026178 -0.035931
v 0.033343 0.026178 -0.035931
v 0.033343 0.026178 -0.035931
v 0.033373 0.021657 0.034696
v 0.033373 0.021657 0.034696
v 0.033373 0.021657 0.034696
v 0.033373 0.021657 0.034696
v 0.033373 0.021657 0.034696
v 0.033374 0.028320 -0.030455
v 0.033374 0.028320 -0.030455
v 0.033374 0.028320 -0.030455
v 0.033374 0.028320 -0.030455
v 0.033374 0.028320 -0.030455
v 0.033391 0.015433 0.040823
v 0.033391 0.015433 0.040823
v 0.033391 0.015433 0.040823
v 0.033391 0.015433 0.040823
v 0.033391 0.015433 0.040823
v 0.033410 0.028320 -0.041188
v 0.033410 0.028320 -0.041188
v 0.033410 0.028320 -0.041188
v 0.033410 0.028320 -0.041188
v 0.033410 0.028320 -0.041188
v 0.033410 0.028320 -0.041188
v 0.033410 0.028320 -0.041188
v 0.033410 0.028320 -0.041188
v 0.033410 0.028320 -0.041188
v 0.033410 0.028320 -0.041188
v 0.033410 0.028320 -0.041188
v 0.033410 0.028320 -0.041188
v 0.033410 0.028320 -0.041188
v 0.033410 0.028320 -0.041188
v 0.033410 0.028320 -0.041188
v 0.033410 0.028320 -0.041188
v 0.033410 0.028320 -0.041188
v 0.033410 0.028320 -0.041188
v 0.033410 0.028320 -0.041188
v 0.033410 0.028320 -0.041188
v 0.033410 0.028320 -0.041188
v 0.033410 0.028320 -0.041188
v 0.033410 0.028320 -0.041188
v 0.033410 0.028320 -0.041188
v 0.033410 0.028320 -0.041188
v 0.033410 0.028320 -0.041188
v 0.033419 0.023475 0.036146
v 0.033419 0.023475 0.036146
v 0.033419 0.023475 0.036146
v 0.033419 0.023475 0.036146
v 0.033419 0.023475 0.036146
v 0.033419 0.023475 0.036146
v 0.033419 0.023475 0.036146
v 0.033428 0.021806 0.034213
v 0.033428 0.021806 0.034213
v 0.033428 0.021806 0.034213
v 0.033428 0.021806 0.034213
v 0.033428 0.021806 0.034213
v 0.033428 0.021806 0.034213
v 0.033428 0.021806 0.034213
v 0.033450 0.025682 -0.031804
v 0.033450 0.025682 -0.031804
v 0.033450 0.025682 -0.031804
v 0.033450 0.025682 -0.031804
v 0.033450 0.025682 -0.031804
v 0.033450 0.025682 -0.031804
v 0.033454 0.022718 -0.035527
v 0.033454 0.022718 -0.035527
v 0.033454 0.022718 -0.035527
v 0.033454 0.022718 -0.035527
v 0.033454 0.022718 -0.035527
v 0.033455 0.024048 -0.036429
v 0.033455 0.024048 -0.036429
v 0.033455 0.024048 -0.036429
v 0.033455 0.024048 -0.036429
v 0.033455 0.024048 -0.036429
v 0.033455 0.024048 -0.036429
v 0.033455 0.024048 -0.036429
v 0.033455 0.024048 -0.036429
v 0.033455 0.024617 -0.036383
v 0.033455 0.024617 -0.036383
v 0.033455 0.024617 -0.036383
v 0.033455 0.024617 -0.036383
v 0.033455 0.024617 -0.036383
v 0.033468 0.024172 -0.032533
v 0.033468 0.024172 -0.032533
v 0.033468 0.024172 -0.032533
v 0.033468 0.024172 -0.032533
v 0.033468 0.024172 -0.032533
v 0.033468 0.024172 -0.032533
v 0.033484 0.024445 0.032829
v 0.033484 0.024445 0.032829
v 0.033484 0.024445 0.032829
v 0.033484 0.024445 0.032829
v 0.033484 0.024445 0.032829
v 0.033505 0.022730 -0.034210
v 0.033505 0.022730 -0.034210
v 0.033505 0.022730 -0.034210
v 0.033505 0.022730 -0.034210
v 0.033505 0.022730 -0.034210
v 0.033505 0.022730 -0.034210
v 0.033530 0.024315 0.036232
v 0.033530 0.024315 0.036232
v 0.033530 0.024315 0.036232
v 0.033530 0.024315 0.036232
v 0.033530 0.024315 0.036232
v 0.033539 0.027109 -0.035748
v 0.033539 0.027109 -0.035748
v 0.033539 0.027109 -0.035748
v 0.033539 0.027109 -0.035748
v 0.033539 0.027109 -0.035748
v 0.033540 0.027410 -0.031441
v 0.033540 0.027410 -0.031441
v 0.033540 0.027410 -0.031441
v 0.033540 0.027410 -0.031441
v 0.033540 0.027410 -0.031441
v 0.033540 0.027410 -0.031441
v 0.033540 0.027410 -0.031441
v 0.033541 0.023121 -0.033478
v 0.033541 0.023121 -0.033478
v 0.033541 0.023121 -0.033478
v 0.033541 0.023121 -0.033478
v 0.033541 0.023121 -0.033478
v 0.033541 0.023121 -0.033478
v 0.033541 0.023121 -0.033478
v 0.033543 0.025203 0.037307
v 0.033543 0.025203 0.037307
v 0.033543 0.025203 0.037307
v 0.033543 0.025203 0.037307
v 0.033543 0.025203 0.037307
v 0.033543 0.025203 0.037307
v 0.033543 0.025203 0.037307
v 0.033575 0.021303 0.035707
v 0.033575 0.021303 0.035707
v 0.033575 0.021303 0.035707
v 0.033575 0.021303 0.035707
v 0.033575 0.021303 0.035707
v 0.033580 0.023176 0.033085
v 0.033580 0.023176 0.033085
v 0.033580 0.023176 0.033085
v 0.033580 0.023176 0.033085
v 0.033580 0.023176 0.033085
v 0.033580 0.023176 0.033085
v 0.033587 0.021755 0.036122
v 0.033587 0.021755 0.036122
v 0.033587 0.021755 0.036122
v 0.033587 0.021755 0.036122
v 0.033587 0.021755 0.036122
v 0.033587 0.021755 0.036122
v 0.033587 0.021755 0.036122
v 0.033612 0.024287 0.036281
v 0.033612 0.024287 0.036281
v 0.033612 0.024287 0.036281
v 0.033612 0.024287 0.036281
v 0.033612 0.024287 0.036281
v 0.033612 0.024287 0.036281
v 0.033642 0.021750 0.033885
v 0.033642 0.021750 0.033885
v 0.033642 0.021750 0.033885
v 0.033642 0.021750 0.033885
v 0.033642 0.021750 0.033885
v 0.033642 0.021750 0.033885
v 0.033644 0.025557 -0.036234
v 0.033644 0.025557 -0.036234
v 0.033644 0.025557 -0.036234
v 0.033644 0.025557 -0.036234
v 0.033644 0.025557 -0.036234
v 0.033644 0.025557 -0.036234
v 0.033667 0.020990 0.035324
v 0.033667 0.020990 0.035324
v 0.033667 0.020990 0.035324
v 0.033667 0.020990 0.035324
v 0.033667 0.020990 0.035324
v 0.033667 0.020990 0.035324
v 0.033667 0.020990 0.035324
v 0.033673 0.022977 -0.036384
v 0.033673 0.022977 -0.036384
v 0.033673 0.022977 -0.036384
v 0.033673 0.022977 -0.036384
v 0.033673 0.022977 -0.036384
v 0.033673 0.022977 -0.036384
v 0.033676 0.022408 0.033359
v 0.033676 0.022408 0.033359
v 0.033676 0.022408 0.033359
v 0.033676 0.022408 0.033359
v 0.033676 0.022408 0.033359
v 0.033676 0.022408 0.033359
v 0.033679 0.026549 -0.035898
v 0.033679 0.026549 -0.035898
v 0.033679 0.026549 -0.035898
v 0.033679 0.026549 -0.035898
v 0.033679 0.026549 -0.035898
v 0.033696 0.023750 0.032820
v 0.033696 0.023750 0.032820
v 0.033696 0.023750 0.032820
v 0.033696 0.023750 0.032820
v 0.033696 0.023750 0.032820
v 0.033696 0.023750 0.032820
v 0.033699 0.024745 -0.032134
v 0.033699 0.024745 -0.032134
v 0.033699 0.024745 -0.032134
v 0.033699 0.024745 -0.032134
v 0.033699 0.024745 -0.032134
v 0.033699 0.024745 -0.032134
v 0.033711 0.020981 0.034884
v 0.033711 0.020981 0.034884
v 0.033711 0.020981 0.034884
v 0.033711 0.020981 0.034884
v 0.033711 0.020981 0.034884
v 0.033711 0.020981 0.034884
v 0.033711 0.020981 0.034884
v 0.033715 0.022372 -0.035361
v 0.033715 0.022372 -0.035361
v 0.033715 0.022372 -0.035361
v 0.033715 0.022372 -0.035361
v 0.033715 0.022372 -0.035361
v 0.033715 0.022372 -0.035361
v 0.033715 0.022372 -0.035361
v 0.033742 0.022387 -0.034723
v 0.033742 0.022387 -0.034723
v 0.033742 0.022387 -0.034723
v 0.033742 0.022387 -0.034723
v 0.033742 0.022387 -0.034723
v 0.033742 0.022387 -0.034723
v 0.033778 0.023354 -0.033058
v 0.033778 0.023354 -0.033058
v 0.033778 0.023354 -0.033058
v 0.033778 0.023354 -0.033058
v 0.033778 0.023354 -0.033058
v 0.033782 0.024439 0.032643
v 0.033782 0.024439 0.032643
v 0.033782 0.024439 0.032643
v 0.033782 0.024439 0.032643
v 0.033782 0.024439 0.032643
v 0.033799 0.026144 -0.031655
v 0.033799 0.026144 -0.031655
v 0.033799 0.026144 -0.031655
v 0.033799 0.026144 -0.031655
v 0.033799 0.026144 -0.031655
v 0.033799 0.026144 -0.031655
v 0.033819 0.024484 -0.036681
v 0.033819 0.024484 -0.036681
v 0.033819 0.024484 -0.036681
v 0.033819 0.024484 -0.036681
v 0.033819 0.024484 -0.036681
v 0.033850 0.028320 -0.036727
v 0.033850 0.028320 -0.036727
v 0.033850 0.028320 -0.036727
v 0.033850 0.028320 -0.036727
v 0.033850 0.028320 -0.036727
v 0.033865 0.015705 0.041682
v 0.033865 0.015705 0.041682
v 0.033865 0.015705 0.041682
v 0.033865 0.015705 0.041682
v 0.033872 0.020986 0.034395
v 0.033872 0.020986 0.034395
v 0.033872 0.020986 0.034395
v 0.033872 0.020986 0.034395
v 0.033872 0.020986 0.034395
v 0.033872 0.020986 0.034395
v 0.033910 0.024337 -0.032303
v 0.033910 0.024337 -0.032303
v 0.033910 0.024337 -0.032303
v 0.033910 0.024337 -0.032303
v 0.033910 0.024337 -0.032303
v 0.033910 0.024337 -0.032303
v 0.033919 0.025981 -0.036146
v 0.033919 0.025981 -0.036146
v 0.033919 0.025981 -0.036146
v 0.033919 0.025981 -0.036146
v 0.033919 0.025981 -0.036146
v 0.033921 0.020758 0.036109
v 0.033921 0.020758 0.036109
v 0.033921 0.020758 0.036109
v 0.033921 0.020758 0.036109
v 0.033921 0.020758 0.036109
v 0.033928 0.022596 -0.036487
v 0.033928 0.022596 -0.036487
v 0.033928 0.022596 -0.036487
v 0.033928 0.022596 -0.036487
v 0.033928 0.022596 -0.036487
v 0.033928 0.022596 -0.036487
v 0.033933 0.027029 -0.035750
v 0.033933 0.027029 -0.035750
v 0.033933 0.027029 -0.035750
v 0.033933 0.027029 -0.035750
v 0.033933 0.027029 -0.035750
v 0.033933 0.027029 -0.035750
v 0.033933 0.027029 -0.035750
v 0.033933 0.027029 -0.035750
v 0.033935 0.021707 0.033582
v 0.033935 0.021707 0.033582
v 0.033935 0.021707 0.033582
v 0.033935 0.021707 0.033582
v 0.033935 0.021707 0.033582
v 0.033941 0.022309 -0.036074
v 0.033941 0.022309 -0.036074
v 0.033941 0.022309 -0.036074
v 0.033941 0.022309 -0.036074
v 0.033941 0.022309 -0.036074
v 0.033941 0.022309 -0.036074
v 0.033957 0.023607 -0.032775
v 0.033957 0.023607 -0.032775
v 0.033957 0.023607 -0.032775
v 0.033957 0.023607 -0.032775
v 0.033957 0.023607 -0.032775
v 0.033976 0.026828 -0.031554
v 0.033976 0.026828 -0.031554
v 0.033976 0.026828 -0.031554
v 0.033976 0.026828 -0.031554
v 0.033976 0.026828 -0.031554
v 0.033977 0.021864 0.036696
v 0.033977 0.021864 0.036696
v 0.033977 0.021864 0.036696
v 0.033977 0.021864 0.036696
v 0.033977 0.021864 0.036696
v 0.033977 0.021864 0.036696
v 0.033977 0.021864 0.036696
v 0.033989 0.023161 0.032816
v 0.033989 0.023161 0.032816
v 0.033989 0.023161 0.032816
v 0.033989 0.023161 0.032816
v 0.033989 0.023161 0.032816
v 0.033994 -0.099912 -0.041772
v 0.033994 -0.099912 -0.041772
v 0.033994 -0.099912 -0.041772
v 0.033994 -0.099912 -0.041772
v 0.033994 -0.099912 -0.041772
v 0.033994 -0.099912 -0.041772
v 0.034000 0.023703 0.043511
v 0.034000 0.023703 0.043511
v 0.034000 0.023703 0.043511
v 0.034000 0.023703 0.043511
v 0.034000 0.023703 0.043511
v 0.034032 0.022563 -0.033849
v 0.034032 0.022563 -0.033849
v 0.034032 0.022563 -0.033849
v 0.034032 0.022563 -0.033849
v 0.034032 0.022563 -0.033849
v 0.034032 0.022563 -0.033849
v 0.034051 0.024764 -0.036734
v 0.034051 0.024764 -0.036734
v 0.034051 0.024764 -0.036734
v 0.034051 0.024764 -0.036734
v 0.034051 0.024764 -0.036734
v 0.034051 0.024764 -0.036734
v 0.034054 0.025152 -0.031952
v 0.034054 0.025152 -0.031952
v 0.034054 0.025152 -0.031952
v 0.034054 0.025152 -0.031952
v 0.034054 0.025152 -0.031952
v 0.034054 0.025152 -0.031952
v 0.034054 0.025152 -0.031952
v 0.034062 0.021235 0.036703
v 0.034062 0.021235 0.036703
v 0.034062 0.021235 0.036703
v 0.034062 0.021235 0.036703
v 0.034062 0.021235 0.036703
v 0.034062 0.021235 0.036703
v 0.034062 0.023690 0.036595
v 0.034062 0.023690 0.036595
v 0.034062 0.023690 0.036595
v 0.034062 0.023690 0.036595
v 0.034062 0.023690 0.036595
v 0.034069 0.021102 0.033968
v 0.034069 0.021102 0.033968
v 0.034069 0.021102 0.033968
v 0.034069 0.021102 0.033968
v 0.034069 0.021102 0.033968
v 0.034069 0.021102 0.033968
v 0.034078 0.020513 0.034784
v 0.034078 0.020513 0.034784
v 0.034078 0.020513 0.034784
v 0.034078 0.020513 0.034784
v 0.034083 -0.095341 -0.043989
v 0.034083 -0.095341 -0.043989
v 0.034083 -0.095341 -0.043989
v 0.034083 -0.095341 -0.043989
v 0.034083 -0.095341 -0.043989
v 0.034086 0.022128 0.033197
v 0.034086 0.022128 0.033197
v 0.034086 0.022128 0.033197
v 0.034086 0.022128 0.033197
v 0.034086 0.022128 0.033197
v 0.034086 0.022128 0.033197
v 0.034086 0.022128 0.033197
v 0.034086 0.022128 0.033197
v 0.034111 0.023056 -0.037021
v 0.034111 0.023056 -0.037021
v 0.034111 0.023056 -0.037021
v 0.034111 0.023056 -0.037021
v 0.034111 0.023056 -0.037021
v 0.034111 0.023056 -0.037021
v 0.034111 0.023056 -0.037021
v 0.034125 0.020612 0.036487
v 0.034125 0.020612 0.036487
v 0.034125 0.020612 0.036487
v 0.034125 0.020612 0.036487
v 0.034125 0.020612 0.036487
v 0.034125 0.020612 0.036487
v 0.034140 0.016200 0.042657
v 0.034140 0.016200 0.042657
v 0.034140 0.016200 0.042657
v 0.034140 0.016200 0.042657
v 0.034140 0.016200 0.042657
v 0.034149 0.022154 -0.034554
v 0.034149 0.022154 -0.034554
v 0.034149 0.022154 -0.034554
v 0.034149 0.022154 -0.034554
v 0.034149 0.022154 -0.034554
v 0.034149 0.022154 -0.034554
v 0.034156 0.016923 0.043674
v 0.034156 0.016923 0.043674
v 0.034156 0.016923 0.043674
v 0.034156 0.016923 0.043674
v 0.034156 0.016923 0.043674
v 0.034156 0.016923 0.043674
v 0.034156 0.016923 0.043674
v 0.034156 0.016923 0.043674
v 0.034156 0.016923 0.043674
v 0.034156 0.016923 0.043674
v 0.034156 0.016923 0.043674
v 0.034162 0.022553 0.036820
v 0.034162 0.022553 0.036820
v 0.034162 0.022553 0.036820
v 0.034162 0.022553 0.036820
v 0.034162 0.022553 0.036820
v 0.034162 0.022553 0.036820
v 0.034169 0.020202 0.035490
v 0.034169 0.020202 0.035490
v 0.034169 0.020202 0.035490
v 0.034169 0.020202 0.035490
v 0.034169 0.020202 0.035490
v 0.034169 0.020202 0.035490
v 0.034177 0.027577 -0.036150
v 0.034177 0.027577 -0.036150
v 0.034177 0.027577 -0.036150
v 0.034177 0.027577 -0.036150
v 0.034207 0.025780 -0.031789
v 0.034207 0.025780 -0.031789
v 0.034207 0.025780 -0.031789
v 0.034207 0.025780 -0.031789
v 0.034207 0.025780 -0.031789
v 0.034207 0.025780 -0.031789
v 0.034208 0.020204 0.036057
v 0.034208 0.020204 0.036057
v 0.034208 0.020204 0.036057
v 0.034208 0.020204 0.036057
v 0.034208 0.020204 0.036057
v 0.034208 0.020204 0.036057
v 0.034209 0.028320 -0.030518
v 0.034209 0.028320 -0.030518
v 0.034209 0.028320 -0.030518
v 0.034209 0.028320 -0.030518
v 0.034209 0.028320 -0.030518
v 0.034214 0.024228 0.036585
v 0.034214 0.024228 0.036585
v 0.034214 0.024228 0.036585
v 0.034214 0.024228 0.036585
v 0.034214 0.024228 0.036585
v 0.034214 0.024228 0.036585
v 0.034227 0.027380 -0.031561
v 0.034227 0.027380 -0.031561
v 0.034227 0.027380 -0.031561
v 0.034227 0.027380 -0.031561
v 0.034227 0.027380 -0.031561
v 0.034227 0.027380 -0.031561
v 0.034233 0.025571 -0.036410
v 0.034233 0.025571 -0.036410
v 0.034233 0.025571 -0.036410
v 0.034233 0.025571 -0.036410
v 0.034233 0.025571 -0.036410
v 0.034233 0.025571 -0.036410
v 0.034234 0.026217 -0.036056
v 0.034234 0.026217 -0.036056
v 0.034234 0.026217 -0.036056
v 0.034234 0.026217 -0.036056
v 0.034234 0.026217 -0.036056
v 0.034234 0.026217 -0.036056
v 0.034246 0.023780 0.032561
v 0.034246 0.023780 0.032561
v 0.034246 0.023780 0.032561
v 0.034246 0.023780 0.032561
v 0.034246 0.023780 0.032561
v 0.034246 0.023780 0.032561
v 0.034246 0.023780 0.032561
v 0.034246 0.023780 0.032561
v 0.034292 0.025203 0.037555
v 0.034292 0.025203 0.037555
v 0.034292 0.025203 0.037555
v 0.034292 0.025203 0.037555
v 0.034294 0.021910 -0.035936
v 0.034294 0.021910 -0.035936
v 0.034294 0.021910 -0.035936
v 0.034294 0.021910 -0.035936
v 0.034294 0.021910 -0.035936
v 0.034294 0.021910 -0.035936
v 0.034299 0.021872 -0.035539
v 0.034299 0.021872 -0.035539
v 0.034299 0.021872 -0.035539
v 0.034299 0.021872 -0.035539
v 0.034299 0.021872 -0.035539
v 0.034299 0.021872 -0.035539
v 0.034299 0.026968 -0.035712
v 0.034299 0.026968 -0.035712
v 0.034299 0.026968 -0.035712
v 0.034299 0.026968 -0.035712
v 0.034299 0.026968 -0.035712
v 0.034299 0.026968 -0.035712
v 0.034305 0.021913 -0.035076
v 0.034305 0.021913 -0.035076
v 0.034305 0.021913 -0.035076
v 0.034305 0.021913 -0.035076
v 0.034305 0.021913 -0.035076
v 0.034312 0.022698 0.032837
v 0.034312 0.022698 0.032837
v 0.034312 0.022698 0.032837
v 0.034312 0.022698 0.032837
v 0.034312 0.022698 0.032837
v 0.034312 0.022698 0.032837
v 0.034333 0.020382 0.034517
v 0.034333 0.020382 0.034517
v 0.034333 0.020382 0.034517
v 0.034333 0.020382 0.034517
v 0.034333 0.020382 0.034517
v 0.034333 0.020382 0.034517
v 0.034333 0.020382 0.034517
v 0.034338 0.021227 0.033621
v 0.034338 0.021227 0.033621
v 0.034338 0.021227 0.033621
v 0.034338 0.021227 0.033621
v 0.034338 0.021227 0.033621
v 0.034339 0.020043 0.035234
v 0.034339 0.020043 0.035234
v 0.034339 0.020043 0.035234
v 0.034339 0.020043 0.035234
v 0.034339 0.020043 0.035234
v 0.034339 0.020043 0.035234
v 0.034339 0.020043 0.035234
v 0.034346 0.022058 -0.036527
v 0.034346 0.022058 -0.036527
v 0.034346 0.022058 -0.036527
v 0.034346 0.022058 -0.036527
v 0.034346 0.022058 -0.036527
v 0.034346 0.022058 -0.036527
v 0.034359 0.024428 0.032448
v 0.034359 0.024428 0.032448
v 0.034359 0.024428 0.032448
v 0.034359 0.024428 0.032448
v 0.034359 0.024428 0.032448
v 0.034367 0.022734 -0.033441
v 0.034367 0.022734 -0.033441
v 0.034367 0.022734 -0.033441
v 0.034367 0.022734 -0.033441
v 0.034367 0.022734 -0.033441
v 0.034367 0.022734 -0.033441
v 0.034367 0.022734 -0.033441
v 0.034367 0.022734 -0.033441
v 0.034373 0.022210 -0.034174
v 0.034373 0.022210 -0.034174
v 0.034373 0.022210 -0.034174
v 0.034373 0.022210 -0.034174
v 0.034390 0.022727 0.036926
v 0.034390 0.022727 0.036926
v 0.034390 0.022727 0.036926
v 0.034390 0.022727 0.036926
v 0.034390 0.022727 0.036926
v 0.034390 0.022727 0.036926
v 0.034405 0.026668 -0.031693
v 0.034405 0.026668 -0.031693
v 0.034405 0.026668 -0.031693
v 0.034405 0.026668 -0.031693
v 0.034405 0.026668 -0.031693
v 0.034405 0.026668 -0.031693
v 0.034414 0.025091 -0.036742
v 0.034414 0.025091 -0.036742
v 0.034414 0.025091 -0.036742
v 0.034414 0.025091 -0.036742
v 0.034414 0.025091 -0.036742
v 0.034414 0.025091 -0.036742
v 0.034414 0.025091 -0.036742
v 0.034438 0.021567 0.037154
v 0.034438 0.021567 0.037154
v 0.034438 0.021567 0.037154
v 0.034438 0.021567 0.037154
v 0.034438 0.021567 0.037154
v 0.034443 0.023296 -0.032917
v 0.034443 0.023296 -0.032917
v 0.034443 0.023296 -0.032917
v 0.034443 0.023296 -0.032917
v 0.034443 0.023296 -0.032917
v 0.034443 0.023296 -0.032917
v 0.034449 0.024940 -0.032077
v 0.034449 0.024940 -0.032077
v 0.034449 0.024940 -0.032077
v 0.034449 0.024940 -0.032077
v 0.034449 0.024940 -0.032077
v 0.034464 0.025203 0.031488
v 0.034464 0.025203 0.031488
v 0.034464 0.025203 0.031488
v 0.034464 0.025203 0.031488
v 0.034464 0.025203 0.031488
v 0.034464 0.025203 0.031488
v 0.034465 0.023929 -0.037340
v 0.034465 0.023929 -0.037340
v 0.034465 0.023929 -0.037340
v 0.034465 0.023929 -0.037340
v 0.034465 0.023929 -0.037340
v 0.034465 0.023929 -0.037340
v 0.034465 0.023929 -0.037340
v 0.034490 0.012121 -0.044396
v 0.034490 0.012121 -0.044396
v 0.034490 0.012121 -0.044396
v 0.034490 0.012121 -0.044396
v 0.034490 0.012121 -0.044396
v 0.034490 0.012121 -0.044396
v 0.034490 0.012121 -0.044396
v 0.034490 0.012121 -0.044396
v 0.034501 -0.093105 -0.044407
v 0.034501 -0.093105 -0.044407
v 0.034501 -0.093105 -0.044407
v 0.034501 -0.093105 -0.044407
v 0.034501 -0.093105 -0.044407
v 0.034501 -0.093105 -0.044407
v 0.034514 0.024781 -0.036963
v 0.034514 0.024781 -0.036963
v 0.034514 0.024781 -0.036963
v 0.034514 0.024781 -0.036963
v 0.034514 0.024781 -0.036963
v 0.034519 0.024552 0.036998
v 0.034519 0.024552 0.036998
v 0.034519 0.024552 0.036998
v 0.034519 0.024552 0.036998
v 0.034519 0.024552 0.036998
v 0.034539 0.024047 -0.032454
v 0.034539 0.024047 -0.032454
v 0.034539 0.024047 -0.032454
v 0.034539 0.024047 -0.032454
v 0.034539 0.024047 -0.032454
v 0.034539 0.024047 -0.032454
v 0.034546 0.017858 0.044057
v 0.034546 0.017858 0.044057
v 0.034546 0.017858 0.044057
v 0.034546 0.017858 0.044057
v 0.034546 0.017858 0.044057
v 0.034565 0.019763 0.036346
v 0.034565 0.019763 0.036346
v 0.034565 0.019763 0.036346
v 0.034565 0.019763 0.036346
v 0.034565 0.019763 0.036346
v 0.034565 0.019763 0.036346
v 0.034574 0.023443 0.036827
v 0.034574 0.023443 0.036827
v 0.034574 0.023443 0.036827
v 0.034574 0.023443 0.036827
v 0.034574 0.023443 0.036827
v 0.034574 0.023443 0.036827
v 0.034579 0.020294 0.037092
v 0.034579 0.020294 0.037092
v 0.034579 0.020294 0.037092
v 0.034579 0.020294 0.037092
v 0.034579 0.020294 0.037092
v 0.034579 0.020294 0.037092
v 0.034595 0.028320 -0.036614
v 0.034595 0.028320 -0.036614
v 0.034595 0.028320 -0.036614
v 0.034595 0.028320 -0.036614
v 0.034595 0.028320 -0.036614
v 0.034595 0.028320 -0.036614
v 0.034595 0.028320 -0.036614
v 0.034605 0.022427 -0.037344
v 0.034605 0.022427 -0.037344
v 0.034605 0.022427 -0.037344
v 0.034605 0.022427 -0.037344
v 0.034605 0.022427 -0.037344
v 0.034605 0.022427 -0.037344
v 0.034605 0.022427 -0.037344
v 0.034615 0.026928 -0.035624
v 0.034615 0.026928 -0.035624
v 0.034615 0.026928 -0.035624
v 0.034615 0.026928 -0.035624
v 0.034629 0.019636 0.035877
v 0.034629 0.019636 0.035877
v 0.034629 0.019636 0.035877
v 0.034629 0.019636 0.035877
v 0.034629 0.019636 0.035877
v 0.034629 0.019636 0.035877
v 0.034634 0.020797 0.037341
v 0.034634 0.020797 0.037341
v 0.034634 0.020797 0.037341
v 0.034634 0.020797 0.037341
v 0.034634 0.020797 0.037341
v 0.034638 0.021829 0.033108
v 0.034638 0.021829 0.033108
v 0.034638 0.021829 0.033108
v 0.034638 0.021829 0.033108
v 0.034638 0.021829 0.033108
v 0.034644 0.026279 -0.035971
v 0.034644 0.026279 -0.035971
v 0.034644 0.026279 -0.035971
v 0.034644 0.026279 -0.035971
v 0.034644 0.026279 -0.035971
v 0.034644 0.026279 -0.035971
v 0.034644 0.026279 -0.035971
v 0.034648 0.020497 0.034053
v 0.034648 0.020497 0.034053
v 0.034648 0.020497 0.034053
v 0.034648 0.020497 0.034053
v 0.034648 0.020497 0.034053
v 0.034648 0.020497 0.034053
v 0.034664 0.024427 0.032407
v 0.034664 0.024427 0.032407
v 0.034664 0.024427 0.032407
v 0.034664 0.024427 0.032407
v 0.034664 0.024427 0.032407
v 0.034664 0.024427 0.032407
v 0.034676 0.024369 -0.037296
v 0.034676 0.024369 -0.037296
v 0.034676 0.024369 -0.037296
v 0.034676 0.024369 -0.037296
v 0.034676 0.024369 -0.037296
v 0.034676 0.024369 -0.037296
v 0.034685 0.025368 -0.032024
v 0.034685 0.025368 -0.032024
v 0.034685 0.025368 -0.032024
v 0.034685 0.025368 -0.032024
v 0.034685 0.025368 -0.032024
v 0.034685 0.025368 -0.032024
v 0.034692 0.025671 -0.036386
v 0.034692 0.025671 -0.036386
v 0.034692 0.025671 -0.036386
v 0.034692 0.025671 -0.036386
v 0.034692 0.025671 -0.036386
v 0.034692 0.025671 -0.036386
v 0.034692 0.025671 -0.036386
v 0.034717 0.018699 0.044228
v 0.034717 0.018699 0.044228
v 0.034717 0.018699 0.044228
v 0.034717 0.018699 0.044228
v 0.034717 0.018699 0.044228
v 0.034717 0.021078 0.033521
v 0.034717 0.021078 0.033521
v 0.034717 0.021078 0.033521
v 0.034717 0.021078 0.033521
v 0.034717 0.021078 0.033521
v 0.034717 0.021078 0.033521
v 0.034717 0.021078 0.033521
v 0.034717 0.022864 0.032697
v 0.034717 0.022864 0.032697
v 0.034717 0.022864 0.032697
v 0.034717 0.022864 0.032697
v 0.034717 0.022864 0.032697
v 0.034728 0.022001 -0.037122
v 0.034728 0.022001 -0.037122
v 0.034728 0.022001 -0.037122
v 0.034728 0.022001 -0.037122
v 0.034728 0.022001 -0.037122
v 0.034728 0.022001 -0.037122
v 0.034738 0.022765 0.037074
v 0.034738 0.022765 0.037074
v 0.034738 0.022765 0.037074
v 0.034738 0.022765 0.037074
v 0.034738 0.022765 0.037074
v 0.034755 0.019776 0.036939
v 0.034755 0.019776 0.036939
v 0.034755 0.019776 0.036939
v 0.034755 0.019776 0.036939
v 0.034755 0.019776 0.036939
v 0.034755 0.019776 0.036939
v 0.034756 0.025203 0.042146
v 0.034756 0.025203 0.042146
v 0.034756 0.025203 0.042146
v 0.034756 0.025203 0.042146
v 0.034756 0.025203 0.042146
v 0.034756 0.025203 0.042146
v 0.034756 0.025203 0.042146
v 0.034756 0.025203 0.042146
v 0.034756 0.025203 0.042146
v 0.034756 0.025203 0.042146
v 0.034756 0.025203 0.042146
v 0.034756 0.025203 0.042146
v 0.034756 0.025203 0.042146
v 0.034756 0.025203 0.042146
v 0.034756 0.025203 0.042146
v 0.034756 0.025203 0.042146
v 0.034759 0.019851 0.044270
v 0.034759 0.019851 0.044270
v 0.034759 0.019851 0.044270
v 0.034759 0.019851 0.044270
v 0.034759 0.019851 0.044270
v 0.034759 0.019851 0.044270
v 0.034760 0.021674 0.037400
v 0.034760 0.021674 0.037400
v 0.034760 0.021674 0.037400
v 0.034760 0.021674 0.037400
v 0.034760 0.021674 0.037400
v 0.034760 0.021794 -0.034712
v 0.034760 0.021794 -0.034712
v 0.034760 0.021794 -0.034712
v 0.034760 0.021794 -0.034712
v 0.034760 0.021794 -0.034712
v 0.034760 0.021794 -0.034712
v 0.034783 0.021643 -0.036501
v 0.034783 0.021643 -0.036501
v 0.034783 0.021643 -0.036501
v 0.034783 0.021643 -0.036501
v 0.034783 0.021643 -0.036501
v 0.034807 0.024151 0.036701
v 0.034807 0.024151 0.036701
v 0.034807 0.024151 0.036701
v 0.034807 0.024151 0.036701
v 0.034807 0.024151 0.036701
v 0.034807 0.024151 0.036701
v 0.034807 0.024151 0.036701
v 0.034811 0.021538 -0.035955
v 0.034811 0.021538 -0.035955
v 0.034811 0.021538 -0.035955
v 0.034811 0.021538 -0.035955
v 0.034811 0.021538 -0.035955
v 0.034811 0.021538 -0.035955
v 0.034826 0.023432 0.032551
v 0.034826 0.023432 0.032551
v 0.034826 0.023432 0.032551
v 0.034826 0.023432 0.032551
v 0.034826 0.023432 0.032551
v 0.034831 0.021574 -0.035341
v 0.034831 0.021574 -0.035341
v 0.034831 0.021574 -0.035341
v 0.034831 0.021574 -0.035341
v 0.034831 0.021574 -0.035341
v 0.034831 0.021574 -0.035341
v 0.034831 0.021574 -0.035341
v 0.034846 0.026605 -0.035690
v 0.034846 0.026605 -0.035690
v 0.034846 0.026605 -0.035690
v 0.034846 0.026605 -0.035690
v 0.034846 0.026605 -0.035690
v 0.034846 0.026605 -0.035690
v 0.034846 0.026605 -0.035690
v 0.034851 0.026895 -0.035521
v 0.034851 0.026895 -0.035521
v 0.034851 0.026895 -0.035521
v 0.034851 0.026895 -0.035521
v 0.034851 0.026895 -0.035521
v 0.034855 0.019628 0.035086
v 0.034855 0.019628 0.035086
v 0.034855 0.019628 0.035086
v 0.034855 0.019628 0.035086
v 0.034855 0.019628 0.035086
v 0.034855 0.019628 0.035086
v 0.034857 0.027337 -0.031895
v 0.034857 0.027337 -0.031895
v 0.034857 0.027337 -0.031895
v 0.034857 0.027337 -0.031895
v 0.034857 0.027337 -0.031895
v 0.034857 0.027337 -0.031895
v 0.034857 0.027337 -0.031895
v 0.034857 0.027337 -0.031895
v 0.034857 0.027337 -0.031895
v 0.034862 0.025203 0.037610
v 0.034862 0.025203 0.037610
v 0.034862 0.025203 0.037610
v 0.034862 0.025203 0.037610
v 0.034862 0.025203 0.037610
v 0.034862 0.025203 0.037610
v 0.034863 0.023033 -0.037838
v 0.034863 0.023033 -0.037838
v 0.034863 0.023033 -0.037838
v 0.034863 0.023033 -0.037838
v 0.034863 0.023033 -0.037838
v 0.034863 0.023033 -0.037838
v 0.034871 0.026032 -0.031998
v 0.034871 0.026032 -0.031998
v 0.034871 0.026032 -0.031998
v 0.034871 0.026032 -0.031998
v 0.034871 0.026032 -0.031998
v 0.034871 0.026032 -0.031998
v 0.034891 0.023562 -0.032762
v 0.034891 0.023562 -0.032762
v 0.034891 0.023562 -0.032762
v 0.034891 0.023562 -0.032762
v 0.034891 0.023562 -0.032762
v 0.034891 0.023562 -0.032762
v 0.034899 0.023364 0.036914
v 0.034899 0.023364 0.036914
v 0.034899 0.023364 0.036914
v 0.034899 0.023364 0.036914
v 0.034899 0.023364 0.036914
v 0.034899 0.023364 0.036914
v 0.034922 0.026013 -0.036092
v 0.034922 0.026013 -0.036092
v 0.034922 0.026013 -0.036092
v 0.034922 0.026013 -0.036092
v 0.034922 0.026013 -0.036092
v 0.034933 0.022818 -0.033289
v 0.034933 0.022818 -0.033289
v 0.034933 0.022818 -0.033289
v 0.034933 0.022818 -0.033289
v 0.034933 0.022818 -0.033289
v 0.034933 0.022818 -0.033289
v 0.034934 0.022350 -0.033749
v 0.034934 0.022350 -0.033749
v 0.034934 0.022350 -0.033749
v 0.034934 0.022350 -0.033749
v 0.034934 0.022350 -0.033749
v 0.034939 0.021943 -0.034296
v 0.034939 0.021943 -0.034296
v 0.034939 0.021943 -0.034296
v 0.034939 0.021943 -0.034296
v 0.034939 0.021943 -0.034296
v 0.034939 0.021943 -0.034296
v 0.034939 0.021943 -0.034296
v 0.034948 0.024921 -0.037040
v 0.034948 0.024921 -0.037040
v 0.034948 0.024921 -0.037040
v 0.034948 0.024921 -0.037040
v 0.034948 0.024921 -0.037040
v 0.034951 0.019903 0.034506
v 0.034951 0.019903 0.034506
v 0.034951 0.019903 0.034506
v 0.034951 0.019903 0.034506
v 0.034951 0.019903 0.034506
v 0.034951 0.019903 0.034506
v 0.034951 0.019903 0.034506
v 0.034969 0.021899 0.033011
v 0.034969 0.021899 0.033011
v 0.034969 0.021899 0.033011
v 0.034969 0.021899 0.033011
v 0.034969 0.021899 0.033011
v 0.034969 0.021899 0.033011
v 0.034969 0.021899 0.033011
v 0.034990 0.019309 0.035767
v 0.034990 0.019309 0.035767
v 0.034990 0.019309 0.035767
v 0.034990 0.019309 0.035767
v 0.034990 0.019309 0.035767
v 0.034992 0.022612 -0.037890
v 0.034992 0.022612 -0.037890
v 0.034992 0.022612 -0.037890
v 0.034992 0.022612 -0.037890
v 0.034992 0.022612 -0.037890
v 0.034992 0.022612 -0.037890
v 0.035023 0.021982 0.037473
v 0.035023 0.021982 0.037473
v 0.035023 0.021982 0.037473
v 0.035023 0.021982 0.037473
v 0.035023 0.021982 0.037473
v 0.035023 0.021982 0.037473
v 0.035023 0.021982 0.037473
v 0.035023 0.021982 0.037473
v 0.035049 0.024331 -0.032458
v 0.035049 0.024331 -0.032458
v 0.035049 0.024331 -0.032458
v 0.035049 0.024331 -0.032458
v 0.035049 0.024331 -0.032458
v 0.035049 0.024331 -0.032458
v 0.035049 0.024331 -0.032458
v 0.035053 0.026405 -0.032096
v 0.035053 0.026405 -0.032096
v 0.035053 0.026405 -0.032096
v 0.035057 0.023800 0.032500
v 0.035057 0.023800 0.032500
v 0.035057 0.023800 0.032500
v 0.035057 0.023800 0.032500
v 0.035057 0.023800 0.032500
v 0.035057 0.023800 0.032500
v 0.035091 0.025121 -0.036898
v 0.035091 0.025121 -0.036898
v 0.035091 0.025121 -0.036898
v 0.035091 0.025121 -0.036898
v 0.035091 0.025121 -0.036898
v 0.035091 0.025121 -0.036898
v 0.035097 0.021166 0.033361
v 0.035097 0.021166 0.033361
v 0.035097 0.021166 0.033361
v 0.035097 0.021166 0.033361
v 0.035097 0.021166 0.033361
v 0.035097 0.023618 0.036841
v 0.035097 0.023618 0.036841
v 0.035097 0.023618 0.036841
v 0.035097 0.023618 0.036841
v 0.035097 0.023618 0.036841
v 0.035099 0.026872 -0.035369
v 0.035099 0.026872 -0.035369
v 0.035099 0.026872 -0.035369
v 0.035099 0.026872 -0.035369
v 0.035099 0.026872 -0.035369
v 0.035099 0.026872 -0.035369
v 0.035099 0.026872 -0.035369
v 0.035104 0.025569 -0.036462
v 0.035104 0.025569 -0.036462
v 0.035104 0.025569 -0.036462
v 0.035104 0.025569 -0.036462
v 0.035104 0.025569 -0.036462
v 0.035104 0.025569 -0.036462
v 0.035104 0.025569 -0.036462
v 0.035107 0.020232 0.034054
v 0.035107 0.020232 0.034054
v 0.035107 0.020232 0.034054
v 0.035107 0.020232 0.034054
v 0.035107 0.020232 0.034054
v 0.035147 0.022611 0.032753
v 0.035147 0.022611 0.032753
v 0.035147 0.022611 0.032753
v 0.035147 0.022611 0.032753
v 0.035147 0.022611 0.032753
v 0.035147 0.022611 0.032753
v 0.035157 0.028320 -0.030898
v 0.035157 0.028320 -0.030898
v 0.035157 0.028320 -0.030898
v 0.035157 0.028320 -0.030898
v 0.035157 0.028320 -0.030898
v 0.035157 0.028320 -0.030898
v 0.035160 -0.098228 -0.042937
v 0.035160 -0.098228 -0.042937
v 0.035160 -0.098228 -0.042937
v 0.035160 -0.098228 -0.042937
v 0.035160 -0.098228 -0.042937
v 0.035173 0.021547 -0.037093
v 0.035173 0.021547 -0.037093
v 0.035173 0.021547 -0.037093
v 0.035173 0.021547 -0.037093
v 0.035173 0.021547 -0.037093
v 0.035173 0.021547 -0.037093
v 0.035178 0.019127 0.036670
v 0.035178 0.019127 0.036670
v 0.035178 0.019127 0.036670
v 0.035178 0.019127 0.036670
v 0.035178 0.019127 0.036670
v 0.035178 0.019127 0.036670
v 0.035178 0.019127 0.036670
v 0.035193 0.026141 -0.035874
v 0.035193 0.026141 -0.035874
v 0.035193 0.026141 -0.035874
v 0.035193 0.026141 -0.035874
v 0.035193 0.026141 -0.035874
v 0.035193 0.026141 -0.035874
v 0.035197 0.022600 0.037279
v 0.035197 0.022600 0.037279
v 0.035197 0.022600 0.037279
v 0.035197 0.022600 0.037279
v 0.035197 0.022600 0.037279
v 0.035197 0.022600 0.037279
v 0.035210 0.019289 0.037212
v 0.035210 0.019289 0.037212
v 0.035210 0.019289 0.037212
v 0.035210 0.019289 0.037212
v 0.035210 0.019289 0.037212
v 0.035235 0.026544 -0.035491
v 0.035235 0.026544 -0.035491
v 0.035235 0.026544 -0.035491
v 0.035235 0.026544 -0.035491
v 0.035235 0.026544 -0.035491
v 0.035243 0.024089 0.036688
v 0.035243 0.024089 0.036688
v 0.035243 0.024089 0.036688
v 0.035243 0.024089 0.036688
v 0.035243 0.024089 0.036688
v 0.035243 0.024089 0.036688
v 0.035244 0.020665 0.033652
v 0.035244 0.020665 0.033652
v 0.035244 0.020665 0.033652
v 0.035244 0.020665 0.033652
v 0.035244 0.020665 0.033652
v 0.035244 0.020665 0.033652
v 0.035244 0.021346 -0.036561
v 0.035244 0.021346 -0.036561
v 0.035244 0.021346 -0.036561
v 0.035244 0.021346 -0.036561
v 0.035244 0.021346 -0.036561
v 0.035244 0.021346 -0.036561
v 0.035257 0.021875 -0.034320
v 0.035257 0.021875 -0.034320
v 0.035257 0.021875 -0.034320
v 0.035257 0.021875 -0.034320
v 0.035257 0.021875 -0.034320
v 0.035260 0.023369 -0.038187
v 0.035260 0.023369 -0.038187
v 0.035260 0.023369 -0.038187
v 0.035260 0.023369 -0.038187
v 0.035260 0.023369 -0.038187
v 0.035260 0.023369 -0.038187
v 0.035262 0.024951 -0.032402
v 0.035262 0.024951 -0.032402
v 0.035262 0.024951 -0.032402
v 0.035262 0.024951 -0.032402
v 0.035262 0.024951 -0.032402
v 0.035274 0.019863 0.037869
v 0.035274 0.019863 0.037869
v 0.035274 0.019863 0.037869
v 0.035274 0.019863 0.037869
v 0.035274 0.019863 0.037869
v 0.035274 0.019863 0.037869
v 0.035285 0.024404 0.032478
v 0.035285 0.024404 0.032478
v 0.035285 0.024404 0.032478
v 0.035285 0.024404 0.032478
v 0.035285 0.024404 0.032478
v 0.035285 0.024404 0.032478
v 0.035285 0.024404 0.032478
v 0.035287 0.025203 0.031538
v 0.035287 0.025203 0.031538
v 0.035287 0.025203 0.031538
v 0.035287 0.025203 0.031538
v 0.035300 0.027282 -0.032362
v 0.035300 0.027282 -0.032362
v 0.035300 0.027282 -0.032362
v 0.035300 0.027282 -0.032362
v 0.035300 0.027282 -0.032362
v 0.035313 0.022262 -0.038091
v 0.035313 0.022262 -0.038091
v 0.035313 0.022262 -0.038091
v 0.035313 0.022262 -0.038091
v 0.035313 0.022262 -0.038091
v 0.035335 0.019075 0.035694
v 0.035335 0.019075 0.035694
v 0.035335 0.019075 0.035694
v 0.035335 0.019075 0.035694
v 0.035335 0.019075 0.035694
v 0.035337 0.025202 0.037574
v 0.035337 0.025202 0.037574
v 0.035337 0.025202 0.037574
v 0.035337 0.025202 0.037574
v 0.035337 0.025202 0.037574
v 0.035345 0.026867 -0.035122
v 0.035345 0.026867 -0.035122
v 0.035345 0.026867 -0.035122
v 0.035345 0.026867 -0.035122
v 0.035345 0.026867 -0.035122
v 0.035345 0.026867 -0.035122
v 0.035390 0.018926 0.036364
v 0.035390 0.018926 0.036364
v 0.035390 0.018926 0.036364
v 0.035390 0.018926 0.036364
v 0.035390 0.018926 0.036364
v 0.035390 0.018926 0.036364
v 0.035390 0.018926 0.036364
v 0.035393 0.023738 -0.038182
v 0.035393 0.023738 -0.038182
v 0.035393 0.023738 -0.038182
v 0.035393 0.023738 -0.038182
v 0.035393 0.023738 -0.038182
v 0.035401 0.021989 0.032972
v 0.035401 0.021989 0.032972
v 0.035401 0.021989 0.032972
v 0.035401 0.021989 0.032972
v 0.035401 0.021989 0.032972
v 0.035401 0.021989 0.032972
v 0.035404 0.024191 -0.037902
v 0.035404 0.024191 -0.037902
v 0.035404 0.024191 -0.037902
v 0.035404 0.024191 -0.037902
v 0.035404 0.024191 -0.037902
v 0.035404 0.024191 -0.037902
v 0.035406 0.022859 -0.033315
v 0.035406 0.022859 -0.033315
v 0.035406 0.022859 -0.033315
v 0.035406 0.022859 -0.033315
v 0.035406 0.022859 -0.033315
v 0.035406 0.022859 -0.033315
v 0.035415 0.028320 -0.036253
v 0.035415 0.028320 -0.036253
v 0.035415 0.028320 -0.036253
v 0.035415 0.028320 -0.036253
v 0.035415 0.028320 -0.036253
v 0.035415 0.028320 -0.036253
v 0.035425 0.023753 0.032582
v 0.035425 0.023753 0.032582
v 0.035425 0.023753 0.032582
v 0.035425 0.023753 0.032582
v 0.035425 0.023753 0.032582
v 0.035436 0.021897 -0.037964
v 0.035436 0.021897 -0.037964
v 0.035436 0.021897 -0.037964
v 0.035436 0.021897 -0.037964
v 0.035436 0.021897 -0.037964
v 0.035436 0.021897 -0.037964
v 0.035438 0.025756 -0.036173
v 0.035438 0.025756 -0.036173
v 0.035438 0.025756 -0.036173
v 0.035438 0.025756 -0.036173
v 0.035438 0.025756 -0.036173
v 0.035438 0.025756 -0.036173
v 0.035438 0.025756 -0.036173
v 0.035448 0.024525 -0.037629
v 0.035448 0.024525 -0.037629
v 0.035448 0.024525 -0.037629
v 0.035448 0.024525 -0.037629
v 0.035448 0.024525 -0.037629
v 0.035448 0.024525 -0.037629
v 0.035448 0.024525 -0.037629
v 0.035451 0.023639 0.036813
v 0.035451 0.023639 0.036813
v 0.035451 0.023639 0.036813
v 0.035451 0.023639 0.036813
v 0.035451 0.023639 0.036813
v 0.035451 0.023639 0.036813
v 0.035452 0.021629 -0.037656
v 0.035452 0.021629 -0.037656
v 0.035452 0.021629 -0.037656
v 0.035452 0.021629 -0.037656
v 0.035452 0.021629 -0.037656
v 0.035457 0.023472 -0.032973
v 0.035457 0.023472 -0.032973
v 0.035457 0.023472 -0.032973
v 0.035457 0.023472 -0.032973
v 0.035457 0.023472 -0.032973
v 0.035457 0.023472 -0.032973
v 0.035462 0.025196 -0.036869
v 0.035462 0.025196 -0.036869
v 0.035462 0.025196 -0.036869
v 0.035462 0.025196 -0.036869
v 0.035462 0.025196 -0.036869
v 0.035462 0.025196 -0.036869
v 0.035469 0.019353 0.037793
v 0.035469 0.019353 0.037793
v 0.035469 0.019353 0.037793
v 0.035469 0.019353 0.037793
v 0.035469 0.019353 0.037793
v 0.035469 0.019353 0.037793
v 0.035469 0.019353 0.037793
v 0.035470 0.026161 -0.032512
v 0.035470 0.026161 -0.032512
v 0.035470 0.026161 -0.032512
v 0.035470 0.026161 -0.032512
v 0.035470 0.026161 -0.032512
v 0.035474 0.021416 -0.035150
v 0.035474 0.021416 -0.035150
v 0.035474 0.021416 -0.035150
v 0.035474 0.021416 -0.035150
v 0.035474 0.021416 -0.035150
v 0.035474 0.021416 -0.035150
v 0.035474 0.021416 -0.035150
v 0.035474 0.021416 -0.035150
v 0.035479 0.021208 -0.036212
v 0.035479 0.021208 -0.036212
v 0.035479 0.021208 -0.036212
v 0.035479 0.021208 -0.036212
v 0.035479 0.021208 -0.036212
v 0.035479 0.021208 -0.036212
v 0.035481 0.022216 -0.033880
v 0.035481 0.022216 -0.033880
v 0.035481 0.022216 -0.033880
v 0.035481 0.022216 -0.033880
v 0.035481 0.022216 -0.033880
v 0.035481 0.022216 -0.033880
v 0.035481 0.022216 -0.033880
v 0.035503 0.024856 -0.037310
v 0.035503 0.024856 -0.037310
v 0.035503 0.024856 -0.037310
v 0.035503 0.024856 -0.037310
v 0.035503 0.024856 -0.037310
v 0.035503 0.024856 -0.037310
v 0.035503 0.024856 -0.037310
v 0.035513 0.021431 0.037977
v 0.035513 0.021431 0.037977
v 0.035513 0.021431 0.037977
v 0.035513 0.021431 0.037977
v 0.035513 0.021431 0.037977
v 0.035516 0.023065 0.037086
v 0.035516 0.023065 0.037086
v 0.035516 0.023065 0.037086
v 0.035516 0.023065 0.037086
v 0.035516 0.023065 0.037086
v 0.035516 0.023065 0.037086
v 0.035516 0.023065 0.037086
v 0.035517 0.019121 0.035295
v 0.035517 0.019121 0.035295
v 0.035517 0.019121 0.035295
v 0.035517 0.019121 0.035295
v 0.035517 0.019121 0.035295
v 0.035517 0.019121 0.035295
v 0.035519 0.026891 -0.034859
v 0.035519 0.026891 -0.034859
v 0.035519 0.026891 -0.034859
v 0.035519 0.026891 -0.034859
v 0.035519 0.026891 -0.034859
v 0.035530 0.022086 0.037650
v 0.035530 0.022086 0.037650
v 0.035530 0.022086 0.037650
v 0.035530 0.022086 0.037650
v 0.035530 0.022086 0.037650
v 0.035548 0.019821 0.034288
v 0.035548 0.019821 0.034288
v 0.035548 0.019821 0.034288
v 0.035548 0.019821 0.034288
v 0.035548 0.019821 0.034288
v 0.035548 0.019821 0.034288
v 0.035550 0.024040 0.036631
v 0.035550 0.024040 0.036631
v 0.035550 0.024040 0.036631
v 0.035550 0.024040 0.036631
v 0.035550 0.024040 0.036631
v 0.035550 0.024040 0.036631
v 0.035552 0.021229 -0.035764
v 0.035552 0.021229 -0.035764
v 0.035552 0.021229 -0.035764
v 0.035552 0.021229 -0.035764
v 0.035552 0.021229 -0.035764
v 0.035572 0.022984 0.032740
v 0.035572 0.022984 0.032740
v 0.035572 0.022984 0.032740
v 0.035572 0.022984 0.032740
v 0.035572 0.022984 0.032740
v 0.035572 0.022984 0.032740
v 0.035572 0.022984 0.032740
v 0.035574 0.027207 -0.032859
v 0.035574 0.027207 -0.032859
v 0.035574 0.027207 -0.032859
v 0.035574 0.027207 -0.032859
v 0.035574 0.027207 -0.032859
v 0.035574 0.027207 -0.032859
v 0.035574 0.027207 -0.032859
v 0.035587 0.021173 0.033329
v 0.035587 0.021173 0.033329
v 0.035587 0.021173 0.033329
v 0.035587 0.021173 0.033329
v 0.035587 0.021173 0.033329
v 0.035587 0.021173 0.033329
v 0.035587 0.021173 0.033329
v 0.035587 0.021173 0.033329
v 0.035603 0.025435 -0.036545
v 0.035603 0.025435 -0.036545
v 0.035603 0.025435 -0.036545
v 0.035603 0.025435 -0.036545
v 0.035603 0.025435 -0.036545
v 0.035610 0.026488 -0.032758
v 0.035610 0.026488 -0.032758
v 0.035610 0.026488 -0.032758
v 0.035610 0.026488 -0.032758
v 0.035610 0.026488 -0.032758
v 0.035610 0.026488 -0.032758
v 0.035612 0.019349 0.034845
v 0.035612 0.019349 0.034845
v 0.035612 0.019349 0.034845
v 0.035612 0.019349 0.034845
v 0.035612 0.019349 0.034845
v 0.035626 0.021668 -0.034593
v 0.035626 0.021668 -0.034593
v 0.035626 0.021668 -0.034593
v 0.035626 0.021668 -0.034593
v 0.035626 0.021668 -0.034593
v 0.035627 0.026314 -0.035322
v 0.035627 0.026314 -0.035322
v 0.035627 0.026314 -0.035322
v 0.035627 0.026314 -0.035322
v 0.035627 0.026314 -0.035322
v 0.035627 0.026314 -0.035322
v 0.035627 0.026314 -0.035322
v 0.035640 0.026051 -0.035657
v 0.035640 0.026051 -0.035657
v 0.035640 0.026051 -0.035657
v 0.035640 0.026051 -0.035657
v 0.035640 0.026051 -0.035657
v 0.035640 0.026051 -0.035657
v 0.035644 0.025588 -0.036308
v 0.035644 0.025588 -0.036308
v 0.035644 0.025588 -0.036308
v 0.035644 0.025588 -0.036308
v 0.035644 0.025588 -0.036308
v 0.035652 0.026935 -0.034532
v 0.035652 0.026935 -0.034532
v 0.035652 0.026935 -0.034532
v 0.035652 0.026935 -0.034532
v 0.035652 0.026935 -0.034532
v 0.035652 0.026935 -0.034532
v 0.035652 0.026935 -0.034532
v 0.035656 0.020903 0.038279
v 0.035656 0.020903 0.038279
v 0.035656 0.020903 0.038279
v 0.035656 0.020903 0.038279
v 0.035656 0.020903 0.038279
v 0.035672 0.022514 0.037419
v 0.035672 0.022514 0.037419
v 0.035672 0.022514 0.037419
v 0.035672 0.022514 0.037419
v 0.035672 0.022514 0.037419
v 0.035672 0.022514 0.037419
v 0.035685 0.018939 0.037604
v 0.035685 0.018939 0.037604
v 0.035685 0.018939 0.037604
v 0.035685 0.018939 0.037604
v 0.035685 0.018939 0.037604
v 0.035685 0.018939 0.037604
v 0.035720 0.027132 -0.033372
v 0.035720 0.027132 -0.033372
v 0.035720 0.027132 -0.033372
v 0.035720 0.027132 -0.033372
v 0.035720 0.027132 -0.033372
v 0.035720 0.027132 -0.033372
v 0.035720 0.027132 -0.033372
v 0.035735 0.026994 -0.034181
v 0.035735 0.026994 -0.034181
v 0.035735 0.026994 -0.034181
v 0.035735 0.026994 -0.034181
v 0.035735 0.026994 -0.034181
v 0.035741 0.026528 -0.034853
v 0.035741 0.026528 -0.034853
v 0.035741 0.026528 -0.034853
v 0.035741 0.026528 -0.034853
v 0.035741 0.026528 -0.034853
v 0.035741 0.026528 -0.034853
v 0.035741 0.026528 -0.034853
v 0.035757 0.020327 0.033826
v 0.035757 0.020327 0.033826
v 0.035757 0.020327 0.033826
v 0.035757 0.020327 0.033826
v 0.035757 0.020327 0.033826
v 0.035757 0.020327 0.033826
v 0.035759 0.020452 0.038464
v 0.035759 0.020452 0.038464
v 0.035759 0.020452 0.038464
v 0.035759 0.020452 0.038464
v 0.035759 0.020452 0.038464
v 0.035759 0.020452 0.038464
v 0.035759 0.020452 0.038464
v 0.035759 0.020452 0.038464
v 0.035759 0.020452 0.038464
v 0.035762 0.027051 -0.033878
v 0.035762 0.027051 -0.033878
v 0.035762 0.027051 -0.033878
v 0.035762 0.027051 -0.033878
v 0.035762 0.027051 -0.033878
v 0.035762 0.027051 -0.033878
v 0.035762 0.027051 -0.033878
v 0.035778 0.021250 -0.037369
v 0.035778 0.021250 -0.037369
v 0.035778 0.021250 -0.037369
v 0.035778 0.021250 -0.037369
v 0.035778 0.021250 -0.037369
v 0.035778 0.021250 -0.037369
v 0.035778 0.021250 -0.037369
v 0.035780 0.024378 0.032674
v 0.035780 0.024378 0.032674
v 0.035780 0.024378 0.032674
v 0.035780 0.024378 0.032674
v 0.035780 0.024378 0.032674
v 0.035780 0.024378 0.032674
v 0.035781 0.026617 -0.033183
v 0.035781 0.026617 -0.033183
v 0.035781 0.026617 -0.033183
v 0.035781 0.026617 -0.033183
v 0.035781 0.026617 -0.033183
v 0.035790 0.018647 0.036845
v 0.035790 0.018647 0.036845
v 0.035790 0.018647 0.036845
v 0.035790 0.018647 0.036845
v 0.035790 0.018647 0.036845
v 0.035811 0.024642 -0.032846
v 0.035811 0.024642 -0.032846
v 0.035811 0.024642 -0.032846
v 0.035811 0.024642 -0.032846
v 0.035811 0.024642 -0.032846
v 0.035811 0.024642 -0.032846
v 0.035811 0.024642 -0.032846
v 0.035811 0.024642 -0.032846
v 0.035811 0.024642 -0.032846
v 0.035849 0.023759 -0.033048
v 0.035849 0.023759 -0.033048
v 0.035849 0.023759 -0.033048
v 0.035849 0.023759 -0.033048
v 0.035849 0.023759 -0.033048
v 0.035849 0.023759 -0.033048
v 0.035854 0.023157 0.036992
v 0.035854 0.023157 0.036992
v 0.035854 0.023157 0.036992
v 0.035854 0.023157 0.036992
v 0.035854 0.023157 0.036992
v 0.035866 0.025246 -0.036804
v 0.035866 0.025246 -0.036804
v 0.035866 0.025246 -0.036804
v 0.035866 0.025246 -0.036804
v 0.035866 0.025246 -0.036804
v 0.035866 0.025246 -0.036804
v 0.035880 0.023550 0.036743
v 0.035880 0.023550 0.036743
v 0.035880 0.023550 0.036743
v 0.035880 0.023550 0.036743
v 0.035880 0.023550 0.036743
v 0.035880 0.023550 0.036743
v 0.035915 0.021749 0.038014
v 0.035915 0.021749 0.038014
v 0.035915 0.021749 0.038014
v 0.035915 0.021749 0.038014
v 0.035915 0.021749 0.038014
v 0.035915 0.021749 0.038014
v 0.035915 0.021749 0.038014
v 0.035916 0.026491 -0.034334
v 0.035916 0.026491 -0.034334
v 0.035916 0.026491 -0.034334
v 0.035916 0.026491 -0.034334
v 0.035916 0.026491 -0.034334
v 0.035916 0.026491 -0.034334
v 0.035923 0.024985 -0.037258
v 0.035923 0.024985 -0.037258
v 0.035923 0.024985 -0.037258
v 0.035923 0.024985 -0.037258
v 0.035923 0.024985 -0.037258
v 0.035923 0.024985 -0.037258
v 0.035924 0.028320 -0.031533
v 0.035924 0.028320 -0.031533
v 0.035924 0.028320 -0.031533
v 0.035924 0.028320 -0.031533
v 0.035924 0.028320 -0.031533
v 0.035924 0.028320 -0.031533
v 0.035929 0.024062 -0.038466
v 0.035929 0.024062 -0.038466
v 0.035929 0.024062 -0.038466
v 0.035929 0.024062 -0.038466
v 0.035929 0.024062 -0.038466
v 0.035929 0.024062 -0.038466
v 0.035929 0.024062 -0.038466
v 0.035935 0.022255 -0.033941
v 0.035935 0.022255 -0.033941
v 0.035935 0.022255 -0.033941
v 0.035935 0.022255 -0.033941
v 0.035935 0.022255 -0.033941
v 0.035935 0.022255 -0.033941
v 0.035937 0.023700 0.032806
v 0.035937 0.023700 0.032806
v 0.035937 0.023700 0.032806
v 0.035937 0.023700 0.032806
v 0.035937 0.023700 0.032806
v 0.035937 0.023700 0.032806
v 0.035938 0.023621 -0.038763
v 0.035938 0.023621 -0.038763
v 0.035938 0.023621 -0.038763
v 0.035938 0.023621 -0.038763
v 0.035938 0.023621 -0.038763
v 0.035938 0.023621 -0.038763
v 0.035943 0.023994 0.036493
v 0.035943 0.023994 0.036493
v 0.035943 0.023994 0.036493
v 0.035943 0.023994 0.036493
v 0.035943 0.023994 0.036493
v 0.035943 0.023994 0.036493
v 0.035951 0.018656 0.035993
v 0.035951 0.018656 0.035993
v 0.035951 0.018656 0.035993
v 0.035951 0.018656 0.035993
v 0.035951 0.018656 0.035993
v 0.035951 0.018656 0.035993
v 0.035951 0.018656 0.035993
v 0.035952 0.019644 0.038599
v 0.035952 0.019644 0.038599
v 0.035952 0.019644 0.038599
v 0.035952 0.019644 0.038599
v 0.035952 0.019644 0.038599
v 0.035954 0.024057 -0.039203
v 0.035954 0.024057 -0.039203
v 0.035954 0.024057 -0.039203
v 0.035954 0.024057 -0.039203
v 0.035958 0.026361 -0.033638
v 0.035958 0.026361 -0.033638
v 0.035958 0.026361 -0.033638
v 0.035958 0.026361 -0.033638
v 0.035958 0.026361 -0.033638
v 0.035958 0.026361 -0.033638
v 0.035961 0.025203 0.037431
v 0.035961 0.025203 0.037431
v 0.035961 0.025203 0.037431
v 0.035961 0.025203 0.037431
v 0.035961 0.025203 0.037431
v 0.035965 0.025685 -0.035937
v 0.035965 0.025685 -0.035937
v 0.035965 0.025685 -0.035937
v 0.035965 0.025685 -0.035937
v 0.035965 0.025685 -0.035937
v 0.035968 0.024391 -0.038165
v 0.035968 0.024391 -0.038165
v 0.035968 0.024391 -0.038165
v 0.035968 0.024391 -0.038165
v 0.035968 0.024391 -0.038165
v 0.035968 0.024391 -0.038165
v 0.035971 0.026401 -0.033953
v 0.035971 0.026401 -0.033953
v 0.035971 0.026401 -0.033953
v 0.035971 0.026401 -0.033953
v 0.035971 0.026401 -0.033953
v 0.035971 0.026401 -0.033953
v 0.036002 0.023743 -0.040452
v 0.036002 0.023743 -0.040452
v 0.036002 0.023743 -0.040452
v 0.036002 0.023743 -0.040452
v 0.036002 0.023743 -0.040452
v 0.036002 0.023743 -0.040452
v 0.036005 0.023188 -0.038961
v 0.036005 0.023188 -0.038961
v 0.036005 0.023188 -0.038961
v 0.036005 0.023188 -0.038961
v 0.036005 0.023188 -0.038961
v 0.036005 0.023188 -0.038961
v 0.036007 -0.096302 -0.043785
v 0.036007 -0.096302 -0.043785
v 0.036007 -0.096302 -0.043785
v 0.036007 -0.096302 -0.043785
v 0.036007 -0.096302 -0.043785
v 0.036007 -0.096302 -0.043785
v 0.036008 0.024549 -0.038869
v 0.036008 0.024549 -0.038869
v 0.036008 0.024549 -0.038869
v 0.036008 0.024549 -0.038869
v 0.036008 0.024549 -0.038869
v 0.036012 0.024624 -0.040085
v 0.036012 0.024624 -0.040085
v 0.036012 0.024624 -0.040085
v 0.036012 0.024624 -0.040085
v 0.036012 0.024624 -0.040085
v 0.036012 0.024624 -0.040085
v 0.036013 0.021434 0.033294
v 0.036013 0.021434 0.033294
v 0.036013 0.021434 0.033294
v 0.036013 0.021434 0.033294
v 0.036017 0.021320 -0.035237
v 0.036017 0.021320 -0.035237
v 0.036017 0.021320 -0.035237
v 0.036017 0.021320 -0.035237
v 0.036017 0.021320 -0.035237
v 0.036017 0.021320 -0.035237
v 0.036028 0.025814 -0.033330
v 0.036028 0.025814 -0.033330
v 0.036028 0.025814 -0.033330
v 0.036028 0.025814 -0.033330
v 0.036028 0.025814 -0.033330
v 0.036028 0.025814 -0.033330
v 0.036039 0.028320 -0.035701
v 0.036039 0.028320 -0.035701
v 0.036039 0.028320 -0.035701
v 0.036039 0.028320 -0.035701
v 0.036039 0.028320 -0.035701
v 0.036040 0.021971 0.033132
v 0.036040 0.021971 0.033132
v 0.036040 0.021971 0.033132
v 0.036040 0.021971 0.033132
v 0.036040 0.021971 0.033132
v 0.036040 0.021971 0.033132
v 0.036043 0.018583 0.037540
v 0.036043 0.018583 0.037540
v 0.036043 0.018583 0.037540
v 0.036043 0.018583 0.037540
v 0.036043 0.018583 0.037540
v 0.036043 0.025203 0.031766
v 0.036043 0.025203 0.031766
v 0.036043 0.025203 0.031766
v 0.036043 0.025203 0.031766
v 0.036043 0.025203 0.031766
v 0.036044 0.019250 0.038501
v 0.036044 0.019250 0.038501
v 0.036044 0.019250 0.038501
v 0.036044 0.019250 0.038501
v 0.036044 0.019250 0.038501
v 0.036044 0.019250 0.038501
v 0.036044 0.022686 -0.033649
v 0.036044 0.022686 -0.033649
v 0.036044 0.022686 -0.033649
v 0.036044 0.022686 -0.033649
v 0.036044 0.022686 -0.033649
v 0.036044 0.022734 0.037279
v 0.036044 0.022734 0.037279
v 0.036044 0.022734 0.037279
v 0.036044 0.022734 0.037279
v 0.036044 0.022734 0.037279
v 0.036044 0.022734 0.037279
v 0.036052 0.024681 -0.037825
v 0.036052 0.024681 -0.037825
v 0.036052 0.024681 -0.037825
v 0.036052 0.024681 -0.037825
v 0.036052 0.024681 -0.037825
v 0.036052 0.024681 -0.037825
v 0.036055 0.018502 0.036518
v 0.036055 0.018502 0.036518
v 0.036055 0.018502 0.036518
v 0.036055 0.018502 0.036518
v 0.036055 0.018502 0.036518
v 0.036055 0.018502 0.036518
v 0.036080 0.026007 -0.034992
v 0.036080 0.026007 -0.034992
v 0.036080 0.026007 -0.034992
v 0.036080 0.026007 -0.034992
v 0.036080 0.026007 -0.034992
v 0.036080 0.026007 -0.034992
v 0.036081 0.021117 -0.035808
v 0.036081 0.021117 -0.035808
v 0.036081 0.021117 -0.035808
v 0.036081 0.021117 -0.035808
v 0.036081 0.021117 -0.035808
v 0.036083 0.022841 0.032987
v 0.036083 0.022841 0.032987
v 0.036083 0.022841 0.032987
v 0.036083 0.022841 0.032987
v 0.036083 0.022841 0.032987
v 0.036089 0.024994 -0.033142
v 0.036089 0.024994 -0.033142
v 0.036089 0.024994 -0.033142
v 0.036089 0.024994 -0.033142
v 0.036089 0.024994 -0.033142
v 0.036089 0.024994 -0.033142
v 0.036089 0.024994 -0.033142
v 0.036089 0.024994 -0.033142
v 0.036098 0.025377 -0.036472
v 0.036098 0.025377 -0.036472
v 0.036098 0.025377 -0.036472
v 0.036098 0.025377 -0.036472
v 0.036098 0.025377 -0.036472
v 0.036098 0.025377 -0.036472
v 0.036098 0.025377 -0.036472
v 0.036099 0.024882 -0.038554
v 0.036099 0.024882 -0.038554
v 0.036099 0.024882 -0.038554
v 0.036099 0.024882 -0.038554
v 0.036099 0.024882 -0.038554
v 0.036099 0.024882 -0.038554
v 0.036109 0.021931 -0.038705
v 0.036109 0.021931 -0.038705
v 0.036109 0.021931 -0.038705
v 0.036109 0.021931 -0.038705
v 0.036109 0.021931 -0.038705
v 0.036110 0.024814 -0.037639
v 0.036110 0.024814 -0.037639
v 0.036110 0.024814 -0.037639
v 0.036110 0.024814 -0.037639
v 0.036110 0.024814 -0.037639
v 0.036110 0.024814 -0.037639
v 0.036112 0.020442 0.033783
v 0.036112 0.020442 0.033783
v 0.036112 0.020442 0.033783
v 0.036112 0.020442 0.033783
v 0.036112 0.020442 0.033783
v 0.036115 0.023090 -0.040603
v 0.036115 0.023090 -0.040603
v 0.036115 0.023090 -0.040603
v 0.036115 0.023090 -0.040603
v 0.036115 0.023090 -0.040603
v 0.036115 0.023090 -0.040603
v 0.036123 0.025801 -0.035428
v 0.036123 0.025801 -0.035428
v 0.036123 0.025801 -0.035428
v 0.036123 0.025801 -0.035428
v 0.036123 0.025801 -0.035428
v 0.036123 0.025801 -0.035428
v 0.036123 0.025801 -0.035428
v 0.036124 0.018860 0.035353
v 0.036124 0.018860 0.035353
v 0.036124 0.018860 0.035353
v 0.036124 0.018860 0.035353
v 0.036124 0.018860 0.035353
v 0.036124 0.018860 0.035353
v 0.036128 0.022750 -0.039091
v 0.036128 0.022750 -0.039091
v 0.036128 0.022750 -0.039091
v 0.036128 0.022750 -0.039091
v 0.036128 0.022750 -0.039091
v 0.036128 0.022750 -0.039091
v 0.036129 0.019883 0.038849
v 0.036129 0.019883 0.038849
v 0.036129 0.019883 0.038849
v 0.036129 0.019883 0.038849
v 0.036129 0.019883 0.038849
v 0.036129 0.019883 0.038849
v 0.036129 0.019883 0.038849
v 0.036153 0.025912 -0.033785
v 0.036153 0.025912 -0.033785
v 0.036153 0.025912 -0.033785
v 0.036153 0.025912 -0.033785
v 0.036153 0.025912 -0.033785
v 0.036153 0.025912 -0.033785
v 0.036158 0.025997 -0.034607
v 0.036158 0.025997 -0.034607
v 0.036158 0.025997 -0.034607
v 0.036158 0.025997 -0.034607
v 0.036158 0.025997 -0.034607
v 0.036158 0.025997 -0.034607
v 0.036160 0.025504 -0.036133
v 0.036160 0.025504 -0.036133
v 0.036160 0.025504 -0.036133
v 0.036160 0.025504 -0.036133
v 0.036160 0.025504 -0.036133
v 0.036160 0.025504 -0.036133
v 0.036171 0.027622 -0.034306
v 0.036171 0.027622 -0.034306
v 0.036171 0.027622 -0.034306
v 0.036171 0.027622 -0.034306
v 0.036171 0.027622 -0.034306
v 0.036178 0.025321 -0.039637
v 0.036178 0.025321 -0.039637
v 0.036178 0.025321 -0.039637
v 0.036178 0.025321 -0.039637
v 0.036178 0.025321 -0.039637
v 0.036179 0.021963 0.037945
v 0.036179 0.021963 0.037945
v 0.036179 0.021963 0.037945
v 0.036179 0.021963 0.037945
v 0.036179 0.021963 0.037945
v 0.036180 0.027643 -0.033527
v 0.036180 0.027643 -0.033527
v 0.036180 0.027643 -0.033527
v 0.036180 0.027643 -0.033527
v 0.036187 0.023632 0.036545
v 0.036187 0.023632 0.036545
v 0.036187 0.023632 0.036545
v 0.036187 0.023632 0.036545
v 0.036187 0.023632 0.036545
v 0.036187 0.023632 0.036545
v 0.036188 0.019296 0.034719
v 0.036188 0.019296 0.034719
v 0.036188 0.019296 0.034719
v 0.036188 0.019296 0.034719
v 0.036188 0.019296 0.034719
v 0.036188 0.019296 0.034719
v 0.036188 0.019296 0.034719
v 0.036188 0.019296 0.034719
v 0.036194 0.024347 0.032975
v 0.036194 0.024347 0.032975
v 0.036194 0.024347 0.032975
v 0.036194 0.024347 0.032975
v 0.036194 0.024347 0.032975
v 0.036194 0.024347 0.032975
v 0.036194 0.024347 0.032975
v 0.036194 0.024347 0.032975
v 0.036214 0.023143 -0.033497
v 0.036214 0.023143 -0.033497
v 0.036214 0.023143 -0.033497
v 0.036214 0.023143 -0.033497
v 0.036214 0.023143 -0.033497
v 0.036214 0.023143 -0.033497
v 0.036218 0.021655 -0.034664
v 0.036218 0.021655 -0.034664
v 0.036218 0.021655 -0.034664
v 0.036218 0.021655 -0.034664
v 0.036218 0.021655 -0.034664
v 0.036218 0.021655 -0.034664
v 0.036218 0.021655 -0.034664
v 0.036232 0.020982 -0.036953
v 0.036232 0.020982 -0.036953
v 0.036232 0.020982 -0.036953
v 0.036232 0.020982 -0.036953
v 0.036232 0.020982 -0.036953
v 0.036232 0.020982 -0.036953
v 0.036232 0.020982 -0.036953
v 0.036232 0.020982 -0.036953
v 0.036239 0.021526 -0.038427
v 0.036239 0.021526 -0.038427
v 0.036239 0.021526 -0.038427
v 0.036239 0.021526 -0.038427
v 0.036239 0.021526 -0.038427
v 0.036239 0.021526 -0.038427
v 0.036239 0.021526 -0.038427
v 0.036241 0.025006 -0.037311
v 0.036241 0.025006 -0.037311
v 0.036241 0.025006 -0.037311
v 0.036241 0.025006 -0.037311
v 0.036241 0.025006 -0.037311
v 0.036247 0.025871 -0.034312
v 0.036247 0.025871 -0.034312
v 0.036247 0.025871 -0.034312
v 0.036247 0.025871 -0.034312
v 0.036247 0.025871 -0.034312
v 0.036247 0.025871 -0.034312
v 0.036248 0.021081 -0.037514
v 0.036248 0.021081 -0.037514
v 0.036248 0.021081 -0.037514
v 0.036248 0.021081 -0.037514
v 0.036262 0.022354 0.037603
v 0.036262 0.022354 0.037603
v 0.036262 0.022354 0.037603
v 0.036262 0.022354 0.037603
v 0.036262 0.022354 0.037603
v 0.036262 0.022354 0.037603
v 0.036262 0.022354 0.037603
v 0.036265 0.020984 0.038711
v 0.036265 0.020984 0.038711
v 0.036265 0.020984 0.038711
v 0.036265 0.020984 0.038711
v 0.036265 0.020984 0.038711
v 0.036265 0.020984 0.038711
v 0.036268 0.023064 0.036940
v 0.036268 0.023064 0.036940
v 0.036268 0.023064 0.036940
v 0.036268 0.023064 0.036940
v 0.036268 0.023064 0.036940
v 0.036268 0.023064 0.036940
v 0.036279 0.022392 -0.039140
v 0.036279 0.022392 -0.039140
v 0.036279 0.022392 -0.039140
v 0.036279 0.022392 -0.039140
v 0.036279 0.022392 -0.039140
v 0.036279 0.022392 -0.039140
v 0.036279 0.022392 -0.039140
v 0.036280 0.025329 -0.038505
v 0.036280 0.025329 -0.038505
v 0.036280 0.025329 -0.038505
v 0.036280 0.025329 -0.038505
v 0.036280 0.025329 -0.038505
v 0.036284 0.020551 0.038924
v 0.036284 0.020551 0.038924
v 0.036284 0.020551 0.038924
v 0.036284 0.020551 0.038924
v 0.036284 0.020551 0.038924
v 0.036284 0.020551 0.038924
v 0.036291 0.023961 0.036269
v 0.036291 0.023961 0.036269
v 0.036291 0.023961 0.036269
v 0.036291 0.023961 0.036269
v 0.036291 0.023961 0.036269
v 0.036291 0.023961 0.036269
v 0.036316 0.028320 -0.035287
v 0.036316 0.028320 -0.035287
v 0.036316 0.028320 -0.035287
v 0.036316 0.028320 -0.035287
v 0.036316 0.028320 -0.035287
v 0.036317 0.020971 -0.036398
v 0.036317 0.020971 -0.036398
v 0.036317 0.020971 -0.036398
v 0.036317 0.020971 -0.036398
v 0.036317 0.020971 -0.036398
v 0.036317 0.020971 -0.036398
v 0.036331 0.022436 -0.040653
v 0.036331 0.022436 -0.040653
v 0.036331 0.022436 -0.040653
v 0.036331 0.022436 -0.040653
v 0.036331 0.022436 -0.040653
v 0.036343 0.025528 -0.035775
v 0.036343 0.025528 -0.035775
v 0.036343 0.025528 -0.035775
v 0.036343 0.025528 -0.035775
v 0.036343 0.025528 -0.035775
v 0.036346 0.019640 0.034383
v 0.036346 0.019640 0.034383
v 0.036346 0.019640 0.034383
v 0.036346 0.019640 0.034383
v 0.036346 0.019640 0.034383
v 0.036346 0.019640 0.034383
v 0.036366 0.025376 -0.038030
v 0.036366 0.025376 -0.038030
v 0.036366 0.025376 -0.038030
v 0.036366 0.025376 -0.038030
v 0.036366 0.025376 -0.038030
v 0.036366 0.025376 -0.038030
v 0.036371 0.018805 0.038517
v 0.036371 0.018805 0.038517
v 0.036371 0.018805 0.038517
v 0.036371 0.018805 0.038517
v 0.036371 0.018805 0.038517
v 0.036371 0.018805 0.038517
v 0.036371 0.018805 0.038517
v 0.036383 0.020934 0.033604
v 0.036383 0.020934 0.033604
v 0.036383 0.020934 0.033604
v 0.036383 0.020934 0.033604
v 0.036383 0.020934 0.033604
v 0.036383 0.020934 0.033604
v 0.036383 0.020934 0.033604
v 0.036390 0.028319 -0.032256
v 0.036390 0.028319 -0.032256
v 0.036390 0.028319 -0.032256
v 0.036390 0.028319 -0.032256
v 0.036416 0.025131 -0.037004
v 0.036416 0.025131 -0.037004
v 0.036416 0.025131 -0.037004
v 0.036416 0.025131 -0.037004
v 0.036416 0.025131 -0.037004
v 0.036416 0.025131 -0.037004
v 0.036431 0.025820 -0.039181
v 0.036431 0.025820 -0.039181
v 0.036431 0.025820 -0.039181
v 0.036431 0.025820 -0.039181
v 0.036431 0.025820 -0.039181
v 0.036431 0.025820 -0.039181
v 0.036445 0.025504 -0.034246
v 0.036445 0.025504 -0.034246
v 0.036445 0.025504 -0.034246
v 0.036445 0.025504 -0.034246
v 0.036445 0.025504 -0.034246
v 0.036447 -0.094484 -0.044224
v 0.036447 -0.094484 -0.044224
v 0.036447 -0.094484 -0.044224
v 0.036447 -0.094484 -0.044224
v 0.036447 -0.094484 -0.044224
v 0.036447 -0.094484 -0.044224
v 0.036448 0.018442 0.038018
v 0.036448 0.018442 0.038018
v 0.036448 0.018442 0.038018
v 0.036448 0.018442 0.038018
v 0.036448 0.018442 0.038018
v 0.036448 0.018442 0.038018
v 0.036450 0.021241 0.038678
v 0.036450 0.021241 0.038678
v 0.036450 0.021241 0.038678
v 0.036450 0.021241 0.038678
v 0.036450 0.021241 0.038678
v 0.036450 0.021241 0.038678
v 0.036450 0.021241 0.038678
v 0.036455 0.024314 0.033263
v 0.036455 0.024314 0.033263
v 0.036455 0.024314 0.033263
v 0.036455 0.024314 0.033263
v 0.036455 0.024314 0.033263
v 0.036460 0.028319 -0.034995
v 0.036460 0.028319 -0.034995
v 0.036460 0.028319 -0.034995
v 0.036460 0.028319 -0.034995
v 0.036460 0.028319 -0.034995
v 0.036466 0.013261 -0.044238
v 0.036466 0.013261 -0.044238
v 0.036466 0.013261 -0.044238
v 0.036466 0.013261 -0.044238
v 0.036466 0.013261 -0.044238
v 0.036466 0.013261 -0.044238
v 0.036466 0.013261 -0.044238
v 0.036466 0.013261 -0.044238
v 0.036466 0.013261 -0.044238
v 0.036466 0.013261 -0.044238
v 0.036466 0.013261 -0.044238
v 0.036471 0.025195 -0.033863
v 0.036471 0.025195 -0.033863
v 0.036471 0.025195 -0.033863
v 0.036471 0.025195 -0.033863
v 0.036471 0.025195 -0.033863
v 0.036471 0.025195 -0.033863
v 0.036471 0.025195 -0.033863
v 0.036473 0.018332 0.036495
v 0.036473 0.018332 0.036495
v 0.036473 0.018332 0.036495
v 0.036473 0.018332 0.036495
v 0.036477 0.025548 -0.035178
v 0.036477 0.025548 -0.035178
v 0.036477 0.025548 -0.035178
v 0.036477 0.025548 -0.035178
v 0.036477 0.025548 -0.035178
v 0.036477 0.025548 -0.035178
v 0.036497 0.025443 -0.037584
v 0.036497 0.025443 -0.037584
v 0.036497 0.025443 -0.037584
v 0.036497 0.025443 -0.037584
v 0.036497 0.025443 -0.037584
v 0.036498 0.018265 0.037337
v 0.036498 0.018265 0.037337
v 0.036498 0.018265 0.037337
v 0.036498 0.018265 0.037337
v 0.036498 0.018265 0.037337
v 0.036498 0.018265 0.037337
v 0.036498 0.018265 0.037337
v 0.036502 0.021227 -0.038200
v 0.036502 0.021227 -0.038200
v 0.036502 0.021227 -0.038200
v 0.036502 0.021227 -0.038200
v 0.036502 0.021227 -0.038200
v 0.036502 0.021227 -0.038200
v 0.036521 0.023157 0.036721
v 0.036521 0.023157 0.036721
v 0.036521 0.023157 0.036721
v 0.036521 0.023157 0.036721
v 0.036521 0.023157 0.036721
v 0.036535 0.023962 0.036022
v 0.036535 0.023962 0.036022
v 0.036535 0.023962 0.036022
v 0.036535 0.023962 0.036022
v 0.036536 0.021577 0.038453
v 0.036536 0.021577 0.038453
v 0.036536 0.021577 0.038453
v 0.036536 0.021577 0.038453
v 0.036537 0.025328 -0.036209
v 0.036537 0.025328 -0.036209
v 0.036537 0.025328 -0.036209
v 0.036537 0.025328 -0.036209
v 0.036537 0.025328 -0.036209
v 0.036537 0.025328 -0.036209
v 0.036537 0.025328 -0.036209
v 0.036537 0.028319 -0.032609
v 0.036537 0.028319 -0.032609
v 0.036537 0.028319 -0.032609
v 0.036537 0.028319 -0.032609
v 0.036537 0.028319 -0.032609
v 0.036547 0.022408 0.033353
v 0.036547 0.022408 0.033353
v 0.036547 0.022408 0.033353
v 0.036547 0.022408 0.033353
v 0.036547 0.022408 0.033353
v 0.036550 0.022462 -0.034045
v 0.036550 0.022462 -0.034045
v 0.036550 0.022462 -0.034045
v 0.036550 0.022462 -0.034045
v 0.036550 0.022462 -0.034045
v 0.036550 0.022462 -0.034045
v 0.036557 0.023577 0.036305
v 0.036557 0.023577 0.036305
v 0.036557 0.023577 0.036305
v 0.036557 0.023577 0.036305
v 0.036557 0.023577 0.036305
v 0.036557 0.023577 0.036305
v 0.036557 0.023577 0.036305
v 0.036557 0.023577 0.036305
v 0.036567 0.024436 -0.033649
v 0.036567 0.024436 -0.033649
v 0.036567 0.024436 -0.033649
v 0.036567 0.024436 -0.033649
v 0.036567 0.024436 -0.033649
v 0.036568 0.021890 -0.039091
v 0.036568 0.021890 -0.039091
v 0.036568 0.021890 -0.039091
v 0.036568 0.021890 -0.039091
v 0.036568 0.021890 -0.039091
v 0.036568 0.021890 -0.039091
v 0.036576 0.022736 0.037156
v 0.036576 0.022736 0.037156
v 0.036576 0.022736 0.037156
v 0.036576 0.022736 0.037156
v 0.036576 0.022736 0.037156
v 0.036576 0.022736 0.037156
v 0.036576 0.022736 0.037156
v 0.036576 0.022736 0.037156
v 0.036596 0.025178 -0.036768
v 0.036596 0.025178 -0.036768
v 0.036596 0.025178 -0.036768
v 0.036596 0.025178 -0.036768
v 0.036596 0.025178 -0.036768
v 0.036596 0.025178 -0.036768
v 0.036609 0.018681 0.035517
v 0.036609 0.018681 0.035517
v 0.036609 0.018681 0.035517
v 0.036609 0.018681 0.035517
v 0.036609 0.018681 0.035517
v 0.036609 0.024717 -0.033808
v 0.036609 0.024717 -0.033808
v 0.036609 0.024717 -0.033808
v 0.036609 0.024717 -0.033808
v 0.036615 0.025380 -0.035626
v 0.036615 0.025380 -0.035626
v 0.036615 0.025380 -0.035626
v 0.036615 0.025380 -0.035626
v 0.036615 0.025380 -0.035626
v 0.036615 0.025380 -0.035626
v 0.036627 0.021998 0.038029
v 0.036627 0.021998 0.038029
v 0.036627 0.021998 0.038029
v 0.036627 0.021998 0.038029
v 0.036627 0.021998 0.038029
v 0.036627 0.021998 0.038029
v 0.036627 0.021998 0.038029
v 0.036631 0.021595 -0.034891
v 0.036631 0.021595 -0.034891
v 0.036631 0.021595 -0.034891
v 0.036631 0.021595 -0.034891
v 0.036638 0.011748 -0.044417
v 0.036638 0.011748 -0.044417
v 0.036638 0.011748 -0.044417
v 0.036638 0.011748 -0.044417
v 0.036638 0.011748 -0.044417
v 0.036638 0.025203 0.037073
v 0.036638 0.025203 0.037073
v 0.036638 0.025203 0.037073
v 0.036638 0.025203 0.037073
v 0.036638 0.025203 0.037073
v 0.036639 -0.092943 -0.044414
v 0.036639 -0.092943 -0.044414
v 0.036639 -0.092943 -0.044414
v 0.036639 -0.092943 -0.044414
v 0.036639 -0.092943 -0.044414
v 0.036639 -0.092943 -0.044414
v 0.036641 0.020083 0.034119
v 0.036641 0.020083 0.034119
v 0.036641 0.020083 0.034119
v 0.036641 0.020083 0.034119
v 0.036641 0.020083 0.034119
v 0.036641 0.020083 0.034119
v 0.036655 0.024282 0.033563
v 0.036655 0.024282 0.033563
v 0.036655 0.024282 0.033563
v 0.036655 0.024282 0.033563
v 0.036655 0.024282 0.033563
v 0.036655 0.025356 -0.034902
v 0.036655 0.025356 -0.034902
v 0.036655 0.025356 -0.034902
v 0.036655 0.025356 -0.034902
v 0.036655 0.025356 -0.034902
v 0.036660 0.028320 -0.034410
v 0.036660 0.028320 -0.034410
v 0.036660 0.028320 -0.034410
v 0.036660 0.028320 -0.034410
v 0.036660 0.028320 -0.034410
v 0.036667 0.028320 -0.033059
v 0.036667 0.028320 -0.033059
v 0.036667 0.028320 -0.033059
v 0.036667 0.028320 -0.033059
v 0.036667 0.028320 -0.033059
v 0.036677 0.024969 -0.034097
v 0.036677 0.024969 -0.034097
v 0.036677 0.024969 -0.034097
v 0.036677 0.024969 -0.034097
v 0.036677 0.024969 -0.034097
v 0.036677 0.024969 -0.034097
v 0.036677 0.024969 -0.034097
v 0.036679 0.021053 -0.035929
v 0.036679 0.021053 -0.035929
v 0.036679 0.021053 -0.035929
v 0.036679 0.021053 -0.035929
v 0.036679 0.021053 -0.035929
v 0.036679 0.021053 -0.035929
v 0.036679 0.021053 -0.035929
v 0.036686 0.021431 0.033596
v 0.036686 0.021431 0.033596
v 0.036686 0.021431 0.033596
v 0.036686 0.021431 0.033596
v 0.036686 0.021431 0.033596
v 0.036686 0.021431 0.033596
v 0.036686 0.021431 0.033596
v 0.036687 0.018370 0.036144
v 0.036687 0.018370 0.036144
v 0.036687 0.018370 0.036144
v 0.036687 0.018370 0.036144
v 0.036687 0.018370 0.036144
v 0.036687 0.018370 0.036144
v 0.036688 0.018895 0.038998
v 0.036688 0.018895 0.038998
v 0.036688 0.018895 0.038998
v 0.036688 0.018895 0.038998
v 0.036688 0.018895 0.038998
v 0.036691 0.023975 0.035777
v 0.036691 0.023975 0.035777
v 0.036691 0.023975 0.035777
v 0.036691 0.023975 0.035777
v 0.036691 0.023975 0.035777
v 0.036691 0.023975 0.035777
v 0.036693 0.021718 -0.040583
v 0.036693 0.021718 -0.040583
v 0.036693 0.021718 -0.040583
v 0.036693 0.021718 -0.040583
v 0.036693 0.021718 -0.040583
v 0.036697 0.019197 0.039229
v 0.036697 0.019197 0.039229
v 0.036697 0.019197 0.039229
v 0.036697 0.019197 0.039229
v 0.036697 0.019197 0.039229
v 0.036697 0.019197 0.039229
v 0.036700 0.023497 0.033537
v 0.036700 0.023497 0.033537
v 0.036700 0.023497 0.033537
v 0.036700 0.023497 0.033537
v 0.036700 0.023497 0.033537
v 0.036700 0.023497 0.033537
v 0.036700 0.023497 0.033537
v 0.036713 0.025213 -0.034597
v 0.036713 0.025213 -0.034597
v 0.036713 0.025213 -0.034597
v 0.036713 0.025213 -0.034597
v 0.036713 0.025213 -0.034597
v 0.036713 0.025213 -0.034597
v 0.036713 0.025213 -0.034597
v 0.036713 0.025213 -0.034597
v 0.036733 0.028320 -0.033634
v 0.036733 0.028320 -0.033634
v 0.036733 0.028320 -0.033634
v 0.036733 0.028320 -0.033634
v 0.036733 0.028320 -0.033634
v 0.036733 0.028320 -0.033634
v 0.036738 0.022400 0.037526
v 0.036738 0.022400 0.037526
v 0.036738 0.022400 0.037526
v 0.036738 0.022400 0.037526
v 0.036738 0.022400 0.037526
v 0.036750 0.025179 -0.036609
v 0.036750 0.025179 -0.036609
v 0.036750 0.025179 -0.036609
v 0.036750 0.025179 -0.036609
v 0.036750 0.025179 -0.036609
v 0.036750 0.025179 -0.036609
v 0.036804 0.023266 -0.033875
v 0.036804 0.023266 -0.033875
v 0.036804 0.023266 -0.033875
v 0.036804 0.023266 -0.033875
v 0.036804 0.023266 -0.033875
v 0.036804 0.023266 -0.033875
v 0.036806 0.024008 0.035540
v 0.036806 0.024008 0.035540
v 0.036806 0.024008 0.035540
v 0.036806 0.024008 0.035540
v 0.036806 0.024008 0.035540
v 0.036806 0.024008 0.035540
v 0.036807 0.023150 0.036492
v 0.036807 0.023150 0.036492
v 0.036807 0.023150 0.036492
v 0.036807 0.023150 0.036492
v 0.036807 0.023150 0.036492
v 0.036817 0.024237 0.033937
v 0.036817 0.024237 0.033937
v 0.036817 0.024237 0.033937
v 0.036817 0.024237 0.033937
v 0.036817 0.024237 0.033937
v 0.036817 0.024237 0.033937
v 0.036821 0.021824 -0.034709
v 0.036821 0.021824 -0.034709
v 0.036821 0.021824 -0.034709
v 0.036821 0.021824 -0.034709
v 0.036821 0.021824 -0.034709
v 0.036821 0.021824 -0.034709
v 0.036821 0.021824 -0.034709
v 0.036826 0.023710 0.033793
v 0.036826 0.023710 0.033793
v 0.036826 0.023710 0.033793
v 0.036826 0.023710 0.033793
v 0.036839 0.026259 -0.038594
v 0.036839 0.026259 -0.038594
v 0.036839 0.026259 -0.038594
v 0.036839 0.026259 -0.038594
v 0.036839 0.026259 -0.038594
v 0.036851 0.018127 0.036987
v 0.036851 0.018127 0.036987
v 0.036851 0.018127 0.036987
v 0.036851 0.018127 0.036987
v 0.036851 0.018127 0.036987
v 0.036851 0.018127 0.036987
v 0.036851 0.018127 0.036987
v 0.036862 0.021265 -0.035484
v 0.036862 0.021265 -0.035484
v 0.036862 0.021265 -0.035484
v 0.036862 0.021265 -0.035484
v 0.036862 0.021265 -0.035484
v 0.036862 0.021265 -0.035484
v 0.036865 0.025203 0.032327
v 0.036865 0.025203 0.032327
v 0.036865 0.025203 0.032327
v 0.036865 0.025203 0.032327
v 0.036865 0.025203 0.032327
v 0.036865 0.025203 0.032327
v 0.036865 0.025203 0.032327
v 0.036885 0.019090 0.034973
v 0.036885 0.019090 0.034973
v 0.036885 0.019090 0.034973
v 0.036885 0.019090 0.034973
v 0.036885 0.019090 0.034973
v 0.036886 0.024198 0.034186
v 0.036886 0.024198 0.034186
v 0.036886 0.024198 0.034186
v 0.036886 0.024198 0.034186
v 0.036886 0.024198 0.034186
v 0.036886 0.024198 0.034186
v 0.036890 0.024050 0.035264
v 0.036890 0.024050 0.035264
v 0.036890 0.024050 0.035264
v 0.036890 0.024050 0.035264
v 0.036890 0.024050 0.035264
v 0.036917 0.025166 -0.035513
v 0.036917 0.025166 -0.035513
v 0.036917 0.025166 -0.035513
v 0.036917 0.025166 -0.035513
v 0.036917 0.025166 -0.035513
v 0.036932 0.019558 0.034561
v 0.036932 0.019558 0.034561
v 0.036932 0.019558 0.034561
v 0.036932 0.019558 0.034561
v 0.036932 0.019558 0.034561
v 0.036932 0.021472 0.038796
v 0.036932 0.021472 0.038796
v 0.036932 0.021472 0.038796
v 0.036932 0.021472 0.038796
v 0.036932 0.021472 0.038796
v 0.036932 0.021472 0.038796
v 0.036935 0.020883 -0.037364
v 0.036935 0.020883 -0.037364
v 0.036935 0.020883 -0.037364
v 0.036935 0.020883 -0.037364
v 0.036937 0.024091 0.034967
v 0.036937 0.024091 0.034967
v 0.036937 0.024091 0.034967
v 0.036937 0.024091 0.034967
v 0.036937 0.024091 0.034967
v 0.036949 0.024153 0.034584
v 0.036949 0.024153 0.034584
v 0.036949 0.024153 0.034584
v 0.036949 0.024153 0.034584
v 0.036949 0.024153 0.034584
v 0.036949 0.024153 0.034584
v 0.036950 0.021450 -0.038927
v 0.036950 0.021450 -0.038927
v 0.036950 0.021450 -0.038927
v 0.036950 0.021450 -0.038927
v 0.036950 0.021450 -0.038927
v 0.036950 0.021450 -0.038927
v 0.036952 0.023500 0.035819
v 0.036952 0.023500 0.035819
v 0.036952 0.023500 0.035819
v 0.036952 0.023500 0.035819
v 0.036952 0.023500 0.035819
v 0.036952 0.023500 0.035819
v 0.036954 0.020460 0.039582
v 0.036954 0.020460 0.039582
v 0.036954 0.020460 0.039582
v 0.036954 0.020460 0.039582
v 0.036970 0.020873 -0.036880
v 0.036970 0.020873 -0.036880
v 0.036970 0.020873 -0.036880
v 0.036970 0.020873 -0.036880
v 0.036970 0.020873 -0.036880
v 0.036970 0.020873 -0.036880
v 0.036970 0.020873 -0.036880
v 0.036980 0.018676 0.035492
v 0.036980 0.018676 0.035492
v 0.036980 0.018676 0.035492
v 0.036980 0.018676 0.035492
v 0.036980 0.018676 0.035492
v 0.036980 0.018676 0.035492
v 0.036992 0.020964 -0.037935
v 0.036992 0.020964 -0.037935
v 0.036992 0.020964 -0.037935
v 0.036992 0.020964 -0.037935
v 0.036992 0.020964 -0.037935
v 0.036992 0.020964 -0.037935
v 0.036992 0.020964 -0.037935
v 0.036996 0.022198 0.037798
v 0.036996 0.022198 0.037798
v 0.036996 0.022198 0.037798
v 0.036996 0.022198 0.037798
v 0.036996 0.022198 0.037798
v 0.036996 0.022198 0.037798
v 0.036996 0.022198 0.037798
v 0.037002 0.025128 -0.036419
v 0.037002 0.025128 -0.036419
v 0.037002 0.025128 -0.036419
v 0.037002 0.025128 -0.036419
v 0.037002 0.025128 -0.036419
v 0.037002 0.025128 -0.036419
v 0.037002 0.025128 -0.036419
v 0.037003 0.023170 0.033971
v 0.037003 0.023170 0.033971
v 0.037003 0.023170 0.033971
v 0.037003 0.023170 0.033971
v 0.037003 0.023170 0.033971
v 0.037003 0.023170 0.033971
v 0.037003 0.023170 0.033971
v 0.037011 0.018148 0.038143
v 0.037011 0.018148 0.038143
v 0.037011 0.018148 0.038143
v 0.037011 0.018148 0.038143
v 0.037011 0.018148 0.038143
v 0.037011 0.018148 0.038143
v 0.037012 0.025131 -0.035898
v 0.037012 0.025131 -0.035898
v 0.037012 0.025131 -0.035898
v 0.037012 0.025131 -0.035898
v 0.037012 0.025131 -0.035898
v 0.037012 0.025131 -0.035898
v 0.037030 0.020883 0.039435
v 0.037030 0.020883 0.039435
v 0.037030 0.020883 0.039435
v 0.037030 0.020883 0.039435
v 0.037030 0.020883 0.039435
v 0.037030 0.020883 0.039435
v 0.037030 0.020883 0.039435
v 0.037030 0.020883 0.039435
v 0.037032 0.020315 0.034156
v 0.037032 0.020315 0.034156
v 0.037032 0.020315 0.034156
v 0.037032 0.020315 0.034156
v 0.037032 0.020315 0.034156
v 0.037032 0.020315 0.034156
v 0.037033 0.021812 0.038412
v 0.037033 0.021812 0.038412
v 0.037033 0.021812 0.038412
v 0.037033 0.021812 0.038412
v 0.037033 0.021812 0.038412
v 0.037046 0.023660 0.035238
v 0.037046 0.023660 0.035238
v 0.037046 0.023660 0.035238
v 0.037046 0.023660 0.035238
v 0.037046 0.023660 0.035238
v 0.037046 0.023660 0.035238
v 0.037046 0.023660 0.035238
v 0.037052 0.022797 0.036761
v 0.037052 0.022797 0.036761
v 0.037052 0.022797 0.036761
v 0.037052 0.022797 0.036761
v 0.037052 0.022797 0.036761
v 0.037056 0.024613 -0.034498
v 0.037056 0.024613 -0.034498
v 0.037056 0.024613 -0.034498
v 0.037056 0.024613 -0.034498
v 0.037057 0.019441 0.039708
v 0.037057 0.019441 0.039708
v 0.037057 0.019441 0.039708
v 0.037057 0.019441 0.039708
v 0.037057 0.019441 0.039708
v 0.037059 0.018376 0.038787
v 0.037059 0.018376 0.038787
v 0.037059 0.018376 0.038787
v 0.037059 0.018376 0.038787
v 0.037059 0.018376 0.038787
v 0.037059 0.018376 0.038787
v 0.037063 0.022495 0.037268
v 0.037063 0.022495 0.037268
v 0.037063 0.022495 0.037268
v 0.037063 0.022495 0.037268
v 0.037063 0.022495 0.037268
v 0.037063 0.022495 0.037268
v 0.037063 0.022495 0.037268
v 0.037087 0.022231 0.033889
v 0.037087 0.022231 0.033889
v 0.037087 0.022231 0.033889
v 0.037087 0.022231 0.033889
v 0.037087 0.022231 0.033889
v 0.037087 0.022231 0.033889
v 0.037091 0.023609 0.034916
v 0.037091 0.023609 0.034916
v 0.037091 0.023609 0.034916
v 0.037091 0.023609 0.034916
v 0.037091 0.023609 0.034916
v 0.037091 0.023609 0.034916
v 0.037094 0.023316 0.034287
v 0.037094 0.023316 0.034287
v 0.037094 0.023316 0.034287
v 0.037094 0.023316 0.034287
v 0.037101 0.023727 -0.034144
v 0.037101 0.023727 -0.034144
v 0.037101 0.023727 -0.034144
v 0.037101 0.023727 -0.034144
v 0.037101 0.023727 -0.034144
v 0.037107 0.023513 0.034583
v 0.037107 0.023513 0.034583
v 0.037107 0.023513 0.034583
v 0.037107 0.023513 0.034583
v 0.037107 0.023513 0.034583
v 0.037107 0.023513 0.034583
v 0.037108 0.023257 0.035839
v 0.037108 0.023257 0.035839
v 0.037108 0.023257 0.035839
v 0.037108 0.023257 0.035839
v 0.037108 0.023257 0.035839
v 0.037153 0.024881 -0.035148
v 0.037153 0.024881 -0.035148
v 0.037153 0.024881 -0.035148
v 0.037153 0.024881 -0.035148
v 0.037153 0.024881 -0.035148
v 0.037153 0.024881 -0.035148
v 0.037153 0.024881 -0.035148
v 0.037170 0.025203 0.036601
v 0.037170 0.025203 0.036601
v 0.037170 0.025203 0.036601
v 0.037170 0.025203 0.036601
v 0.037170 0.025203 0.036601
v 0.037170 0.025203 0.036601
v 0.037170 0.025203 0.036601
v 0.037172 0.021091 -0.040357
v 0.037172 0.021091 -0.040357
v 0.037172 0.021091 -0.040357
v 0.037172 0.021091 -0.040357
v 0.037172 0.021091 -0.040357
v 0.037186 0.026447 -0.038171
v 0.037186 0.026447 -0.038171
v 0.037186 0.026447 -0.038171
v 0.037186 0.026447 -0.038171
v 0.037186 0.026447 -0.038171
v 0.037186 0.026447 -0.038171
v 0.037190 0.018005 0.037603
v 0.037190 0.018005 0.037603
v 0.037190 0.018005 0.037603
v 0.037190 0.018005 0.037603
v 0.037190 0.018005 0.037603
v 0.037190 0.018005 0.037603
v 0.037201 0.018224 0.036330
v 0.037201 0.018224 0.036330
v 0.037201 0.018224 0.036330
v 0.037201 0.018224 0.036330
v 0.037201 0.018224 0.036330
v 0.037201 0.018224 0.036330
v 0.037201 0.018224 0.036330
v 0.037203 0.021419 0.033988
v 0.037203 0.021419 0.033988
v 0.037203 0.021419 0.033988
v 0.037203 0.021419 0.033988
v 0.037203 0.021419 0.033988
v 0.037203 0.021419 0.033988
v 0.037203 0.021419 0.033988
v 0.037210 0.021294 0.039228
v 0.037210 0.021294 0.039228
v 0.037210 0.021294 0.039228
v 0.037210 0.021294 0.039228
v 0.037210 0.021294 0.039228
v 0.037210 0.021294 0.039228
v 0.037227 0.022960 0.036156
v 0.037227 0.022960 0.036156
v 0.037227 0.022960 0.036156
v 0.037227 0.022960 0.036156
v 0.037227 0.022960 0.036156
v 0.037227 0.022960 0.036156
v 0.037227 0.022960 0.036156
v 0.037227 0.022960 0.036156
v 0.037227 0.022960 0.036156
v 0.037254 0.023192 0.035379
v 0.037254 0.023192 0.035379
v 0.037254 0.023192 0.035379
v 0.037254 0.023192 0.035379
v 0.037254 0.023192 0.035379
v 0.037254 0.023192 0.035379
v 0.037255 0.022043 -0.034777
v 0.037255 0.022043 -0.034777
v 0.037255 0.022043 -0.034777
v 0.037255 0.022043 -0.034777
v 0.037255 0.022043 -0.034777
v 0.037276 0.025023 -0.036261
v 0.037276 0.025023 -0.036261
v 0.037276 0.025023 -0.036261
v 0.037276 0.025023 -0.036261
v 0.037276 0.025023 -0.036261
v 0.037276 0.025023 -0.036261
v 0.037281 0.022412 0.034198
v 0.037281 0.022412 0.034198
v 0.037281 0.022412 0.034198
v 0.037281 0.022412 0.034198
v 0.037281 0.022412 0.034198
v 0.037281 0.022412 0.034198
v 0.037308 0.022597 -0.034495
v 0.037308 0.022597 -0.034495
v 0.037308 0.022597 -0.034495
v 0.037308 0.022597 -0.034495
v 0.037308 0.022597 -0.034495
v 0.037308 0.022597 -0.034495
v 0.037308 0.022597 -0.034495
v 0.037329 0.021159 -0.038701
v 0.037329 0.021159 -0.038701
v 0.037329 0.021159 -0.038701
v 0.037329 0.021159 -0.038701
v 0.037329 0.021159 -0.038701
v 0.037341 0.021640 0.038859
v 0.037341 0.021640 0.038859
v 0.037341 0.021640 0.038859
v 0.037341 0.021640 0.038859
v 0.037341 0.021640 0.038859
v 0.037341 0.022985 0.035698
v 0.037341 0.022985 0.035698
v 0.037341 0.022985 0.035698
v 0.037341 0.022985 0.035698
v 0.037341 0.022985 0.035698
v 0.037352 0.022289 0.037536
v 0.037352 0.022289 0.037536
v 0.037352 0.022289 0.037536
v 0.037352 0.022289 0.037536
v 0.037352 0.022289 0.037536
v 0.037355 0.020655 0.034231
v 0.037355 0.020655 0.034231
v 0.037355 0.020655 0.034231
v 0.037355 0.020655 0.034231
v 0.037355 0.020655 0.034231
v 0.037357 0.018593 0.039427
v 0.037357 0.018593 0.039427
v 0.037357 0.018593 0.039427
v 0.037357 0.018593 0.039427
v 0.037357 0.018593 0.039427
v 0.037357 0.018593 0.039427
v 0.037357 0.018593 0.039427
v 0.037364 0.020920 -0.036684
v 0.037364 0.020920 -0.036684
v 0.037364 0.020920 -0.036684
v 0.037364 0.020920 -0.036684
v 0.037364 0.020920 -0.036684
v 0.037367 0.018936 0.039742
v 0.037367 0.018936 0.039742
v 0.037367 0.018936 0.039742
v 0.037367 0.018936 0.039742
v 0.037367 0.018936 0.039742
v 0.037368 0.022563 0.036865
v 0.037368 0.022563 0.036865
v 0.037368 0.022563 0.036865
v 0.037368 0.022563 0.036865
v 0.037368 0.022563 0.036865
v 0.037368 0.022563 0.036865
v 0.037384 0.022941 0.035036
v 0.037384 0.022941 0.035036
v 0.037384 0.022941 0.035036
v 0.037384 0.022941 0.035036
v 0.037384 0.022941 0.035036
v 0.037384 0.022941 0.035036
v 0.037389 0.021934 0.038314
v 0.037389 0.021934 0.038314
v 0.037389 0.021934 0.038314
v 0.037389 0.021934 0.038314
v 0.037389 0.021934 0.038314
v 0.037389 0.021934 0.038314
v 0.037394 0.019009 0.035179
v 0.037394 0.019009 0.035179
v 0.037394 0.019009 0.035179
v 0.037394 0.019009 0.035179
v 0.037394 0.019009 0.035179
v 0.037394 0.019009 0.035179
v 0.037405 0.023205 -0.034433
v 0.037405 0.023205 -0.034433
v 0.037405 0.023205 -0.034433
v 0.037405 0.023205 -0.034433
v 0.037405 0.023205 -0.034433
v 0.037405 0.023205 -0.034433
v 0.037405 0.023205 -0.034433
v 0.037410 -0.090617 -0.027502
v 0.037410 -0.090617 -0.027502
v 0.037410 -0.090617 -0.027502
v 0.037410 -0.090617 -0.027502
v 0.037410 -0.090617 -0.027502
v 0.037410 -0.090617 -0.027502
v 0.037410 -0.090617 -0.027502
v 0.037410 -0.090617 -0.027502
v 0.037410 -0.090617 -0.027502
v 0.037410 -0.090617 -0.027502
v 0.037410 -0.090617 -0.027502
v 0.037410 -0.090617 -0.027502
v 0.037410 -0.090617 -0.027502
v 0.037410 -0.079180 -0.027502
v 0.037410 -0.079180 -0.027502
v 0.037410 -0.079180 -0.027502
v 0.037410 -0.079180 -0.027502
v 0.037410 -0.079180 -0.027502
v 0.037410 -0.067742 -0.027502
v 0.037410 -0.067742 -0.027502
v 0.037410 -0.056305 -0.027502
v 0.037410 -0.056305 -0.027502
v 0.037410 -0.056305 -0.027502
v 0.037410 -0.056305 -0.027502
v 0.037410 -0.044867 -0.027502
v 0.037410 -0.044867 -0.027502
v 0.037410 -0.044867 -0.027502
v 0.037410 -0.033430 -0.027502
v 0.037410 -0.033430 -0.027502
v 0.037410 -0.021992 -0.027502
v 0.037410 -0.021992 -0.027502
v 0.037410 -0.021992 -0.027502
v 0.037410 -0.021992 -0.027502
v 0.037410 -0.021992 -0.027502
v 0.037410 -0.010555 -0.027502
v 0.037410 -0.010555 -0.027502
v 0.037410 -0.010555 -0.027502
v 0.037410 -0.010555 -0.027502
v 0.037410 0.000883 -0.027502
v 0.037410 0.000883 -0.027502
v 0.037410 0.000883 -0.027502
v 0.037410 0.000883 -0.027502
v 0.037410 0.000883 -0.027502
v 0.037410 0.000883 -0.027502
v 0.037410 0.000883 -0.027502
v 0.037410 0.000883 -0.027502
v 0.037418 0.022628 0.034632
v 0.037418 0.022628 0.034632
v 0.037418 0.022628 0.034632
v 0.037418 0.022628 0.034632
v 0.037418 0.022628 0.034632
v 0.037418 0.022628 0.034632
v 0.037418 0.022628 0.034632
v 0.037418 0.022628 0.034632
v 0.037418 0.022628 0.034632
v 0.037434 0.023882 -0.034570
v 0.037434 0.023882 -0.034570
v 0.037434 0.023882 -0.034570
v 0.037434 0.023882 -0.034570
v 0.037434 0.023882 -0.034570
v 0.037434 0.023882 -0.034570
v 0.037434 0.023882 -0.034570
v 0.037453 0.025203 0.033083
v 0.037453 0.025203 0.033083
v 0.037453 0.025203 0.033083
v 0.037453 0.025203 0.033083
v 0.037453 0.025203 0.033083
v 0.037453 0.025203 0.033083
v 0.037453 0.026521 -0.037874
v 0.037453 0.026521 -0.037874
v 0.037453 0.026521 -0.037874
v 0.037453 0.026521 -0.037874
v 0.037453 0.026521 -0.037874
v 0.037456 0.024398 -0.034962
v 0.037456 0.024398 -0.034962
v 0.037456 0.024398 -0.034962
v 0.037456 0.024398 -0.034962
v 0.037456 0.024398 -0.034962
v 0.037456 0.024398 -0.034962
v 0.037466 0.024187 -0.034794
v 0.037466 0.024187 -0.034794
v 0.037466 0.024187 -0.034794
v 0.037466 0.024187 -0.034794
v 0.037466 0.024187 -0.034794
v 0.037466 0.024187 -0.034794
v 0.037470 0.020874 -0.037720
v 0.037470 0.020874 -0.037720
v 0.037470 0.020874 -0.037720
v 0.037470 0.020874 -0.037720
v 0.037470 0.020874 -0.037720
v 0.037470 0.020874 -0.037720
v 0.037522 0.022605 0.036414
v 0.037522 0.022605 0.036414
v 0.037522 0.022605 0.036414
v 0.037522 0.022605 0.036414
v 0.037529 0.021366 -0.035694
v 0.037529 0.021366 -0.035694
v 0.037529 0.021366 -0.035694
v 0.037529 0.021366 -0.035694
v 0.037529 0.021366 -0.035694
v 0.037529 0.021366 -0.035694
v 0.037529 0.021366 -0.035694
v 0.037531 0.022085 0.037986
v 0.037531 0.022085 0.037986
v 0.037531 0.022085 0.037986
v 0.037531 0.022085 0.037986
v 0.037531 0.022085 0.037986
v 0.037531 0.022085 0.037986
v 0.037533 0.019615 0.034768
v 0.037533 0.019615 0.034768
v 0.037533 0.019615 0.034768
v 0.037533 0.019615 0.034768
v 0.037533 0.019615 0.034768
v 0.037533 0.019615 0.034768
v 0.037533 0.019615 0.034768
v 0.037533 0.019615 0.034768
v 0.037540 0.024873 -0.036144
v 0.037540 0.024873 -0.036144
v 0.037540 0.024873 -0.036144
v 0.037540 0.024873 -0.036144
v 0.037540 0.024873 -0.036144
v 0.037540 0.024873 -0.036144
v 0.037540 0.024873 -0.036144
v 0.037540 0.024873 -0.036144
v 0.037576 0.025203 0.035944
v 0.037576 0.025203 0.035944
v 0.037576 0.025203 0.035944
v 0.037576 0.025203 0.035944
v 0.037576 0.025203 0.035944
v 0.037587 0.018253 0.039150
v 0.037587 0.018253 0.039150
v 0.037587 0.018253 0.039150
v 0.037587 0.018253 0.039150
v 0.037587 0.018253 0.039150
v 0.037592 0.018486 0.035869
v 0.037592 0.018486 0.035869
v 0.037592 0.018486 0.035869
v 0.037592 0.018486 0.035869
v 0.037592 0.018486 0.035869
v 0.037592 0.018486 0.035869
v 0.037592 0.018486 0.035869
v 0.037599 0.017936 0.037296
v 0.037599 0.017936 0.037296
v 0.037599 0.017936 0.037296
v 0.037599 0.017936 0.037296
v 0.037599 0.017936 0.037296
v 0.037599 0.017936 0.037296
v 0.037599 0.017936 0.037296
v 0.037607 0.022624 0.035625
v 0.037607 0.022624 0.035625
v 0.037607 0.022624 0.035625
v 0.037607 0.022624 0.035625
v 0.037607 0.022624 0.035625
v 0.037607 0.022624 0.035625
v 0.037607 0.022624 0.035625
v 0.037615 0.024584 -0.035492
v 0.037615 0.024584 -0.035492
v 0.037615 0.024584 -0.035492
v 0.037615 0.024584 -0.035492
v 0.037615 0.024584 -0.035492
v 0.037615 0.024584 -0.035492
v 0.037615 0.024584 -0.035492
v 0.037622 0.022307 0.037271
v 0.037622 0.022307 0.037271
v 0.037622 0.022307 0.037271
v 0.037622 0.022307 0.037271
v 0.037622 0.022307 0.037271
v 0.037622 0.022307 0.037271
v 0.037622 0.022307 0.037271
v 0.037623 0.020570 0.040227
v 0.037623 0.020570 0.040227
v 0.037623 0.020570 0.040227
v 0.037623 0.020570 0.040227
v 0.037623 0.020570 0.040227
v 0.037639 0.020870 0.040078
v 0.037639 0.020870 0.040078
v 0.037639 0.020870 0.040078
v 0.037639 0.020870 0.040078
v 0.037639 0.020870 0.040078
v 0.037641 0.021934 0.034609
v 0.037641 0.021934 0.034609
v 0.037641 0.021934 0.034609
v 0.037641 0.021934 0.034609
v 0.037644 0.020256 0.040339
v 0.037644 0.020256 0.040339
v 0.037644 0.020256 0.040339
v 0.037644 0.020256 0.040339
v 0.037644 0.020256 0.040339
v 0.037644 0.020256 0.040339
v 0.037644 0.020256 0.040339
v 0.037653 0.021552 0.039297
v 0.037653 0.021552 0.039297
v 0.037653 0.021552 0.039297
v 0.037653 0.021552 0.039297
v 0.037653 0.021552 0.039297
v 0.037653 0.021552 0.039297
v 0.037662 0.022541 0.036070
v 0.037662 0.022541 0.036070
v 0.037662 0.022541 0.036070
v 0.037662 0.022541 0.036070
v 0.037662 0.022541 0.036070
v 0.037662 0.022541 0.036070
v 0.037662 0.022541 0.036070
v 0.037665 0.020877 -0.037319
v 0.037665 0.020877 -0.037319
v 0.037665 0.020877 -0.037319
v 0.037665 0.020877 -0.037319
v 0.037665 0.020877 -0.037319
v 0.037666 0.022500 0.035358
v 0.037666 0.022500 0.035358
v 0.037666 0.022500 0.035358
v 0.037666 0.022500 0.035358
v 0.037666 0.022500 0.035358
v 0.037681 0.020998 -0.038418
v 0.037681 0.020998 -0.038418
v 0.037681 0.020998 -0.038418
v 0.037681 0.020998 -0.038418
v 0.037681 0.020998 -0.038418
v 0.037681 0.020998 -0.038418
v 0.037694 0.019901 0.040419
v 0.037694 0.019901 0.040419
v 0.037694 0.019901 0.040419
v 0.037694 0.019901 0.040419
v 0.037694 0.019901 0.040419
v 0.037694 0.019901 0.040419
v 0.037709 0.021099 -0.036335
v 0.037709 0.021099 -0.036335
v 0.037709 0.021099 -0.036335
v 0.037709 0.021099 -0.036335
v 0.037709 0.021099 -0.036335
v 0.037709 0.021099 -0.036335
v 0.037709 0.021099 -0.036335
v 0.037709 0.021222 0.039840
v 0.037709 0.021222 0.039840
v 0.037709 0.021222 0.039840
v 0.037709 0.021222 0.039840
v 0.037709 0.021222 0.039840
v 0.037709 0.021222 0.039840
v 0.037709 0.021222 0.039840
v 0.037718 0.017931 0.038400
v 0.037718 0.017931 0.038400
v 0.037718 0.017931 0.038400
v 0.037718 0.017931 0.038400
v 0.037718 0.017931 0.038400
v 0.037718 0.017931 0.038400
v 0.037727 0.022369 0.036852
v 0.037727 0.022369 0.036852
v 0.037727 0.022369 0.036852
v 0.037727 0.022369 0.036852
v 0.037727 0.022369 0.036852
v 0.037727 0.022369 0.036852
v 0.037727 0.022369 0.036852
v 0.037741 0.025202 0.035473
v 0.037741 0.025202 0.035473
v 0.037741 0.025202 0.035473
v 0.037741 0.025202 0.035473
v 0.037741 0.025202 0.035473
v 0.037749 0.018090 0.036659
v 0.037749 0.018090 0.036659
v 0.037749 0.018090 0.036659
v 0.037749 0.018090 0.036659
v 0.037749 0.018090 0.036659
v 0.037751 0.020680 0.040991
v 0.037751 0.020680 0.040991
v 0.037751 0.020680 0.040991
v 0.037751 0.020680 0.040991
v 0.037751 0.020680 0.040991
v 0.037751 0.020680 0.040991
v 0.037751 0.020680 0.040991
v 0.037753 0.018041 0.038837
v 0.037753 0.018041 0.038837
v 0.037753 0.018041 0.038837
v 0.037753 0.018041 0.038837
v 0.037753 0.018041 0.038837
v 0.037753 0.018041 0.038837
v 0.037764 0.019404 0.040377
v 0.037764 0.019404 0.040377
v 0.037764 0.019404 0.040377
v 0.037764 0.019404 0.040377
v 0.037764 0.019404 0.040377
v 0.037764 0.019404 0.040377
v 0.037764 0.019404 0.040377
v 0.037764 0.021522 0.034625
v 0.037764 0.021522 0.034625
v 0.037764 0.021522 0.034625
v 0.037764 0.021522 0.034625
v 0.037764 0.021522 0.034625
v 0.037764 0.021522 0.034625
v 0.037801 0.021662 -0.035522
v 0.037801 0.021662 -0.035522
v 0.037801 0.021662 -0.035522
v 0.037801 0.021662 -0.035522
v 0.037801 0.021662 -0.035522
v 0.037801 0.021662 -0.035522
v 0.037801 0.021662 -0.035522
v 0.037808 0.025203 0.034024
v 0.037808 0.025203 0.034024
v 0.037808 0.025203 0.034024
v 0.037808 0.025203 0.034024
v 0.037808 0.025203 0.034024
v 0.037808 0.025203 0.034024
v 0.037811 0.021821 0.038845
v 0.037811 0.021821 0.038845
v 0.037811 0.021821 0.038845
v 0.037811 0.021821 0.038845
v 0.037811 0.021821 0.038845
v 0.037811 0.021821 0.038845
v 0.037814 0.024692 -0.036052
v 0.037814 0.024692 -0.036052
v 0.037814 0.024692 -0.036052
v 0.037814 0.024692 -0.036052
v 0.037814 0.024692 -0.036052
v 0.037823 0.020535 -0.039932
v 0.037823 0.020535 -0.039932
v 0.037823 0.020535 -0.039932
v 0.037823 0.020535 -0.039932
v 0.037823 0.020535 -0.039932
v 0.037823 0.020535 -0.039932
v 0.037841 0.021550 0.040543
v 0.037841 0.021550 0.040543
v 0.037841 0.021550 0.040543
v 0.037841 0.021550 0.040543
v 0.037841 0.021550 0.040543
v 0.037841 0.021550 0.040543
v 0.037854 0.025203 0.034845
v 0.037854 0.025203 0.034845
v 0.037854 0.025203 0.034845
v 0.037854 0.025203 0.034845
v 0.037854 0.025203 0.034845
v 0.037854 0.025203 0.034845
v 0.037855 0.018906 0.040168
v 0.037855 0.018906 0.040168
v 0.037855 0.018906 0.040168
v 0.037855 0.018906 0.040168
v 0.037855 0.018906 0.040168
v 0.037864 0.022138 -0.035183
v 0.037864 0.022138 -0.035183
v 0.037864 0.022138 -0.035183
v 0.037864 0.022138 -0.035183
v 0.037864 0.022138 -0.035183
v 0.037875 0.019652 0.041160
v 0.037875 0.019652 0.041160
v 0.037875 0.019652 0.041160
v 0.037875 0.019652 0.041160
v 0.037875 0.019652 0.041160
v 0.037875 0.019652 0.041160
v 0.037875 0.019652 0.041160
v 0.037883 0.022088 0.035255
v 0.037883 0.022088 0.035255
v 0.037883 0.022088 0.035255
v 0.037883 0.022088 0.035255
v 0.037883 0.022088 0.035255
v 0.037886 0.018860 0.035533
v 0.037886 0.018860 0.035533
v 0.037886 0.018860 0.035533
v 0.037886 0.018860 0.035533
v 0.037886 0.018860 0.035533
v 0.037886 0.018860 0.035533
v 0.037902 0.024162 -0.035366
v 0.037902 0.024162 -0.035366
v 0.037902 0.024162 -0.035366
v 0.037902 0.024162 -0.035366
v 0.037902 0.024162 -0.035366
v 0.037909 0.021626 0.039465
v 0.037909 0.021626 0.039465
v 0.037909 0.021626 0.039465
v 0.037909 0.021626 0.039465
v 0.037909 0.021626 0.039465
v 0.037921 0.026516 -0.037408
v 0.037921 0.026516 -0.037408
v 0.037921 0.026516 -0.037408
v 0.037921 0.026516 -0.037408
v 0.037921 0.026516 -0.037408
v 0.037921 0.026516 -0.037408
v 0.037925 -0.102043 -0.030154
v 0.037925 -0.102043 -0.030154
v 0.037925 -0.102043 -0.030154
v 0.037925 -0.102043 -0.030154
v 0.037925 -0.102043 -0.030154
v 0.037925 -0.102043 -0.030154
v 0.037930 0.022281 0.036500
v 0.037930 0.022281 0.036500
v 0.037930 0.022281 0.036500
v 0.037930 0.022281 0.036500
v 0.037930 0.022281 0.036500
v 0.037933 0.022085 0.037899
v 0.037933 0.022085 0.037899
v 0.037933 0.022085 0.037899
v 0.037933 0.022085 0.037899
v 0.037933 0.022085 0.037899
v 0.037933 0.022085 0.037899
v 0.037933 0.022085 0.037899
v 0.037935 0.025779 -0.036666
v 0.037935 0.025779 -0.036666
v 0.037935 0.025779 -0.036666
v 0.037935 0.025779 -0.036666
v 0.037954 0.021779 0.035075
v 0.037954 0.021779 0.035075
v 0.037954 0.021779 0.035075
v 0.037954 0.021779 0.035075
v 0.037954 0.021779 0.035075
v 0.037954 0.021779 0.035075
v 0.037954 0.021779 0.035075
v 0.037955 0.017850 0.038004
v 0.037955 0.017850 0.038004
v 0.037955 0.017850 0.038004
v 0.037955 0.017850 0.038004
v 0.037955 0.017850 0.038004
v 0.037960 0.022237 0.036028
v 0.037960 0.022237 0.036028
v 0.037960 0.022237 0.036028
v 0.037960 0.022237 0.036028
v 0.037960 0.022237 0.036028
v 0.037978 0.020986 0.034775
v 0.037978 0.020986 0.034775
v 0.037978 0.020986 0.034775
v 0.037978 0.020986 0.034775
v 0.037978 0.020986 0.034775
v 0.037978 0.020986 0.034775
v 0.037978 0.020986 0.034775
v 0.037987 0.018428 0.039779
v 0.037987 0.018428 0.039779
v 0.037987 0.018428 0.039779
v 0.037987 0.018428 0.039779
v 0.037987 0.018428 0.039779
v 0.037987 0.018428 0.039779
v 0.037987 0.020970 -0.037035
v 0.037987 0.020970 -0.037035
v 0.037987 0.020970 -0.037035
v 0.037987 0.020970 -0.037035
v 0.037987 0.020970 -0.037035
v 0.037987 0.020970 -0.037035
v 0.037997 0.021958 0.038506
v 0.037997 0.021958 0.038506
v 0.037997 0.021958 0.038506
v 0.037997 0.021958 0.038506
v 0.037997 0.021958 0.038506
v 0.037997 0.021958 0.038506
v 0.038033 0.022128 0.037572
v 0.038033 0.022128 0.037572
v 0.038033 0.022128 0.037572
v 0.038033 0.022128 0.037572
v 0.038068 0.022155 0.037202
v 0.038068 0.022155 0.037202
v 0.038068 0.022155 0.037202
v 0.038068 0.022155 0.037202
v 0.038068 0.022155 0.037202
v 0.038068 0.022155 0.037202
v 0.038070 0.022041 0.035745
v 0.038070 0.022041 0.035745
v 0.038070 0.022041 0.035745
v 0.038070 0.022041 0.035745
v 0.038070 0.022041 0.035745
v 0.038070 0.022041 0.035745
v 0.038070 0.022041 0.035745
v 0.038084 0.018382 0.040775
v 0.038084 0.018382 0.040775
v 0.038084 0.018382 0.040775
v 0.038084 0.018382 0.040775
v 0.038084 0.018382 0.040775
v 0.038084 0.018382 0.040775
v 0.038084 0.018382 0.040775
v 0.038103 0.022093 0.040061
v 0.038103 0.022093 0.040061
v 0.038103 0.022093 0.040061
v 0.038103 0.022093 0.040061
v 0.038103 0.022093 0.040061
v 0.038103 0.022093 0.040061
v 0.038128 0.024421 -0.035973
v 0.038128 0.024421 -0.035973
v 0.038128 0.024421 -0.035973
v 0.038128 0.024421 -0.035973
v 0.038131 0.020932 -0.038002
v 0.038131 0.020932 -0.038002
v 0.038131 0.020932 -0.038002
v 0.038131 0.020932 -0.038002
v 0.038131 0.020932 -0.038002
v 0.038131 0.020932 -0.038002
v 0.038131 0.020932 -0.038002
v 0.038131 0.020932 -0.038002
v 0.038147 0.023420 -0.035220
v 0.038147 0.023420 -0.035220
v 0.038147 0.023420 -0.035220
v 0.038147 0.023420 -0.035220
v 0.038147 0.023420 -0.035220
v 0.038147 0.023420 -0.035220
v 0.038160 0.021877 0.039086
v 0.038160 0.021877 0.039086
v 0.038160 0.021877 0.039086
v 0.038160 0.021877 0.039086
v 0.038160 0.021877 0.039086
v 0.038160 0.021877 0.039086
v 0.038161 0.021470 -0.036068
v 0.038161 0.021470 -0.036068
v 0.038161 0.021470 -0.036068
v 0.038161 0.021470 -0.036068
v 0.038170 0.018087 0.039331
v 0.038170 0.018087 0.039331
v 0.038170 0.018087 0.039331
v 0.038170 0.018087 0.039331
v 0.038170 0.018087 0.039331
v 0.038170 0.018087 0.039331
v 0.038178 0.025414 -0.036366
v 0.038178 0.025414 -0.036366
v 0.038178 0.025414 -0.036366
v 0.038178 0.025414 -0.036366
v 0.038178 0.025414 -0.036366
v 0.038178 0.025414 -0.036366
v 0.038185 0.019853 0.035079
v 0.038185 0.019853 0.035079
v 0.038185 0.019853 0.035079
v 0.038185 0.019853 0.035079
v 0.038185 0.019853 0.035079
v 0.038185 0.019853 0.035079
v 0.038185 0.022110 0.036853
v 0.038185 0.022110 0.036853
v 0.038185 0.022110 0.036853
v 0.038185 0.022110 0.036853
v 0.038185 0.022110 0.036853
v 0.038185 0.022110 0.036853
v 0.038197 0.022709 -0.035251
v 0.038197 0.022709 -0.035251
v 0.038197 0.022709 -0.035251
v 0.038197 0.022709 -0.035251
v 0.038197 0.022709 -0.035251
v 0.038197 0.022709 -0.035251
v 0.038250 0.023753 -0.035476
v 0.038250 0.023753 -0.035476
v 0.038250 0.023753 -0.035476
v 0.038250 0.023753 -0.035476
v 0.038250 0.023753 -0.035476
v 0.038250 0.023753 -0.035476
v 0.038250 0.023753 -0.035476
v 0.038271 0.022001 0.036368
v 0.038271 0.022001 0.036368
v 0.038271 0.022001 0.036368
v 0.038271 0.022001 0.036368
v 0.038271 0.022001 0.036368
v 0.038271 0.022001 0.036368
v 0.038271 0.022001 0.036368
v 0.038300 0.020328 0.035081
v 0.038300 0.020328 0.035081
v 0.038300 0.020328 0.035081
v 0.038300 0.020328 0.035081
v 0.038300 0.020328 0.035081
v 0.038300 0.020328 0.035081
v 0.038300 0.020328 0.035081
v 0.038300 0.020328 0.035081
v 0.038316 0.018141 0.036745
v 0.038316 0.018141 0.036745
v 0.038316 0.018141 0.036745
v 0.038316 0.018141 0.036745
v 0.038316 0.018141 0.036745
v 0.038322 0.018300 0.036445
v 0.038322 0.018300 0.036445
v 0.038322 0.018300 0.036445
v 0.038322 0.018300 0.036445
v 0.038322 0.018300 0.036445
v 0.038322 0.018300 0.036445
v 0.038332 0.017590 0.040082
v 0.038332 0.017590 0.040082
v 0.038332 0.017590 0.040082
v 0.038332 0.017590 0.040082
v 0.038332 0.017590 0.040082
v 0.038332 0.017590 0.040082
v 0.038361 0.026374 -0.037026
v 0.038361 0.026374 -0.037026
v 0.038361 0.026374 -0.037026
v 0.038361 0.026374 -0.037026
v 0.038361 0.026374 -0.037026
v 0.038362 0.017924 0.038973
v 0.038362 0.017924 0.038973
v 0.038362 0.017924 0.038973
v 0.038362 0.017924 0.038973
v 0.038362 0.017924 0.038973
v 0.038362 0.017924 0.038973
v 0.038370 0.021624 0.035728
v 0.038370 0.021624 0.035728
v 0.038370 0.021624 0.035728
v 0.038370 0.021624 0.035728
v 0.038370 0.021624 0.035728
v 0.038370 0.021624 0.035728
v 0.038379 0.018704 0.035957
v 0.038379 0.018704 0.035957
v 0.038379 0.018704 0.035957
v 0.038379 0.018704 0.035957
v 0.038379 0.018704 0.035957
v 0.038385 0.019126 0.035599
v 0.038385 0.019126 0.035599
v 0.038385 0.019126 0.035599
v 0.038385 0.019126 0.035599
v 0.038385 0.019126 0.035599
v 0.038385 0.019126 0.035599
v 0.038390 0.022023 0.038322
v 0.038390 0.022023 0.038322
v 0.038390 0.022023 0.038322
v 0.038390 0.022023 0.038322
v 0.038390 0.022023 0.038322
v 0.038395 0.022401 -0.035528
v 0.038395 0.022401 -0.035528
v 0.038395 0.022401 -0.035528
v 0.038395 0.022401 -0.035528
v 0.038395 0.022401 -0.035528
v 0.038401 0.024137 -0.035932
v 0.038401 0.024137 -0.035932
v 0.038401 0.024137 -0.035932
v 0.038401 0.024137 -0.035932
v 0.038401 0.024137 -0.035932
v 0.038401 0.024137 -0.035932
v 0.038401 0.024137 -0.035932
v 0.038438 0.022027 0.037868
v 0.038438 0.022027 0.037868
v 0.038438 0.022027 0.037868
v 0.038438 0.022027 0.037868
v 0.038438 0.022027 0.037868
v 0.038438 0.022027 0.037868
v 0.038438 0.022027 0.037868
v 0.038441 0.017935 0.037350
v 0.038441 0.017935 0.037350
v 0.038441 0.017935 0.037350
v 0.038441 0.017935 0.037350
v 0.038441 0.017935 0.037350
v 0.038441 0.017935 0.037350
v 0.038459 0.022059 -0.035766
v 0.038459 0.022059 -0.035766
v 0.038459 0.022059 -0.035766
v 0.038459 0.022059 -0.035766
v 0.038459 0.022059 -0.035766
v 0.038459 0.022059 -0.035766
v 0.038472 0.019536 0.035430
v 0.038472 0.019536 0.035430
v 0.038472 0.019536 0.035430
v 0.038472 0.019536 0.035430
v 0.038472 0.019536 0.035430
v 0.038472 0.022449 0.039547
v 0.038472 0.022449 0.039547
v 0.038472 0.022449 0.039547
v 0.038472 0.022449 0.039547
v 0.038472 0.022449 0.039547
v 0.038487 0.025115 -0.036187
v 0.038487 0.025115 -0.036187
v 0.038487 0.025115 -0.036187
v 0.038487 0.025115 -0.036187
v 0.038487 0.025115 -0.036187
v 0.038492 0.021336 -0.036611
v 0.038492 0.021336 -0.036611
v 0.038492 0.021336 -0.036611
v 0.038492 0.021336 -0.036611
v 0.038492 0.021336 -0.036611
v 0.038492 0.021336 -0.036611
v 0.038505 0.022000 0.037491
v 0.038505 0.022000 0.037491
v 0.038505 0.022000 0.037491
v 0.038505 0.022000 0.037491
v 0.038505 0.022000 0.037491
v 0.038510 0.021011 0.035432
v 0.038510 0.021011 0.035432
v 0.038510 0.021011 0.035432
v 0.038510 0.021011 0.035432
v 0.038510 0.021011 0.035432
v 0.038510 0.021011 0.035432
v 0.038515 0.017848 0.037781
v 0.038515 0.017848 0.037781
v 0.038515 0.017848 0.037781
v 0.038515 0.017848 0.037781
v 0.038515 0.017848 0.037781
v 0.038515 0.017848 0.037781
v 0.038521 0.021044 -0.037559
v 0.038521 0.021044 -0.037559
v 0.038521 0.021044 -0.037559
v 0.038521 0.021044 -0.037559
v 0.038524 0.022023 0.038641
v 0.038524 0.022023 0.038641
v 0.038524 0.022023 0.038641
v 0.038524 0.022023 0.038641
v 0.038524 0.022023 0.038641
v 0.038524 0.022023 0.038641
v 0.038537 0.017296 0.039642
v 0.038537 0.017296 0.039642
v 0.038537 0.017296 0.039642
v 0.038537 0.017296 0.039642
v 0.038537 0.017296 0.039642
v 0.038546 0.021674 0.036178
v 0.038546 0.021674 0.036178
v 0.038546 0.021674 0.036178
v 0.038546 0.021674 0.036178
v 0.038546 0.021674 0.036178
v 0.038584 0.023912 -0.035926
v 0.038584 0.023912 -0.035926
v 0.038584 0.023912 -0.035926
v 0.038584 0.023912 -0.035926
v 0.038584 0.023912 -0.035926
v 0.038597 0.026254 -0.036837
v 0.038597 0.026254 -0.036837
v 0.038597 0.026254 -0.036837
v 0.038597 0.026254 -0.036837
v 0.038597 0.026254 -0.036837
v 0.038597 0.026254 -0.036837
v 0.038600 0.020219 -0.039284
v 0.038600 0.020219 -0.039284
v 0.038600 0.020219 -0.039284
v 0.038600 0.020219 -0.039284
v 0.038600 0.020219 -0.039284
v 0.038600 0.020219 -0.039284
v 0.038642 0.017826 0.038589
v 0.038642 0.017826 0.038589
v 0.038642 0.017826 0.038589
v 0.038642 0.017826 0.038589
v 0.038642 0.017826 0.038589
v 0.038642 0.017826 0.038589
v 0.038642 0.017826 0.038589
v 0.038666 0.021886 0.037122
v 0.038666 0.021886 0.037122
v 0.038666 0.021886 0.037122
v 0.038666 0.021886 0.037122
v 0.038666 0.021886 0.037122
v 0.038666 0.021886 0.037122
v 0.038668 0.021670 -0.036321
v 0.038668 0.021670 -0.036321
v 0.038668 0.021670 -0.036321
v 0.038668 0.021670 -0.036321
v 0.038668 0.021670 -0.036321
v 0.038668 0.021670 -0.036321
v 0.038681 0.021162 0.035770
v 0.038681 0.021162 0.035770
v 0.038681 0.021162 0.035770
v 0.038681 0.021162 0.035770
v 0.038681 0.021162 0.035770
v 0.038681 0.021162 0.035770
v 0.038746 0.017138 0.039288
v 0.038746 0.017138 0.039288
v 0.038746 0.017138 0.039288
v 0.038746 0.017138 0.039288
v 0.038746 0.017138 0.039288
v 0.038749 0.021208 -0.037254
v 0.038749 0.021208 -0.037254
v 0.038749 0.021208 -0.037254
v 0.038749 0.021208 -0.037254
v 0.038749 0.021208 -0.037254
v 0.038749 0.021208 -0.037254
v 0.038749 0.021208 -0.037254
v 0.038824 0.023506 -0.035947
v 0.038824 0.023506 -0.035947
v 0.038824 0.023506 -0.035947
v 0.038824 0.023506 -0.035947
v 0.038824 0.023506 -0.035947
v 0.038824 0.023506 -0.035947
v 0.038824 0.023506 -0.035947
v 0.038829 0.021655 0.036685
v 0.038829 0.021655 0.036685
v 0.038829 0.021655 0.036685
v 0.038829 0.021655 0.036685
v 0.038829 0.021655 0.036685
v 0.038829 0.021655 0.036685
v 0.038906 0.022605 0.039050
v 0.038906 0.022605 0.039050
v 0.038906 0.022605 0.039050
v 0.038906 0.022605 0.039050
v 0.038906 0.022605 0.039050
v 0.038906 0.022605 0.039050
v 0.038925 0.024742 -0.036046
v 0.038925 0.024742 -0.036046
v 0.038925 0.024742 -0.036046
v 0.038925 0.024742 -0.036046
v 0.038925 0.024742 -0.036046
v 0.038925 0.024742 -0.036046
v 0.038927 0.020685 0.035805
v 0.038927 0.020685 0.035805
v 0.038927 0.020685 0.035805
v 0.038927 0.020685 0.035805
v 0.038927 0.020685 0.035805
v 0.038935 0.021325 0.036311
v 0.038935 0.021325 0.036311
v 0.038935 0.021325 0.036311
v 0.038935 0.021325 0.036311
v 0.038935 0.021325 0.036311
v 0.038949 0.022012 0.038218
v 0.038949 0.022012 0.038218
v 0.038949 0.022012 0.038218
v 0.038949 0.022012 0.038218
v 0.038949 0.022012 0.038218
v 0.038949 0.022012 0.038218
v 0.038949 0.022012 0.038218
v 0.038949 0.022012 0.038218
v 0.038951 0.018424 0.036688
v 0.038951 0.018424 0.036688
v 0.038951 0.018424 0.036688
v 0.038951 0.018424 0.036688
v 0.038951 0.018424 0.036688
v 0.038951 0.018424 0.036688
v 0.038959 0.021505 -0.036893
v 0.038959 0.021505 -0.036893
v 0.038959 0.021505 -0.036893
v 0.038959 0.021505 -0.036893
v 0.038959 0.021505 -0.036893
v 0.038959 0.021505 -0.036893
v 0.038966 0.021880 0.037589
v 0.038966 0.021880 0.037589
v 0.038966 0.021880 0.037589
v 0.038966 0.021880 0.037589
v 0.038966 0.021880 0.037589
v 0.038966 0.021880 0.037589
v 0.038985 0.025984 -0.036560
v 0.038985 0.025984 -0.036560
v 0.038985 0.025984 -0.036560
v 0.038985 0.025984 -0.036560
v 0.039021 0.023010 -0.036046
v 0.039021 0.023010 -0.036046
v 0.039021 0.023010 -0.036046
v 0.039021 0.023010 -0.036046
v 0.039021 0.023010 -0.036046
v 0.039021 0.023010 -0.036046
v 0.039035 0.017866 0.038235
v 0.039035 0.017866 0.038235
v 0.039035 0.017866 0.038235
v 0.039035 0.017866 0.038235
v 0.039035 0.017866 0.038235
v 0.039068 0.017057 0.038883
v 0.039068 0.017057 0.038883
v 0.039068 0.017057 0.038883
v 0.039068 0.017057 0.038883
v 0.039068 0.017057 0.038883
v 0.039068 0.017057 0.038883
v 0.039072 0.018731 0.036431
v 0.039072 0.018731 0.036431
v 0.039072 0.018731 0.036431
v 0.039072 0.018731 0.036431
v 0.039072 0.018731 0.036431
v 0.039072 0.018731 0.036431
v 0.039096 0.018103 0.037357
v 0.039096 0.018103 0.037357
v 0.039096 0.018103 0.037357
v 0.039096 0.018103 0.037357
v 0.039096 0.018103 0.037357
v 0.039096 0.018103 0.037357
v 0.039105 0.021934 -0.036539
v 0.039105 0.021934 -0.036539
v 0.039105 0.021934 -0.036539
v 0.039105 0.021934 -0.036539
v 0.039105 0.021934 -0.036539
v 0.039105 0.021934 -0.036539
v 0.039119 0.020196 -0.038774
v 0.039119 0.020196 -0.038774
v 0.039119 0.020196 -0.038774
v 0.039119 0.020196 -0.038774
v 0.039124 0.022513 -0.036219
v 0.039124 0.022513 -0.036219
v 0.039124 0.022513 -0.036219
v 0.039124 0.022513 -0.036219
v 0.039124 0.022513 -0.036219
v 0.039124 0.022513 -0.036219
v 0.039124 0.022513 -0.036219
v 0.039187 0.020359 0.036004
v 0.039187 0.020359 0.036004
v 0.039187 0.020359 0.036004
v 0.039187 0.020359 0.036004
v 0.039187 0.020359 0.036004
v 0.039223 0.019074 0.036295
v 0.039223 0.019074 0.036295
v 0.039223 0.019074 0.036295
v 0.039223 0.019074 0.036295
v 0.039223 0.019074 0.036295
v 0.039293 0.021623 0.037296
v 0.039293 0.021623 0.037296
v 0.039293 0.021623 0.037296
v 0.039293 0.021623 0.037296
v 0.039293 0.021623 0.037296
v 0.039293 0.021623 0.037296
v 0.039293 0.021623 0.037296
v 0.039312 0.021880 0.037928
v 0.039312 0.021880 0.037928
v 0.039312 0.021880 0.037928
v 0.039312 0.021880 0.037928
v 0.039312 0.021880 0.037928
v 0.039333 0.021318 0.036822
v 0.039333 0.021318 0.036822
v 0.039333 0.021318 0.036822
v 0.039333 0.021318 0.036822
v 0.039333 0.021318 0.036822
v 0.039333 0.021318 0.036822
v 0.039333 0.021318 0.036822
v 0.039368 0.020971 0.036511
v 0.039368 0.020971 0.036511
v 0.039368 0.020971 0.036511
v 0.039368 0.020971 0.036511
v 0.039368 0.020971 0.036511
v 0.039368 0.020971 0.036511
v 0.039369 0.022596 0.038590
v 0.039369 0.022596 0.038590
v 0.039369 0.022596 0.038590
v 0.039369 0.022596 0.038590
v 0.039369 0.022596 0.038590
v 0.039378 0.025626 -0.036312
v 0.039378 0.025626 -0.036312
v 0.039378 0.025626 -0.036312
v 0.039378 0.025626 -0.036312
v 0.039378 0.025626 -0.036312
v 0.039378 0.025626 -0.036312
v 0.039408 0.019422 0.036287
v 0.039408 0.019422 0.036287
v 0.039408 0.019422 0.036287
v 0.039408 0.019422 0.036287
v 0.039408 0.019422 0.036287
v 0.039408 0.019422 0.036287
v 0.039408 0.019422 0.036287
v 0.039429 -0.100480 -0.029521
v 0.039429 -0.100480 -0.029521
v 0.039429 -0.100480 -0.029521
v 0.039429 -0.100480 -0.029521
v 0.039429 -0.100480 -0.029521
v 0.039429 -0.100480 -0.029521
v 0.039462 0.018020 0.037980
v 0.039462 0.018020 0.037980
v 0.039462 0.018020 0.037980
v 0.039462 0.018020 0.037980
v 0.039462 0.018020 0.037980
v 0.039462 0.018020 0.037980
v 0.039462 0.018020 0.037980
v 0.039462 0.018020 0.037980
v 0.039489 0.018659 0.036868
v 0.039489 0.018659 0.036868
v 0.039489 0.018659 0.036868
v 0.039489 0.018659 0.036868
v 0.039489 0.018659 0.036868
v 0.039504 0.018334 0.037302
v 0.039504 0.018334 0.037302
v 0.039504 0.018334 0.037302
v 0.039504 0.018334 0.037302
v 0.039504 0.018334 0.037302
v 0.039504 0.018334 0.037302
v 0.039505 0.017128 0.038519
v 0.039505 0.017128 0.038519
v 0.039505 0.017128 0.038519
v 0.039505 0.017128 0.038519
v 0.039505 0.017128 0.038519
v 0.039505 0.017128 0.038519
v 0.039559 -0.101589 -0.031780
v 0.039559 -0.101589 -0.031780
v 0.039559 -0.101589 -0.031780
v 0.039559 -0.101589 -0.031780
v 0.039559 -0.101589 -0.031780
v 0.039559 -0.101589 -0.031780
v 0.039583 0.020321 -0.038259
v 0.039583 0.020321 -0.038259
v 0.039583 0.020321 -0.038259
v 0.039583 0.020321 -0.038259
v 0.039583 0.020321 -0.038259
v 0.039583 0.020321 -0.038259
v 0.039607 0.021314 0.037129
v 0.039607 0.021314 0.037129
v 0.039607 0.021314 0.037129
v 0.039607 0.021314 0.037129
v 0.039607 0.021314 0.037129
v 0.039615 0.020599 0.036544
v 0.039615 0.020599 0.036544
v 0.039615 0.020599 0.036544
v 0.039615 0.020599 0.036544
v 0.039615 0.020599 0.036544
v 0.039615 0.020599 0.036544
v 0.039627 0.021692 0.037713
v 0.039627 0.021692 0.037713
v 0.039627 0.021692 0.037713
v 0.039627 0.021692 0.037713
v 0.039627 0.021692 0.037713
v 0.039627 0.021692 0.037713
v 0.039725 0.019747 0.036513
v 0.039725 0.019747 0.036513
v 0.039725 0.019747 0.036513
v 0.039725 0.019747 0.036513
v 0.039725 0.019747 0.036513
v 0.039725 0.019747 0.036513
v 0.039872 0.018295 0.037799
v 0.039872 0.018295 0.037799
v 0.039872 0.018295 0.037799
v 0.039872 0.018295 0.037799
v 0.039872 0.018295 0.037799
v 0.039877 0.024985 -0.036073
v 0.039877 0.024985 -0.036073
v 0.039877 0.024985 -0.036073
v 0.039877 0.024985 -0.036073
v 0.039877 0.024985 -0.036073
v 0.039877 0.024985 -0.036073
v 0.039939 0.018959 0.037044
v 0.039939 0.018959 0.037044
v 0.039939 0.018959 0.037044
v 0.039939 0.018959 0.037044
v 0.039939 0.018959 0.037044
v 0.039939 0.018959 0.037044
v 0.039939 0.018959 0.037044
v 0.039950 0.021392 0.037528
v 0.039950 0.021392 0.037528
v 0.039950 0.021392 0.037528
v 0.039950 0.021392 0.037528
v 0.039950 0.021392 0.037528
v 0.039991 0.020915 0.037113
v 0.039991 0.020915 0.037113
v 0.039991 0.020915 0.037113
v 0.039991 0.020915 0.037113
v 0.039991 0.020915 0.037113
v 0.039991 0.020915 0.037113
v 0.039991 0.020915 0.037113
v 0.040011 0.022329 0.038057
v 0.040011 0.022329 0.038057
v 0.040011 0.022329 0.038057
v 0.040011 0.022329 0.038057
v 0.040011 0.022329 0.038057
v 0.040011 0.022329 0.038057
v 0.040024 0.020177 0.036826
v 0.040024 0.020177 0.036826
v 0.040024 0.020177 0.036826
v 0.040024 0.020177 0.036826
v 0.040024 0.020177 0.036826
v 0.040024 0.020177 0.036826
v 0.040035 0.017374 0.038213
v 0.040035 0.017374 0.038213
v 0.040035 0.017374 0.038213
v 0.040035 0.017374 0.038213
v 0.040035 0.017374 0.038213
v 0.040177 0.020785 -0.037476
v 0.040177 0.020785 -0.037476
v 0.040177 0.020785 -0.037476
v 0.040177 0.020785 -0.037476
v 0.040177 0.020785 -0.037476
v 0.040198 0.024404 -0.035988
v 0.040198 0.024404 -0.035988
v 0.040198 0.024404 -0.035988
v 0.040198 0.024404 -0.035988
v 0.040198 0.024404 -0.035988
v 0.040213 0.019350 0.037105
v 0.040213 0.019350 0.037105
v 0.040213 0.019350 0.037105
v 0.040213 0.019350 0.037105
v 0.040225 0.021044 0.037421
v 0.040225 0.021044 0.037421
v 0.040225 0.021044 0.037421
v 0.040225 0.021044 0.037421
v 0.040225 0.021044 0.037421
v 0.040257 0.018672 0.037661
v 0.040257 0.018672 0.037661
v 0.040257 0.018672 0.037661
v 0.040257 0.018672 0.037661
v 0.040257 0.018672 0.037661
v 0.040257 0.018672 0.037661
v 0.040257 0.018672 0.037661
v 0.040257 0.018672 0.037661
v 0.040391 0.023918 -0.035992
v 0.040391 0.023918 -0.035992
v 0.040391 0.023918 -0.035992
v 0.040391 0.023918 -0.035992
v 0.040462 0.020590 0.037370
v 0.040462 0.020590 0.037370
v 0.040462 0.020590 0.037370
v 0.040462 0.020590 0.037370
v 0.040462 0.020590 0.037370
v 0.040462 0.020590 0.037370
v 0.040462 0.020590 0.037370
v 0.040526 0.017770 0.038009
v 0.040526 0.017770 0.038009
v 0.040526 0.017770 0.038009
v 0.040526 0.017770 0.038009
v 0.040526 0.017770 0.038009
v 0.040529 0.021510 -0.036831
v 0.040529 0.021510 -0.036831
v 0.040529 0.021510 -0.036831
v 0.040529 0.021510 -0.036831
v 0.040529 0.021510 -0.036831
v 0.040578 0.023249 -0.036076
v 0.040578 0.023249 -0.036076
v 0.040578 0.023249 -0.036076
v 0.040578 0.023249 -0.036076
v 0.040578 0.023249 -0.036076
v 0.040578 0.023249 -0.036076
v 0.040615 0.021776 0.037677
v 0.040615 0.021776 0.037677
v 0.040615 0.021776 0.037677
v 0.040615 0.021776 0.037677
v 0.040615 0.021776 0.037677
v 0.040615 0.021776 0.037677
v 0.040617 0.019383 0.037520
v 0.040617 0.019383 0.037520
v 0.040617 0.019383 0.037520
v 0.040617 0.019383 0.037520
v 0.040617 0.019383 0.037520
v 0.040617 0.019383 0.037520
v 0.040617 0.019383 0.037520
v 0.040660 0.019987 0.037435
v 0.040660 0.019987 0.037435
v 0.040660 0.019987 0.037435
v 0.040660 0.019987 0.037435
v 0.040660 0.019987 0.037435
v 0.040660 0.019987 0.037435
v 0.040661 0.022293 -0.036381
v 0.040661 0.022293 -0.036381
v 0.040661 0.022293 -0.036381
v 0.040661 0.022293 -0.036381
v 0.040661 0.022293 -0.036381
v 0.040661 0.022293 -0.036381
v 0.040934 0.018270 0.037867
v 0.040934 0.018270 0.037867
v 0.040934 0.018270 0.037867
v 0.040934 0.018270 0.037867
v 0.040934 0.018270 0.037867
v 0.040985 -0.099760 -0.031078
v 0.040985 -0.099760 -0.031078
v 0.040985 -0.099760 -0.031078
v 0.040985 -0.099760 -0.031078
v 0.040985 -0.099760 -0.031078
v 0.041015 -0.100634 -0.033236
v 0.041015 -0.100634 -0.033236
v 0.041015 -0.100634 -0.033236
v 0.041015 -0.100634 -0.033236
v 0.041015 -0.100634 -0.033236
v 0.041015 -0.100634 -0.033236
v 0.041026 0.021159 0.037516
v 0.041026 0.021159 0.037516
v 0.041026 0.021159 0.037516
v 0.041026 0.021159 0.037516
v 0.041026 0.021159 0.037516
v 0.041026 0.021159 0.037516
v 0.041170 0.015446 0.033226
v 0.041170 0.015446 0.033226
v 0.041170 0.015446 0.033226
v 0.041170 0.015446 0.033226
v 0.041170 0.015446 0.033226
v 0.041170 0.015446 0.033226
v 0.041170 0.015446 0.033226
v 0.041170 0.015446 0.033226
v 0.041170 0.015446 0.033226
v 0.041189 0.028320 -0.033409
v 0.041189 0.028320 -0.033409
v 0.041189 0.028320 -0.033409
v 0.041189 0.028320 -0.033409
v 0.041189 0.028320 -0.033409
v 0.041189 0.028320 -0.033409
v 0.041189 0.028320 -0.033409
v 0.041189 0.028320 -0.033409
v 0.041189 0.028320 -0.033409
v 0.041189 0.028320 -0.033409
v 0.041189 0.028320 -0.033409
v 0.041189 0.028320 -0.033409
v 0.041189 0.028320 -0.033409
v 0.041189 0.028320 -0.033409
v 0.041189 0.028320 -0.033409
v 0.041189 0.028320 -0.033409
v 0.041189 0.028320 -0.033409
v 0.041189 0.028320 -0.033409
v 0.041189 0.028320 -0.033409
v 0.041189 0.028320 -0.033409
v 0.041189 0.028320 -0.033409
v 0.041189 0.028320 -0.033409
v 0.041189 0.028320 -0.033409
v 0.041189 0.028320 -0.033409
v 0.041189 0.028320 -0.033409
v 0.041189 0.028320 -0.033409
v 0.041189 0.028320 -0.033409
v 0.041189 0.028320 -0.033409
v 0.041189 0.028320 -0.033409
v 0.041189 0.028320 -0.033409
v 0.041189 0.028320 -0.033409
v 0.041189 0.028320 -0.033409
v 0.041189 0.028320 -0.033409
v 0.041270 0.020579 0.037512
v 0.041270 0.020579 0.037512
v 0.041270 0.020579 0.037512
v 0.041270 0.020579 0.037512
v 0.041270 0.020579 0.037512
v 0.041286 0.019021 0.037723
v 0.041286 0.019021 0.037723
v 0.041286 0.019021 0.037723
v 0.041286 0.019021 0.037723
v 0.041286 0.019021 0.037723
v 0.041393 0.019893 0.037598
v 0.041393 0.019893 0.037598
v 0.041393 0.019893 0.037598
v 0.041393 0.019893 0.037598
v 0.041393 0.019893 0.037598
v 0.041393 0.019893 0.037598
v 0.041454 0.026820 -0.031546
v 0.041454 0.026820 -0.031546
v 0.041454 0.026820 -0.031546
v 0.041454 0.026820 -0.031546
v 0.041454 0.026820 -0.031546
v 0.041454 0.026820 -0.031546
v 0.042058 -0.099547 -0.034279
v 0.042058 -0.099547 -0.034279
v 0.042058 -0.099547 -0.034279
v 0.042058 -0.099547 -0.034279
v 0.042058 -0.099547 -0.034279
v 0.042157 0.015806 0.033703
v 0.042157 0.015806 0.033703
v 0.042157 0.015806 0.033703
v 0.042157 0.015806 0.033703
v 0.042278 -0.098625 -0.032370
v 0.042278 -0.098625 -0.032370
v 0.042278 -0.098625 -0.032370
v 0.042278 -0.098625 -0.032370
v 0.042278 -0.098625 -0.032370
v 0.042278 -0.098625 -0.032370
v 0.042393 0.025203 0.034509
v 0.042393 0.025203 0.034509
v 0.042393 0.025203 0.034509
v 0.042393 0.025203 0.034509
v 0.042393 0.025203 0.034509
v 0.042393 0.025203 0.034509
v 0.042393 0.025203 0.034509
v 0.042393 0.025203 0.034509
v 0.042393 0.025203 0.034509
v 0.042393 0.025203 0.034509
v 0.042393 0.025203 0.034509
v 0.042393 0.025203 0.034509
v 0.042946 -0.098213 -0.035167
v 0.042946 -0.098213 -0.035167
v 0.042946 -0.098213 -0.035167
v 0.042946 -0.098213 -0.035167
v 0.042946 -0.098213 -0.035167
v 0.042946 -0.098213 -0.035167
v 0.043074 0.016307 0.033912
v 0.043074 0.016307 0.033912
v 0.043074 0.016307 0.033912
v 0.043074 0.016307 0.033912
v 0.043074 0.016307 0.033912
v 0.043370 -0.096920 -0.033462
v 0.043370 -0.096920 -0.033462
v 0.043370 -0.096920 -0.033462
v 0.043370 -0.096920 -0.033462
v 0.043370 -0.096920 -0.033462
v 0.043758 0.023703 0.033753
v 0.043758 0.023703 0.033753
v 0.043758 0.023703 0.033753
v 0.043758 0.023703 0.033753
v 0.043758 0.023703 0.033753
v 0.043758 0.023703 0.033753
v 0.043758 0.023703 0.033753
v 0.043758 0.023703 0.033753
v 0.043758 0.023703 0.033753
v 0.043791 -0.096284 -0.036012
v 0.043791 -0.096284 -0.036012
v 0.043791 -0.096284 -0.036012
v 0.043791 -0.096284 -0.036012
v 0.043791 -0.096284 -0.036012
v 0.043791 -0.096284 -0.036012
v 0.043900 0.016906 0.033894
v 0.043900 0.016906 0.033894
v 0.043900 0.016906 0.033894
v 0.043900 0.016906 0.033894
v 0.043900 0.016906 0.033894
v 0.043900 0.016906 0.033894
v 0.043900 0.016906 0.033894
v 0.044121 -0.094880 -0.034213
v 0.044121 -0.094880 -0.034213
v 0.044121 -0.094880 -0.034213
v 0.044121 -0.094880 -0.034213
v 0.044121 -0.094880 -0.034213
v 0.044220 0.017593 0.034215
v 0.044220 0.017593 0.034215
v 0.044220 0.017593 0.034215
v 0.044220 0.017593 0.034215
v 0.044220 0.017593 0.034215
v 0.044220 0.017593 0.034215
v 0.044220 0.017593 0.034215
v 0.044238 0.013271 -0.036462
v 0.044238 0.013271 -0.036462
v 0.044238 0.013271 -0.036462
v 0.044238 0.013271 -0.036462
v 0.044238 0.013271 -0.036462
v 0.044238 0.013271 -0.036462
v 0.044238 0.013271 -0.036462
v 0.044238 0.013271 -0.036462
v 0.044238 0.013271 -0.036462
v 0.044238 0.013271 -0.036462
v 0.044238 0.013271 -0.036462
v 0.044290 -0.094128 -0.036511
v 0.044290 -0.094128 -0.036511
v 0.044290 -0.094128 -0.036511
v 0.044290 -0.094128 -0.036511
v 0.044290 -0.094128 -0.036511
v 0.044290 -0.094128 -0.036511
v 0.044401 0.012083 -0.034493
v 0.044401 0.012083 -0.034493
v 0.044401 0.012083 -0.034493
v 0.044401 0.012083 -0.034493
v 0.044401 0.012083 -0.034493
v 0.044401 0.012083 -0.034493
v 0.044401 0.012083 -0.034493
v 0.044401 0.012083 -0.034493
v 0.044417 0.011750 -0.036640
v 0.044417 0.011750 -0.036640
v 0.044417 0.011750 -0.036640
v 0.044417 0.011750 -0.036640
v 0.044417 0.011750 -0.036640
v 0.044417 0.011750 -0.036640
v 0.044421 -0.092805 -0.034514
v 0.044421 -0.092805 -0.034514
v 0.044421 -0.092805 -0.034514
v 0.044421 -0.092805 -0.034514
v 0.044421 -0.092805 -0.034514
v 0.044421 -0.092805 -0.034514
v 0.044427 -0.092597 -0.036646
v 0.044427 -0.092597 -0.036646
v 0.044427 -0.092597 -0.036646
v 0.044427 -0.092597 -0.036646
v 0.044427 -0.092597 -0.036646
v 0.044472 0.020155 0.034467
v 0.044472 0.020155 0.034467
v 0.044472 0.020155 0.034467
v 0.044472 0.020155 0.034467
v 0.044472 0.020155 0.034467
v 0.044472 0.020155 0.034467
v 0.044512 0.018918 0.034506
v 0.044512 0.018918 0.034506
v 0.044512 0.018918 0.034506
v 0.044512 0.018918 0.034506
v 0.044512 0.018918 0.034506
v 0.044512 0.018918 0.034506
vt 0.368481 0.505722
vt 0.373386 0.505395
vt 0.374694 0.497221
vt 0.374694 0.498202
vt 0.377311 0.486758
vt 0.377311 0.496240
vt 0.372732 0.505395
vt 0.373713 0.505722
vt 0.374887 0.518745
vt 0.375348 0.510953
vt 0.375677 0.518745
vt 0.377311 0.487412
vt 0.364229 0.484469
vt 0.364229 0.495586
vt 0.381203 0.529008
vt 0.392455 0.520920
vt 0.396075 0.519013
vt 0.397981 0.516645
vt 0.354091 0.513569
vt 0.355941 0.529470
vt 0.380741 0.529470
vt 0.393707 0.501973
vt 0.395613 0.518551
vt 0.364229 0.496240
vt 0.368808 0.491335
vt 0.369361 0.529797
vt 0.381203 0.529470
vt 0.382542 0.495589
vt 0.387391 0.503224
vt 0.393244 0.502435
vt 0.400349 0.488552
vt 0.353764 0.513896
vt 0.360305 0.496240
vt 0.369135 0.491009
vt 0.373386 0.500164
vt 0.375675 0.516512
vt 0.393244 0.501973
vt 0.400349 0.506382
vt 0.359098 0.517628
vt 0.360677 0.530260
vt 0.361005 0.529797
vt 0.364556 0.495913
vt 0.365864 0.490355
vt 0.368808 0.484796
vt 0.368808 0.486431
vt 0.373386 0.491335
vt 0.395613 0.520920
vt 0.396075 0.522961
vt 0.398443 0.516645
vt 0.400812 0.488552
vt 0.353764 0.513243
vt 0.355478 0.529008
vt 0.360632 0.495913
vt 0.363835 0.523944
vt 0.387391 0.490131
vt 0.368808 0.510300
vt 0.369688 0.518745
vt 0.373059 0.505722
vt 0.373636 0.518745
vt 0.374425 0.519207
vt 0.379273 0.501802
vt 0.379273 0.505073
vt 0.370478 0.518745
vt 0.373308 0.519207
vt 0.375675 0.502779
vt 0.377311 0.496567
vt 0.379600 0.504746
vt 0.379927 0.501802
vt 0.400022 0.519341
vt 0.353110 0.496240
vt 0.373386 0.498202
vt 0.373386 0.499510
vt 0.400812 0.506382
vt 0.353437 0.495913
vt 0.353437 0.513569
vt 0.355151 0.529008
vt 0.357689 0.514877
vt 0.360305 0.495586
vt 0.373713 0.499837
vt 0.386929 0.490593
vt 0.368154 0.505395
vt 0.374694 0.496567
vt 0.374694 0.500164
vt 0.374694 0.505068
vt 0.380581 0.494281
vt 0.399560 0.522171
vt 0.400022 0.508288
vt 0.400022 0.520130
vt 0.370940 0.518745
vt 0.375349 0.502453
vt 0.387718 0.508288
vt 0.393244 0.519341
vt 0.400022 0.504341
vt 0.353110 0.495586
vt 0.353110 0.513896
vt 0.372519 0.523944
vt 0.373713 0.497875
vt 0.382869 0.511613
vt 0.382869 0.512267
vt 0.353110 0.513243
vt 0.354362 0.529470
vt 0.357689 0.514223
vt 0.368808 0.494278
vt 0.382542 0.511941
vt 0.358343 0.506049
vt 0.360305 0.505395
vt 0.362267 0.506049
vt 0.363575 0.506049
vt 0.366191 0.505395
vt 0.367500 0.505395
vt 0.368808 0.508011
vt 0.374040 0.505395
vt 0.374694 0.499510
vt 0.374694 0.501144
vt 0.374694 0.501472
vt 0.378619 0.510300
vt 0.393707 0.516645
vt 0.393707 0.517435
vt 0.393834 0.529797
vt 0.399560 0.514277
vt 0.399560 0.520130
vt 0.400022 0.484605
vt 0.400022 0.522498
vt 0.353900 0.529008
vt 0.357034 0.514877
vt 0.368808 0.492316
vt 0.382216 0.512267
vt 0.382542 0.511286
vt 0.387718 0.507961
vt 0.372519 0.519207
vt 0.375675 0.503760
vt 0.375675 0.507684
vt 0.393707 0.519803
vt 0.400022 0.504803
vt 0.353764 0.496240
vt 0.371730 0.523944
vt 0.372519 0.523482
vt 0.382216 0.511613
vt 0.382869 0.510959
vt 0.387718 0.507499
vt 0.360677 0.529797
vt 0.364229 0.492644
vt 0.366993 0.523482
vt 0.385478 0.523482
vt 0.386929 0.503224
vt 0.400349 0.489014
vt 0.372078 0.504414
vt 0.374040 0.493625
vt 0.375677 0.519207
vt 0.377638 0.487085
vt 0.377638 0.495913
vt 0.399560 0.490593
vt 0.372405 0.504741
vt 0.374367 0.501799
vt 0.375021 0.497875
vt 0.377311 0.495586
vt 0.399560 0.497698
vt 0.357057 0.517166
vt 0.358997 0.496240
vt 0.359651 0.496240
vt 0.360215 0.529797
vt 0.360305 0.499510
vt 0.360959 0.495586
vt 0.362256 0.530260
vt 0.363046 0.530260
vt 0.364229 0.484796
vt 0.364229 0.488393
vt 0.364229 0.491335
vt 0.372078 0.494278
vt 0.372078 0.495259
vt 0.372078 0.496567
vt 0.372078 0.498202
vt 0.372846 0.529008
vt 0.373386 0.492316
vt 0.373386 0.493297
vt 0.377256 0.529008
vt 0.377965 0.516839
vt 0.378372 0.529008
vt 0.385940 0.523482
vt 0.387391 0.505593
vt 0.391466 0.523482
vt 0.392255 0.523482
vt 0.393244 0.494868
vt 0.393707 0.487435
vt 0.393707 0.488225
vt 0.393707 0.492172
vt 0.393707 0.493751
vt 0.396075 0.519803
vt 0.396075 0.521382
vt 0.396075 0.522171
vt 0.370770 0.510300
vt 0.374040 0.494278
vt 0.375215 0.519207
vt 0.375348 0.510300
vt 0.381203 0.529797
vt 0.387056 0.530260
vt 0.373713 0.507684
vt 0.374040 0.483815
vt 0.374694 0.497548
vt 0.375021 0.496894
vt 0.375021 0.504741
vt 0.399560 0.497236
vt 0.353572 0.529470
vt 0.354091 0.495913
vt 0.357034 0.514223
vt 0.388180 0.507961
vt 0.397981 0.528024
vt 0.370151 0.518745
vt 0.374040 0.489701
vt 0.374367 0.494932
vt 0.374887 0.519207
vt 0.375675 0.510627
vt 0.380741 0.529797
vt 0.370940 0.519207
vt 0.374694 0.490355
vt 0.374694 0.508011
vt 0.375349 0.485777
vt 0.375349 0.492316
vt 0.375349 0.493625
vt 0.375349 0.503434
vt 0.394951 0.529797
vt 0.399560 0.504341
vt 0.400022 0.519803
vt 0.400022 0.525656
vt 0.357689 0.487412
vt 0.361467 0.530260
vt 0.367782 0.527429
vt 0.386729 0.529008
vt 0.395613 0.521709
vt 0.396075 0.520920
vt 0.361467 0.529797
vt 0.366192 0.511281
vt 0.370116 0.485450
vt 0.384177 0.501802
vt 0.386267 0.529470
vt 0.396075 0.522498
vt 0.356380 0.508338
vt 0.374367 0.493951
vt 0.380908 0.491991
vt 0.387518 0.529797
vt 0.394034 0.499277
vt 0.400022 0.490131
vt 0.372078 0.505068
vt 0.372519 0.519997
vt 0.373636 0.525523
vt 0.374040 0.501472
vt 0.378619 0.509973
vt 0.383109 0.524733
vt 0.388508 0.501973
vt 0.394034 0.498815
vt 0.399560 0.490131
vt 0.367320 0.527429
vt 0.389097 0.525850
vt 0.395613 0.519341
vt 0.396075 0.521709
vt 0.374367 0.484142
vt 0.374694 0.504414
vt 0.379273 0.503110
vt 0.386729 0.529797
vt 0.396992 0.529797
vt 0.400022 0.521709
vt 0.357847 0.527102
vt 0.373386 0.507357
vt 0.374040 0.502125
vt 0.383899 0.518745
vt 0.388970 0.501973
vt 0.400022 0.497236
vt 0.356380 0.508992
vt 0.364229 0.508992
vt 0.371097 0.510627
vt 0.387518 0.530260
vt 0.364229 0.487739
vt 0.366846 0.511281
vt 0.368572 0.527429
vt 0.388635 0.525850
vt 0.390087 0.518224
vt 0.396075 0.519341
vt 0.373713 0.491009
vt 0.384504 0.501475
vt 0.387718 0.491383
vt 0.395613 0.522498
vt 0.370151 0.519207
vt 0.374040 0.490682
vt 0.374040 0.492316
vt 0.374040 0.494605
vt 0.374098 0.518745
vt 0.353110 0.507357
vt 0.355072 0.508011
vt 0.364556 0.508665
vt 0.370770 0.510953
vt 0.374367 0.490028
vt 0.381203 0.530260
vt 0.391466 0.524271
vt 0.373386 0.508011
vt 0.374040 0.484469
vt 0.379927 0.490029
vt 0.384361 0.518745
vt 0.396530 0.530260
vt 0.359098 0.517166
vt 0.373386 0.490682
vt 0.387718 0.490921
vt 0.390087 0.517435
vt 0.391466 0.525850
vt 0.361794 0.529797
vt 0.364556 0.488066
vt 0.370443 0.486104
vt 0.383197 0.490029
vt 0.387056 0.529470
vt 0.390549 0.517762
vt 0.366993 0.518418
vt 0.376657 0.503106
vt 0.376657 0.503434
vt 0.379273 0.490029
vt 0.379600 0.485778
vt 0.386267 0.529797
vt 0.396992 0.530260
vt 0.374040 0.486431
vt 0.374367 0.487085
vt 0.379600 0.502784
vt 0.399560 0.508288
vt 0.399560 0.521709
vt 0.355072 0.507357
vt 0.356707 0.508665
vt 0.364229 0.508338
vt 0.380581 0.491664
vt 0.387056 0.524733
vt 0.391004 0.525523
vt 0.369135 0.510627
vt 0.374040 0.488720
vt 0.374040 0.491335
vt 0.374098 0.519207
vt 0.388308 0.530260
vt 0.367320 0.526640
vt 0.374040 0.490355
vt 0.374040 0.491663
vt 0.374040 0.495259
vt 0.391004 0.524733
vt 0.358309 0.527102
vt 0.364625 0.527102
vt 0.378619 0.509319
vt 0.385477 0.525523
vt 0.388508 0.502435
vt 0.362256 0.529797
vt 0.370116 0.485777
vt 0.373386 0.492644
vt 0.384177 0.497224
vt 0.390087 0.520592
vt 0.358309 0.526640
vt 0.372732 0.509973
vt 0.376657 0.504087
vt 0.379600 0.489702
vt 0.384361 0.519207
vt 0.385940 0.525061
vt 0.372519 0.519534
vt 0.374040 0.509973
vt 0.380254 0.491991
vt 0.380908 0.501148
vt 0.391466 0.525061
vt 0.394496 0.498815
vt 0.358636 0.517166
vt 0.359098 0.521576
vt 0.368808 0.485450
vt 0.391466 0.526312
vt 0.392255 0.525850
vt 0.365741 0.518418
vt 0.366531 0.517956
vt 0.366993 0.527102
vt 0.374040 0.486758
vt 0.379927 0.503110
vt 0.386729 0.530260
vt 0.367782 0.527102
vt 0.374367 0.489047
vt 0.374367 0.491009
vt 0.374367 0.491989
vt 0.376657 0.505068
vt 0.389097 0.524271
vt 0.353764 0.495586
vt 0.368808 0.493297
vt 0.382542 0.510632
vt 0.388308 0.523482
vt 0.398443 0.528487
vt 0.400812 0.505130
vt 0.368808 0.510953
vt 0.372846 0.518745
vt 0.374040 0.492644
vt 0.379600 0.501475
vt 0.388308 0.529797
vt 0.400022 0.498488
vt 0.366993 0.517956
vt 0.366993 0.526640
vt 0.379927 0.486104
vt 0.390676 0.525061
vt 0.392255 0.525523
vt 0.374040 0.485777
vt 0.374040 0.487739
vt 0.375021 0.499837
vt 0.375021 0.500818
vt 0.383898 0.530260
vt 0.397781 0.530260
vt 0.399560 0.508751
vt 0.363835 0.529008
vt 0.369135 0.490028
vt 0.371730 0.523482
vt 0.373713 0.500818
vt 0.382216 0.510959
vt 0.388308 0.523944
vt 0.358015 0.486104
vt 0.364229 0.490682
vt 0.368481 0.511608
vt 0.373713 0.492970
vt 0.384831 0.497224
vt 0.385812 0.514230
vt 0.353110 0.508011
vt 0.367782 0.526640
vt 0.376657 0.504414
vt 0.386729 0.525061
vt 0.387846 0.525523
vt 0.391466 0.524733
vt 0.368154 0.509319
vt 0.372732 0.509319
vt 0.373386 0.509973
vt 0.376983 0.502779
vt 0.376983 0.503760
vt 0.371424 0.509319
vt 0.373386 0.509319
vt 0.376657 0.502453
vt 0.379273 0.486104
vt 0.380741 0.525523
vt 0.390214 0.525061
vt 0.366203 0.518418
vt 0.366531 0.526640
vt 0.374887 0.519997
vt 0.387846 0.524733
vt 0.391793 0.525523
vt 0.365864 0.489701
vt 0.369135 0.485123
vt 0.384504 0.497551
vt 0.390549 0.516183
vt 0.392255 0.526312
vt 0.353437 0.507684
vt 0.355399 0.507684
vt 0.376003 0.509973
vt 0.376657 0.498202
vt 0.386729 0.525523
vt 0.387519 0.524733
vt 0.366203 0.517956
vt 0.374040 0.487412
vt 0.374367 0.486104
vt 0.374425 0.519997
vt 0.383109 0.518745
vt 0.384361 0.530260
vt 0.365537 0.509973
vt 0.366191 0.509973
vt 0.374367 0.509646
vt 0.376003 0.509319
vt 0.387519 0.524271
vt 0.391466 0.525523
vt 0.374040 0.489374
vt 0.379273 0.487413
vt 0.387846 0.529797
vt 0.388635 0.524733
vt 0.389425 0.524733
vt 0.399560 0.498026
vt 0.353900 0.528681
vt 0.357689 0.486758
vt 0.366192 0.511934
vt 0.372732 0.515858
vt 0.386267 0.529008
vt 0.392128 0.487763
vt 0.363575 0.513243
vt 0.364625 0.526640
vt 0.374098 0.525061
vt 0.376657 0.489374
vt 0.378946 0.509646
vt 0.357519 0.528681
vt 0.366518 0.511608
vt 0.370443 0.485123
vt 0.391665 0.488225
vt 0.392128 0.497236
vt 0.398770 0.494868
vt 0.357520 0.519534
vt 0.372057 0.519534
vt 0.378045 0.524271
vt 0.380254 0.501148
vt 0.383571 0.524733
vt 0.354362 0.528218
vt 0.354418 0.492644
vt 0.358015 0.487085
vt 0.367320 0.527891
vt 0.368110 0.527891
vt 0.371424 0.492316
vt 0.389097 0.526312
vt 0.400812 0.494868
vt 0.353110 0.492316
vt 0.370116 0.484796
vt 0.384831 0.501802
vt 0.388180 0.490921
vt 0.390549 0.516972
vt 0.399233 0.494868
vt 0.355072 0.506376
vt 0.373308 0.518745
vt 0.374040 0.493297
vt 0.374367 0.500818
vt 0.377638 0.496894
vt 0.399560 0.492172
vt 0.363835 0.519207
vt 0.365537 0.508011
vt 0.374887 0.519534
vt 0.379600 0.490356
vt 0.383571 0.519207
vt 0.388308 0.524271
vt 0.355072 0.509973
vt 0.357361 0.509646
vt 0.364162 0.526640
vt 0.368154 0.509973
vt 0.373059 0.509646
vt 0.376657 0.488720
vt 0.378835 0.524271
vt 0.385940 0.525523
vt 0.357034 0.509973
vt 0.360215 0.517628
vt 0.363575 0.509973
vt 0.368481 0.509646
vt 0.371424 0.509973
vt 0.373713 0.509646
vt 0.353572 0.521576
vt 0.362583 0.529797
vt 0.364556 0.491009
vt 0.385485 0.513903
vt 0.388308 0.525850
vt 0.354689 0.530587
vt 0.365414 0.527102
vt 0.370478 0.517956
vt 0.376983 0.504741
vt 0.381530 0.525523
vt 0.388308 0.525523
vt 0.389097 0.524733
vt 0.389887 0.524271
vt 0.354418 0.493297
vt 0.356380 0.498529
vt 0.367172 0.511608
vt 0.368110 0.527429
vt 0.371424 0.486431
vt 0.371424 0.490682
vt 0.353110 0.491663
vt 0.359098 0.521113
vt 0.383523 0.507362
vt 0.390087 0.516972
vt 0.391004 0.526312
vt 0.392128 0.493289
vt 0.396075 0.503224
vt 0.374040 0.488393
vt 0.379927 0.490683
vt 0.383571 0.518745
vt 0.384361 0.529797
vt 0.395285 0.487435
vt 0.363835 0.518745
vt 0.364883 0.509973
vt 0.366993 0.519997
vt 0.369361 0.519997
vt 0.381203 0.525061
vt 0.388308 0.524733
vt 0.390214 0.525523
vt 0.392255 0.525061
vt 0.358343 0.509973
vt 0.363575 0.509319
vt 0.366993 0.519534
vt 0.371751 0.509646
vt 0.381203 0.525523
vt 0.357689 0.486431
vt 0.368899 0.527429
vt 0.369688 0.527891
vt 0.384504 0.496897
vt 0.390549 0.519341
vt 0.390549 0.520130
vt 0.373309 0.519997
vt 0.374367 0.492970
vt 0.379927 0.487413
vt 0.394823 0.484605
vt 0.399560 0.491710
vt 0.400022 0.498026
vt 0.366518 0.509646
vt 0.368808 0.509973
vt 0.370151 0.518418
vt 0.376329 0.509646
vt 0.376657 0.497548
vt 0.356380 0.499183
vt 0.361613 0.484796
vt 0.366846 0.511934
vt 0.383523 0.489702
vt 0.390087 0.517762
vt 0.355151 0.531049
vt 0.370478 0.519534
vt 0.372846 0.519534
vt 0.379600 0.487086
vt 0.386729 0.524271
vt 0.389887 0.524733
vt 0.372732 0.505068
vt 0.374694 0.500491
vt 0.374694 0.502125
vt 0.374694 0.503106
vt 0.397319 0.529797
vt 0.399560 0.487435
vt 0.357689 0.485777
vt 0.368154 0.511934
vt 0.368899 0.527891
vt 0.390087 0.519013
vt 0.363373 0.518745
vt 0.363835 0.527102
vt 0.365864 0.507684
vt 0.368899 0.519534
vt 0.375215 0.525523
vt 0.387519 0.525523
vt 0.357034 0.508011
vt 0.365537 0.507357
vt 0.379273 0.490683
vt 0.387056 0.525523
vt 0.395285 0.486973
vt 0.364556 0.487085
vt 0.365537 0.490028
vt 0.369135 0.486104
vt 0.375215 0.527429
vt 0.384831 0.501148
vt 0.390087 0.516645
vt 0.364952 0.526640
vt 0.365414 0.519534
vt 0.366846 0.509973
vt 0.369135 0.509646
vt 0.376983 0.497875
vt 0.386267 0.525523
vt 0.388308 0.525061
vt 0.357057 0.519997
vt 0.360677 0.525523
vt 0.365537 0.509319
vt 0.365741 0.525523
vt 0.374040 0.509319
vt 0.380581 0.500821
vt 0.355399 0.506703
vt 0.357689 0.506376
vt 0.374040 0.500491
vt 0.374040 0.503106
vt 0.389887 0.529797
vt 0.399560 0.496447
vt 0.357519 0.528218
vt 0.361794 0.528681
vt 0.372732 0.515204
vt 0.381562 0.509324
vt 0.391665 0.487763
vt 0.353437 0.491989
vt 0.360305 0.492316
vt 0.361613 0.490355
vt 0.371424 0.487412
vt 0.391665 0.493289
vt 0.391665 0.497698
vt 0.398770 0.495330
vt 0.358669 0.509646
vt 0.360677 0.517166
vt 0.361005 0.525523
vt 0.363373 0.525523
vt 0.363902 0.509646
vt 0.363835 0.526640
vt 0.364229 0.504414
vt 0.364883 0.509319
vt 0.369361 0.519534
vt 0.369688 0.525523
vt 0.374040 0.501144
vt 0.374040 0.502453
vt 0.379273 0.488721
vt 0.379927 0.488067
vt 0.395285 0.485067
vt 0.400022 0.491710
vt 0.358636 0.521576
vt 0.384177 0.497878
vt 0.390214 0.522365
vt 0.391793 0.526312
vt 0.395613 0.502762
vt 0.396075 0.504014
vt 0.357034 0.507357
vt 0.371730 0.519997
vt 0.373059 0.504741
vt 0.374367 0.488066
vt 0.376466 0.519997
vt 0.394823 0.486973
vt 0.397781 0.529797
vt 0.353110 0.519207
vt 0.353572 0.521113
vt 0.354418 0.488720
vt 0.363046 0.529797
vt 0.373386 0.491663
vt 0.389887 0.525850
vt 0.360305 0.499183
vt 0.361613 0.485450
vt 0.383850 0.490029
vt 0.387056 0.529008
vt 0.357361 0.507684
vt 0.371730 0.519534
vt 0.375677 0.525061
vt 0.379951 0.525523
vt 0.385477 0.524733
vt 0.387519 0.525061
vt 0.355151 0.530587
vt 0.370940 0.518418
vt 0.376004 0.525523
vt 0.382320 0.525523
vt 0.386267 0.524733
vt 0.355072 0.509319
vt 0.357034 0.509319
vt 0.360677 0.517628
vt 0.363835 0.525061
vt 0.377965 0.508338
vt 0.388970 0.514604
vt 0.356730 0.525061
vt 0.358343 0.509319
vt 0.360305 0.504414
vt 0.361467 0.525061
vt 0.364229 0.505068
vt 0.365210 0.509646
vt 0.366531 0.519534
vt 0.378619 0.484469
vt 0.356053 0.506703
vt 0.357361 0.506703
vt 0.358015 0.506703
vt 0.374040 0.499183
vt 0.374367 0.496894
vt 0.389425 0.529797
vt 0.353764 0.492316
vt 0.383523 0.508016
vt 0.383850 0.507689
vt 0.396075 0.502762
vt 0.396075 0.503552
vt 0.356730 0.525523
vt 0.359888 0.525523
vt 0.363248 0.513569
vt 0.364556 0.504741
vt 0.370151 0.525523
vt 0.378619 0.494278
vt 0.364952 0.519997
vt 0.365414 0.526640
vt 0.369462 0.509973
vt 0.381992 0.525061
vt 0.353764 0.507357
vt 0.374367 0.502779
vt 0.376657 0.506049
vt 0.379927 0.488721
vt 0.400022 0.496447
vt 0.356380 0.493297
vt 0.360632 0.498856
vt 0.370116 0.486431
vt 0.383850 0.509651
vt 0.387518 0.529008
vt 0.390087 0.519803
vt 0.390087 0.520130
vt 0.362921 0.509973
vt 0.362921 0.513896
vt 0.363373 0.526640
vt 0.366203 0.519997
vt 0.370151 0.525061
vt 0.375677 0.525523
vt 0.380414 0.525523
vt 0.354362 0.525523
vt 0.363575 0.513896
vt 0.374098 0.525523
vt 0.377583 0.524733
vt 0.378292 0.500818
vt 0.383571 0.524271
vt 0.357057 0.528218
vt 0.361940 0.490028
vt 0.381888 0.509651
vt 0.381888 0.510959
vt 0.391665 0.497236
vt 0.398898 0.531049
vt 0.354418 0.512915
vt 0.356380 0.492644
vt 0.356707 0.498856
vt 0.360305 0.498529
vt 0.361940 0.485123
vt 0.367782 0.528218
vt 0.371751 0.486104
vt 0.398770 0.519013
vt 0.362267 0.508011
vt 0.374694 0.499183
vt 0.375021 0.502779
vt 0.399560 0.486973
vt 0.399560 0.489804
vt 0.400022 0.488225
vt 0.364229 0.514223
vt 0.370940 0.519997
vt 0.373309 0.519534
vt 0.377311 0.509319
vt 0.379273 0.488067
vt 0.395285 0.484605
vt 0.367500 0.511934
vt 0.368154 0.511281
vt 0.385158 0.514230
vt 0.388308 0.526312
vt 0.390549 0.518551
vt 0.353899 0.521113
vt 0.364556 0.485123
vt 0.373713 0.491989
vt 0.386601 0.501183
vt 0.389425 0.525850
vt 0.353900 0.528218
vt 0.358997 0.494278
vt 0.362256 0.528681
vt 0.373059 0.515531
vt 0.400349 0.495330
vt 0.400812 0.498815
vt 0.360305 0.505068
vt 0.361467 0.525523
vt 0.363373 0.525061
vt 0.377965 0.499183
vt 0.377965 0.502125
vt 0.388970 0.515066
vt 0.372732 0.504414
vt 0.376004 0.519534
vt 0.395285 0.486184
vt 0.400022 0.486973
vt 0.400022 0.487763
vt 0.355399 0.509646
vt 0.376003 0.507030
vt 0.377965 0.508992
vt 0.378372 0.524733
vt 0.386601 0.487435
vt 0.354418 0.506376
vt 0.355726 0.507030
vt 0.374040 0.497548
vt 0.374367 0.498856
vt 0.399560 0.490921
vt 0.360959 0.509973
vt 0.365741 0.519534
vt 0.375675 0.509646
vt 0.380414 0.525061
vt 0.385940 0.524733
vt 0.353764 0.508011
vt 0.362267 0.510300
vt 0.363575 0.504414
vt 0.374040 0.497221
vt 0.376657 0.502125
vt 0.389887 0.530260
vt 0.399560 0.496909
vt 0.369462 0.515858
vt 0.375677 0.527891
vt 0.384831 0.497878
vt 0.389425 0.522365
vt 0.390087 0.516183
vt 0.390676 0.521903
vt 0.371267 0.519534
vt 0.375348 0.509973
vt 0.376466 0.519534
vt 0.376983 0.500818
vt 0.379624 0.525061
vt 0.383899 0.525523
vt 0.385940 0.524271
vt 0.394823 0.486184
vt 0.353899 0.525061
vt 0.363902 0.513569
vt 0.376329 0.506703
vt 0.376983 0.489047
vt 0.378372 0.524271
vt 0.376657 0.505395
vt 0.377311 0.509973
vt 0.379600 0.487740
vt 0.379600 0.488394
vt 0.388635 0.525523
vt 0.389425 0.525061
vt 0.356380 0.511281
vt 0.366192 0.487412
vt 0.374040 0.506049
vt 0.384177 0.487413
vt 0.384831 0.490029
vt 0.393244 0.516183
vt 0.369789 0.515531
vt 0.383850 0.508343
vt 0.390676 0.522365
vt 0.391665 0.492499
vt 0.395613 0.503552
vt 0.398571 0.531049
vt 0.353110 0.509319
vt 0.365864 0.509646
vt 0.366191 0.509319
vt 0.366203 0.525523
vt 0.369688 0.517956
vt 0.378619 0.496240
vt 0.388508 0.518224
vt 0.353110 0.509973
vt 0.353572 0.519997
vt 0.366846 0.509319
vt 0.366993 0.525061
vt 0.368808 0.509319
vt 0.370151 0.517956
vt 0.363373 0.528681
vt 0.369688 0.527429
vt 0.383523 0.509324
vt 0.390087 0.519341
vt 0.391665 0.506710
vt 0.362594 0.507684
vt 0.368481 0.510627
vt 0.376657 0.501144
vt 0.379927 0.486759
vt 0.394823 0.486646
vt 0.399560 0.487763
vt 0.357689 0.500491
vt 0.366192 0.495586
vt 0.374367 0.505722
vt 0.384504 0.487086
vt 0.384831 0.488067
vt 0.393707 0.516972
vt 0.396402 0.515856
vt 0.353764 0.493297
vt 0.354091 0.491989
vt 0.361940 0.489047
vt 0.371424 0.486758
vt 0.383197 0.507689
vt 0.391665 0.493751
vt 0.392128 0.501646
vt 0.355072 0.508338
vt 0.362267 0.510953
vt 0.374040 0.496567
vt 0.374040 0.498529
vt 0.374367 0.497875
vt 0.355941 0.525523
vt 0.358636 0.519997
vt 0.362921 0.513243
vt 0.363248 0.509646
vt 0.376657 0.490682
vt 0.378619 0.493624
vt 0.353110 0.507030
vt 0.354091 0.506703
vt 0.354745 0.506703
vt 0.356707 0.506703
vt 0.374367 0.499837
vt 0.381992 0.529797
vt 0.388635 0.530260
vt 0.399560 0.491383
vt 0.359426 0.525061
vt 0.376657 0.491336
vt 0.377965 0.505395
vt 0.378946 0.493951
vt 0.380908 0.498532
vt 0.388970 0.511908
vt 0.370116 0.510953
vt 0.374040 0.484796
vt 0.374694 0.504087
vt 0.375021 0.498856
vt 0.379600 0.503438
vt 0.399560 0.489342
vt 0.364229 0.486758
vt 0.368808 0.484469
vt 0.370116 0.487739
vt 0.376466 0.527891
vt 0.384177 0.501148
vt 0.353437 0.500818
vt 0.366518 0.505722
vt 0.384504 0.489702
vt 0.387519 0.520324
vt 0.393707 0.516183
vt 0.357057 0.523944
vt 0.359888 0.523944
vt 0.360677 0.523482
vt 0.361467 0.523482
vt 0.368154 0.499183
vt 0.368808 0.489701
vt 0.368808 0.492644
vt 0.382216 0.492645
vt 0.387846 0.523482
vt 0.397981 0.523750
vt 0.398443 0.527235
vt 0.356268 0.525061
vt 0.359888 0.525061
vt 0.370151 0.524271
vt 0.377965 0.506049
vt 0.378619 0.483815
vt 0.357034 0.493297
vt 0.360305 0.491663
vt 0.371751 0.487085
vt 0.392128 0.501183
vt 0.353110 0.530587
vt 0.365414 0.519997
vt 0.366531 0.525523
vt 0.367172 0.509646
vt 0.369462 0.509319
vt 0.376657 0.494278
vt 0.354745 0.492970
vt 0.357034 0.494278
vt 0.371751 0.491009
vt 0.371751 0.491989
vt 0.392455 0.488552
vt 0.392917 0.485857
vt 0.355072 0.508992
vt 0.373636 0.519997
vt 0.374040 0.498202
vt 0.374040 0.500164
vt 0.394823 0.485394
vt 0.400022 0.490921
vt 0.355726 0.508992
vt 0.362267 0.507357
vt 0.368154 0.510953
vt 0.374040 0.485450
vt 0.400022 0.489342
vt 0.353572 0.531049
vt 0.363835 0.519997
vt 0.369789 0.509646
vt 0.370940 0.517956
vt 0.376466 0.525061
vt 0.380741 0.524733
vt 0.381992 0.525523
vt 0.360632 0.504741
vt 0.369688 0.524271
vt 0.377965 0.487412
vt 0.377965 0.498529
vt 0.378946 0.484142
vt 0.394496 0.515856
vt 0.353110 0.506376
vt 0.374367 0.495913
vt 0.375349 0.505395
vt 0.381530 0.529797
vt 0.393707 0.509867
vt 0.353764 0.512915
vt 0.357361 0.492970
vt 0.360632 0.491989
vt 0.361613 0.489701
vt 0.398770 0.502762
vt 0.399360 0.530587
vt 0.358015 0.500818
vt 0.366192 0.492644
vt 0.367320 0.525850
vt 0.369135 0.507684
vt 0.393244 0.516972
vt 0.357520 0.519997
vt 0.359098 0.519207
vt 0.360215 0.525061
vt 0.374887 0.524271
vt 0.377583 0.524271
vt 0.377965 0.500491
vt 0.394496 0.506382
vt 0.394496 0.518551
vt 0.361005 0.517628
vt 0.364556 0.514550
vt 0.370940 0.519534
vt 0.374425 0.525523
vt 0.382782 0.525523
vt 0.386267 0.524271
vt 0.370116 0.510300
vt 0.375021 0.503760
vt 0.384688 0.530260
vt 0.393045 0.529797
vt 0.399560 0.488552
vt 0.356707 0.492970
vt 0.363835 0.528218
vt 0.383197 0.509651
vt 0.385158 0.488721
vt 0.385812 0.487413
vt 0.399233 0.518551
vt 0.353764 0.491663
vt 0.361613 0.489374
vt 0.383197 0.508343
vt 0.386929 0.495657
vt 0.398571 0.530587
vt 0.360677 0.519997
vt 0.360959 0.509319
vt 0.364952 0.525061
vt 0.368572 0.525523
vt 0.375348 0.509319
vt 0.379162 0.525523
vt 0.374040 0.499510
vt 0.375677 0.519534
vt 0.389097 0.529797
vt 0.395285 0.483815
vt 0.395285 0.485857
vt 0.376003 0.488393
vt 0.376003 0.494278
vt 0.377965 0.491335
vt 0.378292 0.501799
vt 0.378292 0.508665
vt 0.386139 0.486973
vt 0.388508 0.514604
vt 0.367320 0.528681
vt 0.368154 0.483815
vt 0.371424 0.485777
vt 0.371424 0.491335
vt 0.392917 0.489014
vt 0.398443 0.486973
vt 0.356730 0.528218
vt 0.369462 0.515204
vt 0.389887 0.522365
vt 0.392128 0.485394
vt 0.392128 0.492499
vt 0.392128 0.496447
vt 0.366203 0.527102
vt 0.375215 0.519997
vt 0.377311 0.507357
vt 0.381992 0.530260
vt 0.389097 0.530260
vt 0.393707 0.510329
vt 0.362921 0.507357
vt 0.374040 0.495586
vt 0.375675 0.505722
vt 0.380581 0.493626
vt 0.385477 0.529797
vt 0.392582 0.529797
vt 0.400022 0.488552
vt 0.355726 0.508338
vt 0.367500 0.510953
vt 0.370443 0.510627
vt 0.374367 0.485123
vt 0.382320 0.518745
vt 0.385150 0.530260
vt 0.376003 0.492316
vt 0.376003 0.493625
vt 0.377965 0.501472
vt 0.378292 0.498856
vt 0.394496 0.515393
vt 0.357520 0.517166
vt 0.364229 0.485450
vt 0.373713 0.494932
vt 0.378835 0.527891
vt 0.384831 0.498532
vt 0.386139 0.501183
vt 0.360677 0.525061
vt 0.366203 0.525061
vt 0.371267 0.524733
vt 0.374425 0.524733
vt 0.377965 0.504414
vt 0.378619 0.495586
vt 0.361467 0.517166
vt 0.364229 0.509973
vt 0.376466 0.525523
vt 0.381203 0.524271
vt 0.382782 0.525061
vt 0.355726 0.492644
vt 0.367500 0.511281
vt 0.369361 0.527429
vt 0.370151 0.527429
vt 0.390087 0.518551
vt 0.392128 0.507172
vt 0.392128 0.512236
vt 0.375677 0.527429
vt 0.376466 0.527429
vt 0.384504 0.500821
vt 0.388635 0.522365
vt 0.389887 0.521903
vt 0.392128 0.485067
vt 0.392128 0.485857
vt 0.359098 0.519534
vt 0.361286 0.509646
vt 0.362921 0.509319
vt 0.365414 0.525523
vt 0.366203 0.519534
vt 0.376657 0.488393
vt 0.355941 0.525061
vt 0.359426 0.517628
vt 0.372519 0.524733
vt 0.376983 0.491009
vt 0.380254 0.498532
vt 0.365210 0.514550
vt 0.370151 0.519997
vt 0.372846 0.525523
vt 0.376657 0.500491
vt 0.379600 0.486432
vt 0.384361 0.525061
vt 0.354418 0.512262
vt 0.367320 0.528218
vt 0.368154 0.484469
vt 0.392917 0.484278
vt 0.355478 0.525061
vt 0.359098 0.519997
vt 0.363046 0.531049
vt 0.372057 0.524733
vt 0.376983 0.488066
vt 0.353764 0.508338
vt 0.363248 0.507684
vt 0.363835 0.531049
vt 0.374040 0.496240
vt 0.377311 0.506049
vt 0.377311 0.508011
vt 0.379927 0.485450
vt 0.393244 0.509867
vt 0.354091 0.507684
vt 0.376657 0.501472
vt 0.376657 0.509973
vt 0.376983 0.505722
vt 0.379273 0.484142
vt 0.389887 0.525523
vt 0.358343 0.494278
vt 0.358997 0.493625
vt 0.359978 0.492970
vt 0.362256 0.528218
vt 0.381235 0.509651
vt 0.381562 0.510632
vt 0.391466 0.523154
vt 0.382782 0.518745
vt 0.385150 0.529797
vt 0.385477 0.530260
vt 0.390676 0.524271
vt 0.395285 0.488225
vt 0.400022 0.489014
vt 0.400022 0.528814
vt 0.354091 0.512588
vt 0.359651 0.493297
vt 0.372078 0.504087
vt 0.381235 0.510959
vt 0.399360 0.531049
vt 0.353764 0.508992
vt 0.362921 0.508011
vt 0.379273 0.489375
vt 0.385940 0.529797
vt 0.399560 0.529276
vt 0.369688 0.524733
vt 0.377965 0.486758
vt 0.378292 0.505722
vt 0.388970 0.510657
vt 0.388970 0.511446
vt 0.394496 0.511119
vt 0.356380 0.485777
vt 0.366191 0.506049
vt 0.366192 0.488393
vt 0.367826 0.505722
vt 0.380741 0.520786
vt 0.384688 0.529008
vt 0.387056 0.520786
vt 0.354418 0.508011
vt 0.355399 0.508665
vt 0.362594 0.510627
vt 0.363575 0.505068
vt 0.374098 0.519534
vt 0.393372 0.525523
vt 0.357689 0.493625
vt 0.360305 0.503106
vt 0.363835 0.528681
vt 0.385812 0.488721
vt 0.391665 0.512698
vt 0.392128 0.506710
vt 0.359888 0.517628
vt 0.376003 0.490682
vt 0.377965 0.489374
vt 0.378292 0.495913
vt 0.380581 0.498205
vt 0.388508 0.511119
vt 0.388508 0.511446
vt 0.356053 0.508665
vt 0.364883 0.514877
vt 0.367826 0.510627
vt 0.368154 0.510300
vt 0.376657 0.496240
vt 0.379273 0.486759
vt 0.384688 0.524733
vt 0.354362 0.517166
vt 0.354745 0.512588
vt 0.374040 0.512915
vt 0.383739 0.516185
vt 0.385158 0.487413
vt 0.387056 0.522692
vt 0.392917 0.483815
vt 0.398770 0.518551
vt 0.353110 0.518745
vt 0.353110 0.521113
vt 0.355726 0.493297
vt 0.367826 0.511608
vt 0.387718 0.499604
vt 0.387846 0.525850
vt 0.360215 0.519534
vt 0.362594 0.509646
vt 0.373308 0.525523
vt 0.376657 0.495259
vt 0.379624 0.525523
vt 0.384361 0.525523
vt 0.371267 0.523944
vt 0.372057 0.523944
vt 0.373386 0.497221
vt 0.373386 0.497548
vt 0.373386 0.501144
vt 0.375348 0.516185
vt 0.382542 0.502784
vt 0.392455 0.517762
vt 0.397981 0.509540
vt 0.400349 0.505920
vt 0.903241 0.096759
vt 0.368154 0.490682
vt 0.392455 0.518224
vt 0.392917 0.518551
vt 0.397981 0.511446
vt 0.903241 0.197569
vt 0.397981 0.511908
vt 0.903241 0.298379
vt 0.392455 0.518551
vt 0.397981 0.510657
vt 0.398443 0.511908
vt 0.903241 0.399190
vt 0.397981 0.511119
vt 0.398443 0.509867
vt 0.903241 0.500000
vt 0.397981 0.509867
vt 0.903241 0.600810
vt 0.368154 0.491335
vt 0.392455 0.519013
vt 0.397981 0.510329
vt 0.398443 0.511119
vt 0.903241 0.701620
vt 0.368481 0.491009
vt 0.392917 0.517762
vt 0.398443 0.509078
vt 0.903241 0.802430
vt 0.364556 0.493951
vt 0.368154 0.488066
vt 0.368154 0.489701
vt 0.368808 0.490682
vt 0.368899 0.529797
vt 0.375348 0.516839
vt 0.397981 0.509078
vt 0.903241 0.903241
vt 0.366192 0.486758
vt 0.379951 0.520786
vt 0.384177 0.486759
vt 0.384504 0.487740
vt 0.384831 0.487413
vt 0.359888 0.517166
vt 0.363046 0.530587
vt 0.372519 0.524271
vt 0.377965 0.496240
vt 0.378292 0.503760
vt 0.394496 0.524077
vt 0.376003 0.491335
vt 0.387391 0.509540
vt 0.388508 0.510657
vt 0.388970 0.505131
vt 0.394034 0.510657
vt 0.358343 0.500491
vt 0.366993 0.525850
vt 0.367782 0.525850
vt 0.368808 0.507357
vt 0.396402 0.516972
vt 0.400022 0.513815
vt 0.353110 0.501144
vt 0.356380 0.511934
vt 0.367172 0.485123
vt 0.384177 0.490029
vt 0.384688 0.520786
vt 0.353764 0.492644
vt 0.361613 0.488720
vt 0.386929 0.496119
vt 0.388180 0.498026
vt 0.392128 0.500394
vt 0.392128 0.506382
vt 0.357689 0.501144
vt 0.366192 0.490355
vt 0.366192 0.493297
vt 0.366192 0.493625
vt 0.396402 0.515393
vt 0.361613 0.509973
vt 0.362267 0.509973
vt 0.370151 0.519534
vt 0.373308 0.525061
vt 0.377638 0.510627
vt 0.362256 0.524271
vt 0.376003 0.491663
vt 0.378292 0.487085
vt 0.380908 0.495261
vt 0.387391 0.509078
vt 0.394034 0.515393
vt 0.394496 0.510657
vt 0.366192 0.496240
vt 0.366192 0.497221
vt 0.380414 0.520324
vt 0.384177 0.488067
vt 0.353572 0.525523
vt 0.362583 0.530587
vt 0.365414 0.525061
vt 0.368572 0.525061
vt 0.376657 0.487739
vt 0.394034 0.524540
vt 0.353572 0.519534
vt 0.357520 0.525061
vt 0.366993 0.525523
vt 0.368899 0.518418
vt 0.376657 0.489701
vt 0.376657 0.493625
vt 0.353110 0.500491
vt 0.356380 0.485450
vt 0.356707 0.486104
vt 0.366846 0.484796
vt 0.385940 0.520324
vt 0.387519 0.520786
vt 0.355726 0.508011
vt 0.367500 0.510300
vt 0.376657 0.495586
vt 0.382782 0.519207
vt 0.390214 0.524271
vt 0.364229 0.514877
vt 0.367782 0.519997
vt 0.370116 0.509973
vt 0.372519 0.525523
vt 0.374887 0.525523
vt 0.377638 0.509646
vt 0.380254 0.499186
vt 0.389097 0.525061
vt 0.363902 0.504741
vt 0.374694 0.509973
vt 0.376983 0.501799
vt 0.379927 0.484142
vt 0.380254 0.486104
vt 0.393834 0.525061
vt 0.361794 0.524733
vt 0.363046 0.524271
vt 0.363575 0.508992
vt 0.367500 0.507030
vt 0.376329 0.491989
vt 0.376329 0.493951
vt 0.377965 0.490682
vt 0.353572 0.518745
vt 0.354745 0.489047
vt 0.371424 0.504087
vt 0.387718 0.500067
vt 0.391665 0.516645
vt 0.362583 0.524733
vt 0.376003 0.487739
vt 0.378292 0.491009
vt 0.394496 0.503552
vt 0.363575 0.514877
vt 0.377965 0.503106
vt 0.377965 0.505068
vt 0.377965 0.506376
vt 0.378946 0.495913
vt 0.388508 0.517762
vt 0.353572 0.530587
vt 0.353764 0.509973
vt 0.363373 0.519534
vt 0.367320 0.525061
vt 0.376657 0.490355
vt 0.376983 0.493951
vt 0.355151 0.521576
vt 0.356730 0.521113
vt 0.364229 0.485777
vt 0.373386 0.495259
vt 0.378835 0.527429
vt 0.379162 0.527891
vt 0.356268 0.528681
vt 0.359098 0.528218
vt 0.360959 0.492316
vt 0.391665 0.485394
vt 0.392128 0.484605
vt 0.374040 0.507030
vt 0.376329 0.491009
vt 0.377311 0.508992
vt 0.378292 0.489047
vt 0.387391 0.507172
vt 0.388508 0.505593
vt 0.353110 0.493297
vt 0.383523 0.508670
vt 0.387391 0.496119
vt 0.391665 0.492962
vt 0.391665 0.496447
vt 0.391665 0.500856
vt 0.398109 0.530587
vt 0.358997 0.500491
vt 0.365537 0.505395
vt 0.367500 0.506049
vt 0.378946 0.510627
vt 0.385150 0.529470
vt 0.364883 0.514223
vt 0.369688 0.519534
vt 0.377311 0.510953
vt 0.382782 0.524271
vt 0.385150 0.524733
vt 0.356053 0.492970
vt 0.357689 0.494278
vt 0.368154 0.489374
vt 0.371424 0.503434
vt 0.388180 0.500067
vt 0.391665 0.512236
vt 0.392455 0.489342
vt 0.354362 0.525061
vt 0.356730 0.519207
vt 0.376003 0.506376
vt 0.376329 0.488066
vt 0.377965 0.501144
vt 0.386601 0.486973
vt 0.394034 0.503552
vt 0.394034 0.505920
vt 0.394496 0.499604
vt 0.359651 0.505068
vt 0.374040 0.506376
vt 0.377965 0.488720
vt 0.377965 0.495586
vt 0.377965 0.503434
vt 0.394496 0.516972
vt 0.354362 0.531049
vt 0.369462 0.507030
vt 0.380254 0.495261
vt 0.386267 0.518745
vt 0.386929 0.509078
vt 0.387391 0.506709
vt 0.388508 0.505131
vt 0.357689 0.509973
vt 0.358997 0.509319
vt 0.361467 0.517628
vt 0.364556 0.509646
vt 0.370116 0.509319
vt 0.374887 0.525061
vt 0.376657 0.507030
vt 0.378835 0.525523
vt 0.379927 0.489375
vt 0.394823 0.487763
vt 0.399560 0.528814
vt 0.353764 0.488720
vt 0.369135 0.484142
vt 0.370443 0.488066
vt 0.386601 0.502435
vt 0.400349 0.504341
vt 0.353110 0.519534
vt 0.353437 0.509646
vt 0.362583 0.518745
vt 0.369361 0.517956
vt 0.377965 0.507030
vt 0.388970 0.517762
vt 0.360305 0.502453
vt 0.384201 0.516647
vt 0.385485 0.487086
vt 0.385485 0.488394
vt 0.386729 0.523154
vt 0.386929 0.499604
vt 0.356380 0.486431
vt 0.381203 0.520324
vt 0.385478 0.520786
vt 0.370116 0.488393
vt 0.370116 0.502125
vt 0.376004 0.527429
vt 0.386601 0.501973
vt 0.389098 0.521903
vt 0.392128 0.487435
vt 0.400812 0.493289
vt 0.354091 0.492970
vt 0.357034 0.492644
vt 0.362267 0.485450
vt 0.376003 0.512915
vt 0.385812 0.488067
vt 0.391665 0.501183
vt 0.392128 0.505920
vt 0.399233 0.503224
vt 0.362256 0.524733
vt 0.365537 0.508338
vt 0.367500 0.506376
vt 0.369789 0.506703
vt 0.370116 0.507030
vt 0.380581 0.494935
vt 0.358343 0.501144
vt 0.366192 0.491335
vt 0.366518 0.492970
vt 0.366518 0.493951
vt 0.367782 0.526312
vt 0.396402 0.516183
vt 0.371730 0.524271
vt 0.374694 0.507030
vt 0.374887 0.524733
vt 0.376003 0.489701
vt 0.394034 0.518551
vt 0.357361 0.493951
vt 0.392917 0.488552
vt 0.395613 0.509078
vt 0.397981 0.487435
vt 0.399233 0.516183
vt 0.399233 0.516972
vt 0.353572 0.525061
vt 0.362256 0.531049
vt 0.377965 0.500164
vt 0.377965 0.504087
vt 0.394034 0.524077
vt 0.394496 0.517434
vt 0.354745 0.507684
vt 0.374098 0.519997
vt 0.377965 0.509973
vt 0.380908 0.491337
vt 0.394823 0.484278
vt 0.395285 0.485394
vt 0.372078 0.509973
vt 0.376657 0.509319
vt 0.380908 0.499186
vt 0.389097 0.525523
vt 0.389887 0.525061
vt 0.354362 0.521113
vt 0.354418 0.489374
vt 0.389887 0.526312
vt 0.391665 0.517435
vt 0.392128 0.516183
vt 0.353110 0.525061
vt 0.360677 0.519534
vt 0.361005 0.531049
vt 0.361794 0.531049
vt 0.368110 0.525061
vt 0.376657 0.487412
vt 0.376983 0.494932
vt 0.353110 0.517166
vt 0.359324 0.493951
vt 0.391466 0.522692
vt 0.400349 0.499277
vt 0.366203 0.526640
vt 0.377311 0.505395
vt 0.377638 0.507684
vt 0.379927 0.484796
vt 0.383899 0.524733
vt 0.392582 0.525523
vt 0.366518 0.496894
vt 0.369462 0.506376
vt 0.370116 0.506376
vt 0.380414 0.520786
vt 0.384504 0.486432
vt 0.386729 0.519207
vt 0.354418 0.507357
vt 0.376794 0.525523
vt 0.377965 0.509319
vt 0.380908 0.486104
vt 0.393834 0.525523
vt 0.354362 0.530587
vt 0.356707 0.511608
vt 0.366518 0.487085
vt 0.384831 0.486759
vt 0.385150 0.520324
vt 0.386729 0.518745
vt 0.355726 0.494278
vt 0.358343 0.493625
vt 0.359651 0.492644
vt 0.372405 0.503760
vt 0.390676 0.522692
vt 0.398443 0.488225
vt 0.353900 0.517628
vt 0.368481 0.484142
vt 0.385812 0.484796
vt 0.392455 0.483815
vt 0.396075 0.509540
vt 0.397981 0.486973
vt 0.353110 0.494278
vt 0.374040 0.512262
vt 0.387519 0.523154
vt 0.396075 0.510329
vt 0.365864 0.508665
vt 0.366192 0.496567
vt 0.366518 0.490028
vt 0.366518 0.495913
vt 0.370443 0.506703
vt 0.396864 0.515856
vt 0.362267 0.505068
vt 0.368110 0.519997
vt 0.372405 0.509646
vt 0.374694 0.509319
vt 0.376983 0.509646
vt 0.379600 0.483815
vt 0.361613 0.508992
vt 0.363046 0.524733
vt 0.363902 0.508665
vt 0.394034 0.500067
vt 0.394034 0.504014
vt 0.353764 0.512262
vt 0.372078 0.503434
vt 0.376329 0.512588
vt 0.392917 0.488225
vt 0.397981 0.487763
vt 0.398770 0.503224
vt 0.358636 0.528681
vt 0.361613 0.488393
vt 0.389098 0.522365
vt 0.391665 0.484605
vt 0.391665 0.491710
vt 0.400349 0.493289
vt 0.353900 0.530587
vt 0.356380 0.484796
vt 0.366846 0.485450
vt 0.377638 0.508665
vt 0.385150 0.520786
vt 0.386929 0.506709
vt 0.356268 0.528218
vt 0.361286 0.491989
vt 0.383850 0.508997
vt 0.391665 0.496909
vt 0.399233 0.498815
vt 0.361613 0.509319
vt 0.361794 0.519997
vt 0.363046 0.519997
vt 0.368899 0.525523
vt 0.377311 0.510300
vt 0.382320 0.524271
vt 0.355726 0.507357
vt 0.363046 0.527102
vt 0.370770 0.509973
vt 0.378835 0.525061
vt 0.390214 0.524733
vt 0.395285 0.487763
vt 0.361613 0.508338
vt 0.363575 0.508338
vt 0.365537 0.508992
vt 0.366192 0.489701
vt 0.366192 0.494278
vt 0.366518 0.491009
vt 0.367826 0.506703
vt 0.358015 0.493951
vt 0.360632 0.502779
vt 0.368154 0.488720
vt 0.369462 0.516839
vt 0.383109 0.522692
vt 0.386729 0.522692
vt 0.355072 0.504414
vt 0.359098 0.518745
vt 0.374694 0.506376
vt 0.388970 0.485394
vt 0.388970 0.487763
vt 0.388970 0.492962
vt 0.394034 0.519013
vt 0.358997 0.509973
vt 0.370443 0.509646
vt 0.372057 0.525061
vt 0.376657 0.510300
vt 0.357689 0.509319
vt 0.358309 0.519997
vt 0.363835 0.519534
vt 0.364229 0.509319
vt 0.367782 0.525523
vt 0.379162 0.524733
vt 0.380741 0.524271
vt 0.359651 0.504414
vt 0.375349 0.508992
vt 0.376003 0.496240
vt 0.376657 0.508992
vt 0.378292 0.499837
vt 0.394034 0.516972
vt 0.394496 0.513025
vt 0.355399 0.500818
vt 0.358669 0.505722
vt 0.366993 0.526312
vt 0.379624 0.520324
vt 0.399560 0.513815
vt 0.354091 0.508665
vt 0.376657 0.506376
vt 0.379600 0.485124
vt 0.379600 0.489048
vt 0.383109 0.525523
vt 0.368808 0.503434
vt 0.368808 0.516185
vt 0.374367 0.512588
vt 0.384201 0.516185
vt 0.387391 0.500067
vt 0.396075 0.509867
vt 0.354362 0.521576
vt 0.356380 0.494278
vt 0.384177 0.498532
vt 0.386139 0.501646
vt 0.392128 0.516972
vt 0.356268 0.521576
vt 0.364556 0.486104
vt 0.369135 0.511608
vt 0.370443 0.496894
vt 0.384504 0.498859
vt 0.384831 0.500494
vt 0.397981 0.525656
vt 0.356053 0.507684
vt 0.363046 0.526640
vt 0.366846 0.510953
vt 0.369361 0.525061
vt 0.376983 0.495913
vt 0.382320 0.524733
vt 0.385150 0.524271
vt 0.353110 0.493625
vt 0.353900 0.517166
vt 0.358997 0.500164
vt 0.368110 0.523154
vt 0.385485 0.484470
vt 0.387519 0.522692
vt 0.353764 0.509319
vt 0.357057 0.525523
vt 0.375215 0.524733
vt 0.376466 0.524271
vt 0.376983 0.490028
vt 0.378619 0.497548
vt 0.394496 0.522961
vt 0.355151 0.525523
vt 0.361940 0.509646
vt 0.362267 0.509319
vt 0.363046 0.519534
vt 0.376657 0.486758
vt 0.376657 0.494605
vt 0.378619 0.490355
vt 0.370770 0.508011
vt 0.371730 0.524733
vt 0.376003 0.484469
vt 0.376003 0.490355
vt 0.377965 0.502453
vt 0.378292 0.504741
vt 0.365741 0.526640
vt 0.375677 0.519997
vt 0.377583 0.525523
vt 0.379273 0.484796
vt 0.380581 0.491010
vt 0.384688 0.525523
vt 0.394823 0.483815
vt 0.356707 0.485123
vt 0.359978 0.504741
vt 0.366192 0.487739
vt 0.374367 0.506703
vt 0.376983 0.508665
vt 0.377311 0.508338
vt 0.381203 0.520786
vt 0.385940 0.520786
vt 0.361467 0.531049
vt 0.362256 0.530587
vt 0.376003 0.495586
vt 0.376003 0.502125
vt 0.376003 0.504087
vt 0.377965 0.499510
vt 0.356730 0.517956
vt 0.358997 0.501144
vt 0.364883 0.505395
vt 0.365864 0.505722
vt 0.385812 0.510305
vt 0.385940 0.529470
vt 0.356268 0.518745
vt 0.360305 0.508992
vt 0.361940 0.508665
vt 0.366192 0.490682
vt 0.394034 0.499604
vt 0.396402 0.516645
vt 0.361613 0.498202
vt 0.370443 0.491009
vt 0.370443 0.491989
vt 0.372078 0.494605
vt 0.378835 0.529470
vt 0.384177 0.505073
vt 0.359651 0.503106
vt 0.362267 0.484796
vt 0.364883 0.516839
vt 0.387718 0.498026
vt 0.391665 0.505920
vt 0.353764 0.494278
vt 0.356380 0.493625
vt 0.371424 0.512915
vt 0.371751 0.503760
vt 0.385158 0.486104
vt 0.391665 0.516183
vt 0.391665 0.516972
vt 0.392455 0.490131
vt 0.392917 0.489804
vt 0.365414 0.521113
vt 0.378835 0.529008
vt 0.384177 0.505727
vt 0.384504 0.504746
vt 0.386601 0.505920
vt 0.393707 0.495330
vt 0.354091 0.509646
vt 0.354362 0.519997
vt 0.357847 0.519534
vt 0.367782 0.525061
vt 0.378619 0.498202
vt 0.358997 0.504087
vt 0.381888 0.507035
vt 0.392128 0.486973
vt 0.392128 0.491710
vt 0.400349 0.493751
vt 0.356730 0.521576
vt 0.370478 0.527429
vt 0.379624 0.527891
vt 0.384831 0.499186
vt 0.353110 0.528681
vt 0.353764 0.489374
vt 0.370116 0.501472
vt 0.386139 0.501973
vt 0.392128 0.486184
vt 0.393045 0.525850
vt 0.357520 0.525523
vt 0.363046 0.519207
vt 0.369361 0.518418
vt 0.375677 0.524271
vt 0.377965 0.508011
vt 0.353572 0.517628
vt 0.358669 0.493951
vt 0.388180 0.505920
vt 0.390214 0.522692
vt 0.391004 0.522692
vt 0.396202 0.528218
vt 0.399233 0.515393
vt 0.354091 0.489047
vt 0.370116 0.495586
vt 0.382869 0.493299
vt 0.393045 0.526312
vt 0.400349 0.504803
vt 0.368481 0.489047
vt 0.371424 0.512262
vt 0.383571 0.523154
vt 0.392917 0.489342
vt 0.364556 0.484142
vt 0.364883 0.484796
vt 0.382542 0.500821
vt 0.392917 0.520920
vt 0.397981 0.526446
vt 0.354689 0.521113
vt 0.356707 0.493951
vt 0.378372 0.527429
vt 0.384504 0.498205
vt 0.385158 0.489375
vt 0.388635 0.522692
vt 0.392917 0.490593
vt 0.353110 0.517628
vt 0.367320 0.523154
vt 0.371424 0.491663
vt 0.392455 0.485394
vt 0.398770 0.511446
vt 0.398770 0.515393
vt 0.400349 0.494868
vt 0.400349 0.498815
vt 0.355941 0.529008
vt 0.363835 0.523482
vt 0.364229 0.483815
vt 0.365210 0.485123
vt 0.379624 0.529797
vt 0.379951 0.529797
vt 0.396075 0.518551
vt 0.367500 0.509973
vt 0.370770 0.509319
vt 0.376983 0.506703
vt 0.378372 0.525061
vt 0.381992 0.524271
vt 0.383571 0.525523
vt 0.361940 0.497875
vt 0.364625 0.521576
vt 0.371730 0.521113
vt 0.372405 0.494932
vt 0.377256 0.529470
vt 0.354362 0.519207
vt 0.356730 0.518745
vt 0.358636 0.518745
vt 0.360632 0.508665
vt 0.388508 0.488225
vt 0.394496 0.505920
vt 0.376329 0.495913
vt 0.376329 0.503760
vt 0.377965 0.485450
vt 0.394034 0.513487
vt 0.394496 0.510329
vt 0.356730 0.518418
vt 0.359324 0.500818
vt 0.366518 0.488066
vt 0.375675 0.508665
vt 0.376657 0.508338
vt 0.385150 0.529008
vt 0.354689 0.525523
vt 0.359098 0.525523
vt 0.362256 0.519997
vt 0.362583 0.519534
vt 0.378619 0.491335
vt 0.353899 0.518745
vt 0.358669 0.500818
vt 0.360305 0.508338
vt 0.396402 0.517434
vt 0.396864 0.516645
vt 0.357847 0.521576
vt 0.363046 0.523944
vt 0.376793 0.527429
vt 0.384504 0.500167
vt 0.398443 0.525656
vt 0.360305 0.500164
vt 0.365414 0.521576
vt 0.385150 0.527891
vt 0.386139 0.505131
vt 0.386601 0.502762
vt 0.386601 0.504341
vt 0.393707 0.494868
vt 0.353437 0.492970
vt 0.355072 0.493297
vt 0.364883 0.516185
vt 0.387718 0.498488
vt 0.391665 0.500394
vt 0.396075 0.504341
vt 0.400812 0.499604
vt 0.368572 0.519997
vt 0.370478 0.525523
vt 0.371267 0.525523
vt 0.375021 0.509646
vt 0.377256 0.525061
vt 0.380581 0.485778
vt 0.358997 0.499510
vt 0.362267 0.493297
vt 0.364883 0.512915
vt 0.385158 0.484796
vt 0.396075 0.509078
vt 0.398770 0.516183
vt 0.363046 0.518745
vt 0.363902 0.514550
vt 0.376003 0.505395
vt 0.377965 0.507357
vt 0.378292 0.506703
vt 0.388970 0.509078
vt 0.353437 0.493951
vt 0.361467 0.523154
vt 0.368572 0.523154
vt 0.369135 0.503760
vt 0.371424 0.501144
vt 0.389097 0.528681
vt 0.395613 0.509867
vt 0.368808 0.504087
vt 0.369135 0.516512
vt 0.386729 0.528218
vt 0.387518 0.528218
vt 0.389097 0.528218
vt 0.363902 0.499837
vt 0.364229 0.487412
vt 0.368808 0.483815
vt 0.368808 0.485777
vt 0.373386 0.494278
vt 0.382216 0.493299
vt 0.392455 0.521382
vt 0.395613 0.520130
vt 0.397981 0.516183
vt 0.397981 0.526908
vt 0.400812 0.504341
vt 0.361467 0.530587
vt 0.376003 0.501472
vt 0.376983 0.487085
vt 0.378946 0.490028
vt 0.394496 0.519803
vt 0.359651 0.509973
vt 0.362267 0.504414
vt 0.364162 0.519534
vt 0.367782 0.519534
vt 0.372078 0.509319
vt 0.380581 0.498859
vt 0.368154 0.512915
vt 0.368808 0.516839
vt 0.369462 0.516185
vt 0.386267 0.522692
vt 0.386929 0.486973
vt 0.386929 0.500067
vt 0.387056 0.528681
vt 0.358636 0.528218
vt 0.360959 0.491663
vt 0.361005 0.528681
vt 0.361940 0.488066
vt 0.371424 0.484469
vt 0.398770 0.499277
vt 0.370116 0.496240
vt 0.372732 0.492644
vt 0.381562 0.504746
vt 0.391665 0.486646
vt 0.392582 0.526312
vt 0.399233 0.494078
vt 0.355151 0.521113
vt 0.358997 0.503106
vt 0.370940 0.527429
vt 0.379624 0.527429
vt 0.385812 0.489375
vt 0.355072 0.505068
vt 0.368808 0.507030
vt 0.370770 0.507357
vt 0.372732 0.507030
vt 0.375021 0.506703
vt 0.376329 0.490028
vt 0.380254 0.497224
vt 0.359651 0.495586
vt 0.364625 0.521113
vt 0.376793 0.529470
vt 0.385940 0.527891
vt 0.386729 0.527429
vt 0.357034 0.493625
vt 0.363575 0.503434
vt 0.372057 0.517628
vt 0.376004 0.528681
vt 0.379624 0.528681
vt 0.392917 0.485394
vt 0.398770 0.511908
vt 0.398770 0.517434
vt 0.373386 0.512915
vt 0.376003 0.512262
vt 0.384990 0.516647
vt 0.385318 0.516185
vt 0.385485 0.487740
vt 0.392455 0.487763
vt 0.354091 0.487085
vt 0.356380 0.487412
vt 0.385158 0.510305
vt 0.385940 0.529008
vt 0.386267 0.520324
vt 0.359324 0.499837
vt 0.361005 0.522692
vt 0.365210 0.512588
vt 0.368572 0.522692
vt 0.381562 0.515531
vt 0.387718 0.500394
vt 0.356268 0.517956
vt 0.375349 0.508338
vt 0.378292 0.485123
vt 0.385477 0.529008
vt 0.386729 0.520324
vt 0.394034 0.513025
vt 0.358997 0.505068
vt 0.363575 0.514223
vt 0.368572 0.524271
vt 0.376329 0.484142
vt 0.378292 0.502779
vt 0.388508 0.509540
vt 0.355726 0.509973
vt 0.359651 0.509319
vt 0.367320 0.519534
vt 0.372519 0.525061
vt 0.376657 0.492644
vt 0.376657 0.510953
vt 0.371730 0.525523
vt 0.374040 0.510300
vt 0.377256 0.525523
vt 0.378292 0.509646
vt 0.380254 0.491337
vt 0.385150 0.525061
vt 0.353110 0.492644
vt 0.355072 0.492644
vt 0.357689 0.493297
vt 0.361467 0.528681
vt 0.374694 0.515858
vt 0.383197 0.508997
vt 0.398770 0.498815
vt 0.370443 0.495913
vt 0.373059 0.492970
vt 0.374887 0.527891
vt 0.382542 0.492972
vt 0.390676 0.525850
vt 0.396075 0.520592
vt 0.355726 0.493625
vt 0.382782 0.523154
vt 0.385780 0.516647
vt 0.392917 0.487763
vt 0.398443 0.487763
vt 0.354362 0.518745
vt 0.366531 0.525850
vt 0.379162 0.520324
vt 0.388508 0.485857
vt 0.388508 0.487763
vt 0.396864 0.517434
vt 0.355478 0.521576
vt 0.358309 0.521113
vt 0.362267 0.514223
vt 0.368808 0.511281
vt 0.384177 0.500494
vt 0.356730 0.519997
vt 0.358636 0.525061
vt 0.362256 0.519534
vt 0.367172 0.510627
vt 0.369361 0.525523
vt 0.353764 0.493625
vt 0.368481 0.512588
vt 0.369789 0.516512
vt 0.371751 0.512588
vt 0.379624 0.523154
vt 0.383571 0.522692
vt 0.390214 0.528218
vt 0.355726 0.509319
vt 0.358015 0.509646
vt 0.359324 0.509646
vt 0.361794 0.525523
vt 0.376983 0.510627
vt 0.379624 0.524733
vt 0.380254 0.485450
vt 0.362267 0.492644
vt 0.363575 0.504087
vt 0.398770 0.516645
vt 0.398770 0.516972
vt 0.355399 0.492970
vt 0.375021 0.515531
vt 0.395613 0.504803
vt 0.400349 0.496447
vt 0.365414 0.524271
vt 0.376003 0.503434
vt 0.376329 0.501799
vt 0.378292 0.488066
vt 0.394034 0.509867
vt 0.394496 0.519341
vt 0.367500 0.498529
vt 0.371751 0.500818
vt 0.386729 0.528681
vt 0.386929 0.486184
vt 0.388635 0.528218
vt 0.359324 0.502779
vt 0.370116 0.497221
vt 0.370940 0.527891
vt 0.384177 0.499186
vt 0.391665 0.515856
vt 0.392917 0.492172
vt 0.395613 0.511446
vt 0.398443 0.489014
vt 0.362583 0.523944
vt 0.363373 0.529797
vt 0.377256 0.527891
vt 0.377583 0.527429
vt 0.384504 0.499513
vt 0.359324 0.503760
vt 0.361613 0.487739
vt 0.361613 0.504087
vt 0.371424 0.483815
vt 0.391665 0.492172
vt 0.391665 0.508288
vt 0.372732 0.493297
vt 0.374887 0.527429
vt 0.381888 0.505073
vt 0.387391 0.494868
vt 0.392128 0.489342
vt 0.356053 0.493951
vt 0.362921 0.487412
vt 0.369462 0.512262
vt 0.382782 0.522692
vt 0.390214 0.523154
vt 0.395740 0.528681
vt 0.356707 0.487085
vt 0.365210 0.505722
vt 0.368572 0.526312
vt 0.371097 0.505722
vt 0.385485 0.509978
vt 0.355941 0.521113
vt 0.368808 0.511934
vt 0.370116 0.496567
vt 0.370770 0.502125
vt 0.392128 0.515393
vt 0.354689 0.529008
vt 0.357034 0.513243
vt 0.363373 0.523482
vt 0.380413 0.529797
vt 0.386929 0.490131
vt 0.355072 0.501144
vt 0.356380 0.501144
vt 0.358343 0.505395
vt 0.360305 0.506049
vt 0.362921 0.506049
vt 0.378045 0.520324
vt 0.385812 0.509651
vt 0.353572 0.528681
vt 0.359888 0.528218
vt 0.360677 0.528681
vt 0.370443 0.501799
vt 0.381235 0.507035
vt 0.391665 0.486973
vt 0.355478 0.519997
vt 0.356268 0.519997
vt 0.362583 0.526640
vt 0.364625 0.525061
vt 0.366846 0.510300
vt 0.367826 0.509646
vt 0.371097 0.509646
vt 0.367500 0.499183
vt 0.386267 0.528681
vt 0.387391 0.486973
vt 0.387518 0.528681
vt 0.395613 0.506382
vt 0.396075 0.507499
vt 0.399233 0.510329
vt 0.355399 0.504741
vt 0.368808 0.506376
vt 0.373386 0.507030
vt 0.388508 0.489014
vt 0.388970 0.492499
vt 0.360305 0.509973
vt 0.363373 0.530587
vt 0.376657 0.498529
vt 0.377638 0.505722
vt 0.378619 0.497221
vt 0.388970 0.518551
vt 0.393045 0.525523
vt 0.358309 0.521576
vt 0.362267 0.514877
vt 0.371267 0.527429
vt 0.377256 0.527429
vt 0.384831 0.499840
vt 0.359978 0.502779
vt 0.362594 0.485123
vt 0.384528 0.516185
vt 0.385158 0.488067
vt 0.387391 0.487763
vt 0.397981 0.486184
vt 0.380414 0.523154
vt 0.383899 0.523154
vt 0.385812 0.486104
vt 0.389098 0.522692
vt 0.392917 0.490131
vt 0.360632 0.499837
vt 0.386601 0.503224
vt 0.386601 0.508751
vt 0.393707 0.486973
vt 0.396075 0.490131
vt 0.355151 0.525061
vt 0.360959 0.505068
vt 0.377965 0.488393
vt 0.378619 0.489701
vt 0.378946 0.491009
vt 0.394034 0.516645
vt 0.394034 0.519341
vt 0.353764 0.487412
vt 0.355399 0.487085
vt 0.364952 0.524271
vt 0.375021 0.508665
vt 0.377965 0.484796
vt 0.386729 0.520786
vt 0.394496 0.509867
vt 0.353900 0.519534
vt 0.376004 0.524733
vt 0.378946 0.497875
vt 0.388508 0.513815
vt 0.394496 0.521382
vt 0.358997 0.512262
vt 0.360305 0.513896
vt 0.361467 0.522692
vt 0.371424 0.500491
vt 0.379273 0.515858
vt 0.387391 0.486646
vt 0.387718 0.500856
vt 0.356380 0.509319
vt 0.361467 0.519997
vt 0.362594 0.504741
vt 0.364625 0.519997
vt 0.368572 0.519534
vt 0.370940 0.525061
vt 0.354418 0.509319
vt 0.363835 0.530587
vt 0.376657 0.499183
vt 0.379273 0.485450
vt 0.381992 0.524733
vt 0.383571 0.525061
vt 0.358309 0.517166
vt 0.369789 0.511608
vt 0.373713 0.493951
vt 0.380413 0.527891
vt 0.390676 0.526312
vt 0.396075 0.520130
vt 0.355726 0.499510
vt 0.364952 0.521576
vt 0.384504 0.505400
vt 0.386601 0.505593
vt 0.355072 0.500491
vt 0.373386 0.506376
vt 0.377583 0.520324
vt 0.379624 0.520786
vt 0.388508 0.485394
vt 0.388508 0.492499
vt 0.353572 0.528218
vt 0.359651 0.513896
vt 0.359888 0.528681
vt 0.391665 0.486184
vt 0.398770 0.494078
vt 0.398770 0.496447
vt 0.369462 0.511281
vt 0.374425 0.527429
vt 0.381888 0.511613
vt 0.386929 0.495330
vt 0.390214 0.526312
vt 0.392128 0.490921
vt 0.400349 0.496119
vt 0.355941 0.521576
vt 0.362594 0.514550
vt 0.371097 0.501799
vt 0.371730 0.527429
vt 0.374098 0.527429
vt 0.392128 0.511119
vt 0.357520 0.521113
vt 0.363835 0.529797
vt 0.370443 0.490028
vt 0.378045 0.527891
vt 0.382542 0.493627
vt 0.361794 0.518745
vt 0.375677 0.524733
vt 0.376003 0.506049
vt 0.377965 0.493297
vt 0.378292 0.507684
vt 0.394034 0.522498
vt 0.358997 0.504414
vt 0.371097 0.507684
vt 0.376003 0.483815
vt 0.380908 0.497224
vt 0.388508 0.505920
vt 0.394496 0.508751
vt 0.370116 0.490355
vt 0.371730 0.527891
vt 0.372057 0.527429
vt 0.373636 0.527429
vt 0.378045 0.527429
vt 0.384177 0.499840
vt 0.354091 0.493951
vt 0.371424 0.499510
vt 0.379624 0.522692
vt 0.379951 0.522692
vt 0.385485 0.485778
vt 0.391466 0.528681
vt 0.357689 0.505068
vt 0.362921 0.510300
vt 0.369135 0.506703
vt 0.372732 0.506376
vt 0.388970 0.488552
vt 0.394034 0.502762
vt 0.354362 0.519534
vt 0.358309 0.519534
vt 0.362256 0.525061
vt 0.379624 0.524271
vt 0.386929 0.510329
vt 0.388970 0.514277
vt 0.394034 0.523288
vt 0.370151 0.528218
vt 0.379273 0.515204
vt 0.381235 0.515204
vt 0.388180 0.500856
vt 0.392128 0.519341
vt 0.355726 0.492316
vt 0.381235 0.505073
vt 0.391665 0.489342
vt 0.398770 0.494540
vt 0.398770 0.498025
vt 0.399233 0.496909
vt 0.353899 0.523154
vt 0.362594 0.492970
vt 0.363902 0.503760
vt 0.364883 0.512262
vt 0.376466 0.528681
vt 0.381235 0.515858
vt 0.391665 0.519803
vt 0.376657 0.496567
vt 0.376657 0.500164
vt 0.378045 0.525523
vt 0.379600 0.484470
vt 0.379951 0.524733
vt 0.384361 0.524271
vt 0.353437 0.516512
vt 0.359978 0.495913
vt 0.377256 0.521576
vt 0.385940 0.527429
vt 0.393244 0.487763
vt 0.368154 0.512262
vt 0.387391 0.487435
vt 0.387391 0.497698
vt 0.390676 0.528218
vt 0.398770 0.509867
vt 0.399233 0.512698
vt 0.358997 0.512915
vt 0.367826 0.498856
vt 0.374887 0.528681
vt 0.383197 0.510959
vt 0.386929 0.486646
vt 0.395613 0.507961
vt 0.357057 0.521576
vt 0.357847 0.517166
vt 0.370443 0.489047
vt 0.379951 0.527429
vt 0.382869 0.493953
vt 0.383197 0.489375
vt 0.364229 0.499183
vt 0.372519 0.527429
vt 0.374098 0.527891
vt 0.383197 0.490683
vt 0.386139 0.515856
vt 0.391665 0.509540
vt 0.391665 0.510657
vt 0.357689 0.500164
vt 0.359651 0.502453
vt 0.365210 0.516512
vt 0.392917 0.486973
vt 0.398443 0.486184
vt 0.400349 0.499604
vt 0.357520 0.521576
vt 0.370116 0.489374
vt 0.370116 0.489701
vt 0.372519 0.527891
vt 0.383571 0.531049
vt 0.383850 0.490683
vt 0.370116 0.488720
vt 0.373308 0.527891
vt 0.383523 0.489048
vt 0.383571 0.530587
vt 0.374040 0.510953
vt 0.376657 0.492316
vt 0.376657 0.499510
vt 0.378045 0.525061
vt 0.385150 0.525523
vt 0.354418 0.509973
vt 0.362583 0.525523
vt 0.364625 0.525523
vt 0.367500 0.509319
vt 0.381530 0.524733
vt 0.353764 0.486758
vt 0.355072 0.486758
vt 0.355072 0.511934
vt 0.356380 0.486758
vt 0.357034 0.511934
vt 0.368110 0.526312
vt 0.358309 0.528681
vt 0.369462 0.511934
vt 0.371424 0.488393
vt 0.373308 0.527429
vt 0.380413 0.527429
vt 0.383850 0.489375
vt 0.391665 0.491383
vt 0.358997 0.502453
vt 0.370116 0.516185
vt 0.384361 0.522692
vt 0.385150 0.523154
vt 0.385485 0.489048
vt 0.389098 0.523154
vt 0.397981 0.488552
vt 0.371424 0.487739
vt 0.372846 0.527429
vt 0.381888 0.510305
vt 0.383109 0.530587
vt 0.383523 0.490356
vt 0.386601 0.515393
vt 0.358309 0.519207
vt 0.364952 0.524733
vt 0.374694 0.508992
vt 0.377965 0.487739
vt 0.378292 0.493951
vt 0.394496 0.516645
vt 0.371424 0.493625
vt 0.383850 0.510959
vt 0.387056 0.530587
vt 0.395613 0.505920
vt 0.395613 0.507499
vt 0.363835 0.523154
vt 0.367782 0.522692
vt 0.378045 0.528681
vt 0.387718 0.505920
vt 0.398770 0.515855
vt 0.399233 0.506709
vt 0.363373 0.523154
vt 0.366846 0.516839
vt 0.368154 0.486431
vt 0.369462 0.512915
vt 0.387718 0.506382
vt 0.395740 0.528218
vt 0.355941 0.519997
vt 0.356730 0.519534
vt 0.359098 0.525061
vt 0.360959 0.504414
vt 0.366191 0.510953
vt 0.378619 0.490682
vt 0.388970 0.513487
vt 0.360305 0.513243
vt 0.363046 0.528681
vt 0.369688 0.528218
vt 0.379600 0.515531
vt 0.381888 0.508997
vt 0.391665 0.505131
vt 0.392128 0.504014
vt 0.364162 0.523154
vt 0.379162 0.522692
vt 0.386929 0.498025
vt 0.390676 0.528681
vt 0.391004 0.528218
vt 0.398770 0.512235
vt 0.358997 0.503434
vt 0.360677 0.528218
vt 0.360959 0.504087
vt 0.361613 0.503434
vt 0.381562 0.506708
vt 0.362921 0.486758
vt 0.362921 0.489374
vt 0.367500 0.512915
vt 0.373713 0.512588
vt 0.378835 0.523154
vt 0.382320 0.522692
vt 0.385780 0.516185
vt 0.360305 0.509319
vt 0.376657 0.497221
vt 0.384361 0.524733
vt 0.388970 0.516183
vt 0.393045 0.525061
vt 0.357034 0.512915
vt 0.371424 0.494278
vt 0.386929 0.496909
vt 0.386929 0.497698
vt 0.396075 0.505920
vt 0.398770 0.510329
vt 0.358309 0.525523
vt 0.362256 0.525523
vt 0.362921 0.504414
vt 0.380581 0.485124
vt 0.387391 0.509867
vt 0.357689 0.504414
vt 0.373713 0.506703
vt 0.378045 0.520786
vt 0.385485 0.509324
vt 0.388508 0.488552
vt 0.362267 0.508992
vt 0.366846 0.508992
vt 0.373059 0.506703
vt 0.380581 0.496897
vt 0.394034 0.508288
vt 0.394496 0.503224
vt 0.355072 0.487412
vt 0.355072 0.511281
vt 0.358309 0.518745
vt 0.363835 0.524733
vt 0.365741 0.518745
vt 0.374694 0.508338
vt 0.365537 0.485450
vt 0.392917 0.487435
vt 0.392917 0.494868
vt 0.395613 0.504341
vt 0.400349 0.496909
vt 0.400349 0.500067
vt 0.370116 0.491335
vt 0.381562 0.508670
vt 0.384831 0.505073
vt 0.386139 0.505920
vt 0.392128 0.505131
vt 0.370116 0.490682
vt 0.370116 0.492316
vt 0.381235 0.508997
vt 0.392128 0.503552
vt 0.354418 0.503106
vt 0.370116 0.516839
vt 0.392455 0.491710
vt 0.398443 0.488552
vt 0.355726 0.500164
vt 0.359324 0.512588
vt 0.360632 0.513569
vt 0.374425 0.528218
vt 0.384831 0.505727
vt 0.386601 0.506382
vt 0.392128 0.505593
vt 0.354689 0.529470
vt 0.357361 0.513569
vt 0.358015 0.513569
vt 0.358015 0.514550
vt 0.358343 0.513243
vt 0.369135 0.493951
vt 0.358636 0.527102
vt 0.359978 0.509646
vt 0.361005 0.519534
vt 0.364625 0.519534
vt 0.376657 0.493297
vt 0.378619 0.495259
vt 0.359324 0.504741
vt 0.368572 0.524733
vt 0.374040 0.508338
vt 0.380254 0.497878
vt 0.388970 0.506382
vt 0.362256 0.519207
vt 0.376003 0.496567
vt 0.376466 0.524733
vt 0.377965 0.496567
vt 0.394034 0.520920
vt 0.394496 0.522498
vt 0.358015 0.492970
vt 0.360632 0.492970
vt 0.374694 0.515204
vt 0.392917 0.495330
vt 0.400812 0.496909
vt 0.400812 0.498025
vt 0.361286 0.504741
vt 0.366518 0.510627
vt 0.377965 0.494278
vt 0.388508 0.508288
vt 0.394496 0.515066
vt 0.394496 0.516183
vt 0.355072 0.512915
vt 0.357689 0.492644
vt 0.360305 0.493297
vt 0.361467 0.528218
vt 0.362267 0.484469
vt 0.371751 0.484142
vt 0.392128 0.508751
vt 0.354362 0.523154
vt 0.361613 0.487412
vt 0.361613 0.513243
vt 0.362583 0.528681
vt 0.369688 0.528681
vt 0.391665 0.500067
vt 0.391665 0.519341
vt 0.383898 0.527891
vt 0.386139 0.508288
vt 0.386929 0.505130
vt 0.387718 0.494078
vt 0.390676 0.523944
vt 0.393244 0.486973
vt 0.361613 0.497548
vt 0.361613 0.513896
vt 0.363046 0.528218
vt 0.370116 0.491663
vt 0.371730 0.521576
vt 0.391665 0.503552
vt 0.368110 0.524733
vt 0.376329 0.505722
vt 0.377965 0.492644
vt 0.380254 0.490683
vt 0.380908 0.497878
vt 0.388508 0.509078
vt 0.356053 0.499837
vt 0.374887 0.528218
vt 0.383523 0.510632
vt 0.386139 0.504341
vt 0.386601 0.505131
vt 0.387518 0.530587
vt 0.362921 0.510953
vt 0.366846 0.508338
vt 0.388508 0.498026
vt 0.388970 0.493289
vt 0.394496 0.502762
vt 0.364229 0.498529
vt 0.370770 0.501472
vt 0.370770 0.503434
vt 0.391665 0.511119
vt 0.391665 0.515393
vt 0.392455 0.494078
vt 0.392917 0.486646
vt 0.396075 0.511908
vt 0.356053 0.509646
vt 0.362921 0.505068
vt 0.376983 0.492970
vt 0.378619 0.489374
vt 0.378619 0.494605
vt 0.380908 0.485450
vt 0.356380 0.509973
vt 0.359888 0.519997
vt 0.362256 0.527102
vt 0.370940 0.525523
vt 0.371730 0.525061
vt 0.374367 0.510627
vt 0.376657 0.491663
vt 0.362267 0.492316
vt 0.383197 0.513575
vt 0.386929 0.497236
vt 0.387391 0.496447
vt 0.387391 0.498488
vt 0.398770 0.512698
vt 0.358343 0.500164
vt 0.362921 0.493297
vt 0.373386 0.512262
vt 0.378372 0.522692
vt 0.384990 0.516185
vt 0.386929 0.487763
vt 0.395413 0.528218
vt 0.361940 0.513569
vt 0.364162 0.521576
vt 0.371267 0.521113
vt 0.386729 0.527891
vt 0.392128 0.499604
vt 0.357361 0.484142
vt 0.357361 0.511608
vt 0.368572 0.525850
vt 0.370770 0.506049
vt 0.396864 0.517762
vt 0.399560 0.514604
vt 0.354362 0.522692
vt 0.356380 0.492316
vt 0.361613 0.486758
vt 0.363902 0.516512
vt 0.372519 0.517628
vt 0.376466 0.528218
vt 0.357847 0.518745
vt 0.363373 0.524733
vt 0.373386 0.510953
vt 0.377965 0.493624
vt 0.394496 0.514604
vt 0.355399 0.511608
vt 0.357034 0.484469
vt 0.357034 0.511281
vt 0.366203 0.519207
vt 0.383898 0.529008
vt 0.357034 0.512262
vt 0.371751 0.493951
vt 0.385150 0.527429
vt 0.386601 0.504803
vt 0.387518 0.531049
vt 0.391665 0.520130
vt 0.355941 0.519534
vt 0.363046 0.525523
vt 0.364162 0.525523
vt 0.376657 0.486431
vt 0.378946 0.491989
vt 0.388508 0.513025
vt 0.353110 0.516185
vt 0.361286 0.495913
vt 0.364556 0.498202
vt 0.375215 0.521113
vt 0.387391 0.506382
vt 0.393707 0.487763
vt 0.393707 0.490921
vt 0.363248 0.487085
vt 0.365537 0.512915
vt 0.367826 0.512588
vt 0.368154 0.485777
vt 0.369789 0.512588
vt 0.387846 0.528681
vt 0.357361 0.512588
vt 0.357689 0.512262
vt 0.362267 0.491663
vt 0.386929 0.496447
vt 0.392128 0.520592
vt 0.392128 0.520920
vt 0.392128 0.522171
vt 0.356707 0.500818
vt 0.358015 0.504741
vt 0.363248 0.510627
vt 0.373059 0.487085
vt 0.385158 0.509651
vt 0.385940 0.519207
vt 0.388508 0.493751
vt 0.356707 0.491989
vt 0.361940 0.487085
vt 0.376794 0.521113
vt 0.385477 0.527891
vt 0.386267 0.527429
vt 0.391665 0.499604
vt 0.371424 0.500164
vt 0.380414 0.522692
vt 0.383899 0.522692
vt 0.384688 0.522692
vt 0.385158 0.484142
vt 0.387391 0.499277
vt 0.359651 0.513243
vt 0.387718 0.498815
vt 0.391665 0.509867
vt 0.398770 0.496909
vt 0.398770 0.498488
vt 0.399233 0.501183
vt 0.353110 0.503106
vt 0.358015 0.499837
vt 0.385940 0.523154
vt 0.386929 0.488225
vt 0.394951 0.528681
vt 0.397981 0.486646
vt 0.354745 0.509646
vt 0.363046 0.525061
vt 0.376983 0.498856
vt 0.378619 0.487412
vt 0.378619 0.492316
vt 0.378946 0.496894
vt 0.363575 0.516839
vt 0.363902 0.498856
vt 0.372519 0.517166
vt 0.379624 0.528218
vt 0.392128 0.495657
vt 0.384688 0.527891
vt 0.386139 0.502762
vt 0.391665 0.521382
vt 0.392128 0.520130
vt 0.395613 0.490131
vt 0.361613 0.512915
vt 0.362267 0.488393
vt 0.363835 0.522692
vt 0.367172 0.516512
vt 0.377583 0.528218
vt 0.356380 0.500491
vt 0.363248 0.505722
vt 0.366846 0.487739
vt 0.372732 0.487412
vt 0.400022 0.511446
vt 0.359426 0.522692
vt 0.362921 0.512915
vt 0.364625 0.522692
vt 0.383850 0.513575
vt 0.386929 0.498488
vt 0.358309 0.528218
vt 0.360305 0.504087
vt 0.391665 0.490921
vt 0.392128 0.513025
vt 0.400349 0.495657
vt 0.357361 0.500818
vt 0.363835 0.524271
vt 0.366203 0.518745
vt 0.371097 0.508665
vt 0.373713 0.510627
vt 0.384361 0.529008
vt 0.394496 0.507499
vt 0.362594 0.508665
vt 0.371424 0.508338
vt 0.374367 0.508665
vt 0.388508 0.504341
vt 0.388970 0.502762
vt 0.388970 0.505920
vt 0.394496 0.508288
vt 0.356380 0.503106
vt 0.361613 0.492644
vt 0.364556 0.498856
vt 0.391665 0.509078
vt 0.392917 0.494540
vt 0.357847 0.528218
vt 0.360305 0.503434
vt 0.360959 0.503106
vt 0.371751 0.488066
vt 0.381562 0.509978
vt 0.385812 0.490029
vt 0.353110 0.512915
vt 0.359426 0.528218
vt 0.359978 0.513569
vt 0.360215 0.528218
vt 0.360959 0.503434
vt 0.391665 0.510329
vt 0.392128 0.511446
vt 0.355726 0.503106
vt 0.361613 0.493297
vt 0.381235 0.510305
vt 0.385158 0.490029
vt 0.386139 0.515393
vt 0.392128 0.509078
vt 0.358343 0.504414
vt 0.376003 0.493297
vt 0.376003 0.497221
vt 0.388970 0.513815
vt 0.394496 0.520920
vt 0.394496 0.523288
vt 0.384361 0.527891
vt 0.386601 0.508288
vt 0.391665 0.520920
vt 0.391665 0.521709
vt 0.396075 0.490593
vt 0.355072 0.512262
vt 0.361286 0.503760
vt 0.361940 0.503760
vt 0.391665 0.511446
vt 0.392128 0.508288
vt 0.392917 0.496119
vt 0.362267 0.508338
vt 0.367172 0.508665
vt 0.368154 0.506376
vt 0.388508 0.489804
vt 0.388508 0.503224
vt 0.388970 0.498488
vt 0.354745 0.502779
vt 0.375677 0.522692
vt 0.392455 0.486184
vt 0.392582 0.528681
vt 0.392917 0.491710
vt 0.396075 0.511446
vt 0.356053 0.491989
vt 0.360959 0.493297
vt 0.375348 0.515858
vt 0.398770 0.501645
vt 0.399233 0.498488
vt 0.363046 0.521113
vt 0.388180 0.494078
vt 0.388308 0.527429
vt 0.390676 0.523482
vt 0.393707 0.486184
vt 0.359888 0.523154
vt 0.364625 0.523154
vt 0.366192 0.499183
vt 0.371751 0.499837
vt 0.386929 0.498815
vt 0.391466 0.528218
vt 0.358309 0.525061
vt 0.363248 0.504741
vt 0.378619 0.485450
vt 0.378619 0.488720
vt 0.388508 0.515393
vt 0.357689 0.508338
vt 0.385940 0.518745
vt 0.388508 0.483815
vt 0.388508 0.489342
vt 0.388508 0.493289
vt 0.388970 0.498026
vt 0.354418 0.502453
vt 0.370151 0.522692
vt 0.370443 0.516512
vt 0.385150 0.522692
vt 0.385812 0.484142
vt 0.393045 0.528218
vt 0.353110 0.502453
vt 0.357034 0.503106
vt 0.357689 0.499510
vt 0.365864 0.485123
vt 0.375675 0.512262
vt 0.392455 0.486973
vt 0.361940 0.512588
vt 0.366993 0.528218
vt 0.378045 0.528218
vt 0.398770 0.507172
vt 0.355726 0.491663
vt 0.360959 0.492644
vt 0.381562 0.511286
vt 0.386929 0.494868
vt 0.391665 0.489804
vt 0.392917 0.491383
vt 0.355151 0.522692
vt 0.357689 0.512915
vt 0.362594 0.491989
vt 0.362921 0.512262
vt 0.377311 0.515858
vt 0.383523 0.513249
vt 0.353110 0.516839
vt 0.356380 0.491663
vt 0.363575 0.516185
vt 0.375677 0.521113
vt 0.377256 0.521113
vt 0.391665 0.495657
vt 0.356707 0.509646
vt 0.359098 0.527102
vt 0.359426 0.519534
vt 0.361467 0.519534
vt 0.376794 0.524733
vt 0.388508 0.517435
vt 0.356380 0.504414
vt 0.364883 0.510300
vt 0.374040 0.508992
vt 0.380581 0.490356
vt 0.380581 0.497551
vt 0.388970 0.504803
vt 0.357847 0.525061
vt 0.358343 0.505068
vt 0.376003 0.504414
vt 0.378619 0.484796
vt 0.386929 0.509867
vt 0.394496 0.523750
vt 0.355726 0.505068
vt 0.366191 0.510300
vt 0.376329 0.487085
vt 0.376983 0.486104
vt 0.388970 0.508288
vt 0.388970 0.513025
vt 0.356707 0.484142
vt 0.357034 0.483815
vt 0.357034 0.484796
vt 0.357034 0.500491
vt 0.384177 0.490683
vt 0.384361 0.529470
vt 0.396402 0.518224
vt 0.357034 0.492316
vt 0.363575 0.499183
vt 0.366531 0.528218
vt 0.367782 0.523154
vt 0.374367 0.515531
vt 0.379162 0.528218
vt 0.385940 0.530587
vt 0.398770 0.506709
vt 0.399233 0.511908
vt 0.365537 0.484796
vt 0.368154 0.504087
vt 0.374694 0.512915
vt 0.375675 0.512915
vt 0.392455 0.494868
vt 0.400349 0.498025
vt 0.355151 0.523154
vt 0.358015 0.512588
vt 0.384361 0.527429
vt 0.387718 0.494540
vt 0.387846 0.527891
vt 0.392128 0.521709
vt 0.356053 0.504741
vt 0.373386 0.510300
vt 0.388180 0.509078
vt 0.388508 0.508751
vt 0.394034 0.514604
vt 0.394496 0.507961
vt 0.354362 0.529008
vt 0.358669 0.513569
vt 0.368808 0.493624
vt 0.369135 0.491989
vt 0.393244 0.503224
vt 0.354689 0.519997
vt 0.362256 0.526640
vt 0.372078 0.508011
vt 0.376983 0.491989
vt 0.376983 0.499837
vt 0.378619 0.487739
vt 0.380414 0.524271
vt 0.355151 0.519534
vt 0.359888 0.519534
vt 0.361794 0.526640
vt 0.372846 0.524733
vt 0.374098 0.524271
vt 0.388970 0.516972
vt 0.360305 0.492644
vt 0.362594 0.484142
vt 0.374694 0.512262
vt 0.392917 0.493751
vt 0.398443 0.484605
vt 0.400349 0.498488
vt 0.356380 0.483815
vt 0.370443 0.505722
vt 0.396402 0.517762
vt 0.400022 0.514604
vt 0.358343 0.499510
vt 0.368154 0.516839
vt 0.385940 0.522692
vt 0.393834 0.528681
vt 0.394951 0.528218
vt 0.359098 0.526640
vt 0.377256 0.524271
vt 0.378619 0.486431
vt 0.378946 0.489047
vt 0.378946 0.494932
vt 0.388970 0.515856
vt 0.394034 0.521709
vt 0.356380 0.505068
vt 0.362256 0.518745
vt 0.366203 0.524271
vt 0.376003 0.508992
vt 0.378292 0.492970
vt 0.378292 0.496894
vt 0.380908 0.490683
vt 0.360677 0.523154
vt 0.363248 0.489047
vt 0.366192 0.512915
vt 0.367500 0.512262
vt 0.388308 0.528218
vt 0.354418 0.511281
vt 0.358015 0.508665
vt 0.366846 0.488393
vt 0.372732 0.486758
vt 0.385477 0.518745
vt 0.362921 0.488720
vt 0.363248 0.492970
vt 0.366192 0.512262
vt 0.366993 0.523154
vt 0.378835 0.522692
vt 0.398770 0.510657
vt 0.376003 0.500491
vt 0.376657 0.484469
vt 0.378619 0.486758
vt 0.378619 0.496567
vt 0.388508 0.518551
vt 0.376003 0.487412
vt 0.376003 0.501144
vt 0.376657 0.485777
vt 0.377965 0.490355
vt 0.378619 0.491663
vt 0.378946 0.487085
vt 0.359651 0.512915
vt 0.362267 0.487739
vt 0.364556 0.512588
vt 0.365864 0.512588
vt 0.366846 0.516185
vt 0.368481 0.486104
vt 0.375215 0.528681
vt 0.363575 0.510953
vt 0.365210 0.510627
vt 0.370116 0.508338
vt 0.371424 0.508992
vt 0.388970 0.504341
vt 0.354418 0.487412
vt 0.357034 0.501144
vt 0.357361 0.485123
vt 0.370770 0.508338
vt 0.399560 0.529603
vt 0.354091 0.516512
vt 0.362921 0.499510
vt 0.364556 0.497548
vt 0.391466 0.530587
vt 0.393244 0.489342
vt 0.393707 0.491383
vt 0.354418 0.493625
vt 0.362921 0.491335
vt 0.367500 0.516185
vt 0.371097 0.503760
vt 0.372057 0.523154
vt 0.375215 0.523154
vt 0.392917 0.486184
vt 0.360677 0.522692
vt 0.364229 0.512915
vt 0.365537 0.512262
vt 0.366846 0.499183
vt 0.388308 0.528681
vt 0.357361 0.491989
vt 0.363248 0.499837
vt 0.363575 0.498529
vt 0.364229 0.497875
vt 0.375677 0.521576
vt 0.391665 0.496119
vt 0.358669 0.499837
vt 0.362921 0.492644
vt 0.366531 0.523154
vt 0.368480 0.516512
vt 0.383851 0.515858
vt 0.361286 0.498856
vt 0.361613 0.512262
vt 0.362594 0.488066
vt 0.366531 0.528681
vt 0.374040 0.515858
vt 0.375677 0.528681
vt 0.360677 0.530587
vt 0.365741 0.524733
vt 0.376003 0.484796
vt 0.376003 0.492644
vt 0.376329 0.496894
vt 0.377965 0.497221
vt 0.388508 0.510329
vt 0.354689 0.523154
vt 0.362583 0.521576
vt 0.377311 0.515204
vt 0.386601 0.507172
vt 0.388308 0.527891
vt 0.391665 0.514277
vt 0.359888 0.522692
vt 0.362267 0.513243
vt 0.363248 0.512588
vt 0.364883 0.503434
vt 0.366192 0.498529
vt 0.377638 0.515531
vt 0.392128 0.513815
vt 0.361467 0.518745
vt 0.370770 0.508992
vt 0.385150 0.519207
vt 0.387718 0.509078
vt 0.394034 0.507499
vt 0.400022 0.529603
vt 0.358997 0.514877
vt 0.363046 0.521576
vt 0.366203 0.521113
vt 0.384504 0.506054
vt 0.386139 0.506710
vt 0.393244 0.486184
vt 0.364883 0.508338
vt 0.368481 0.506703
vt 0.388970 0.484278
vt 0.388970 0.489342
vt 0.394034 0.496447
vt 0.355399 0.512588
vt 0.362267 0.483815
vt 0.392455 0.493289
vt 0.392917 0.485067
vt 0.392917 0.495657
vt 0.398443 0.485394
vt 0.363575 0.510300
vt 0.364883 0.508992
vt 0.368154 0.507030
vt 0.371751 0.508665
vt 0.388508 0.500394
vt 0.388508 0.502762
vt 0.354418 0.494278
vt 0.355072 0.503106
vt 0.356380 0.502453
vt 0.370770 0.504087
vt 0.372732 0.512262
vt 0.392917 0.494078
vt 0.364883 0.504087
vt 0.366518 0.498856
vt 0.370151 0.523154
vt 0.378372 0.528218
vt 0.384688 0.528218
vt 0.385485 0.483815
vt 0.387391 0.498815
vt 0.396075 0.505593
vt 0.376003 0.498202
vt 0.376003 0.503106
vt 0.376983 0.496894
vt 0.378619 0.488393
vt 0.380414 0.524733
vt 0.388508 0.516645
vt 0.355726 0.502453
vt 0.356707 0.502779
vt 0.361940 0.492970
vt 0.372732 0.512915
vt 0.376003 0.500164
vt 0.376003 0.505068
vt 0.378619 0.485777
vt 0.378946 0.485123
vt 0.388970 0.515393
vt 0.353437 0.502779
vt 0.354091 0.502779
vt 0.357361 0.502779
vt 0.368154 0.485450
vt 0.378045 0.523154
vt 0.385478 0.522692
vt 0.393372 0.528218
vt 0.355151 0.519997
vt 0.372078 0.507357
vt 0.373636 0.524733
vt 0.388970 0.512236
vt 0.353764 0.503106
vt 0.357034 0.502453
vt 0.358343 0.503106
vt 0.368481 0.503760
vt 0.375349 0.512588
vt 0.362256 0.523154
vt 0.362921 0.490682
vt 0.369688 0.523154
vt 0.375677 0.523154
vt 0.385150 0.528681
vt 0.393045 0.528681
vt 0.360632 0.509646
vt 0.376003 0.489374
vt 0.376329 0.502779
vt 0.376657 0.483815
vt 0.388508 0.516183
vt 0.388508 0.519013
vt 0.394496 0.513815
vt 0.354418 0.506049
vt 0.359651 0.506049
vt 0.359978 0.510627
vt 0.361613 0.506049
vt 0.364883 0.506049
vt 0.365537 0.506049
vt 0.368808 0.505395
vt 0.369462 0.506049
vt 0.370116 0.505395
vt 0.370770 0.505395
vt 0.374694 0.498529
vt 0.374694 0.502453
vt 0.375021 0.501799
vt 0.378619 0.510953
vt 0.379927 0.503764
vt 0.379927 0.504418
vt 0.394034 0.491710
vt 0.394161 0.529797
vt 0.400022 0.485394
vt 0.400022 0.515066
vt 0.353437 0.506703
vt 0.353764 0.507030
vt 0.359098 0.530587
vt 0.375349 0.498202
vt 0.375349 0.506049
vt 0.380254 0.493953
vt 0.400022 0.518224
vt 0.353764 0.516839
vt 0.357034 0.491663
vt 0.362921 0.500164
vt 0.381562 0.506054
vt 0.385477 0.530587
vt 0.353764 0.506376
vt 0.356380 0.507030
vt 0.358636 0.530587
vt 0.399560 0.526446
vt 0.355726 0.504414
vt 0.361467 0.519207
vt 0.376003 0.486758
vt 0.378292 0.490028
vt 0.380908 0.496570
vt 0.387718 0.509540
vt 0.388970 0.507961
vt 0.354745 0.487085
vt 0.357034 0.485450
vt 0.365537 0.495913
vt 0.367172 0.487085
vt 0.384504 0.490356
vt 0.390087 0.484605
vt 0.362267 0.513896
vt 0.364229 0.516839
vt 0.365210 0.503760
vt 0.383850 0.511613
vt 0.395613 0.505131
vt 0.353110 0.508338
vt 0.354418 0.511934
vt 0.357689 0.508992
vt 0.378372 0.520324
vt 0.388970 0.483815
vt 0.394034 0.495657
vt 0.394496 0.496447
vt 0.358669 0.504741
vt 0.367782 0.524271
vt 0.370940 0.524271
vt 0.376003 0.499510
vt 0.376329 0.492970
vt 0.376329 0.504741
vt 0.377965 0.492316
vt 0.388970 0.509867
vt 0.353437 0.512588
vt 0.385812 0.486759
vt 0.391665 0.511908
vt 0.392455 0.484605
vt 0.392455 0.495657
vt 0.398770 0.517762
vt 0.353110 0.512262
vt 0.370770 0.516839
vt 0.385158 0.486759
vt 0.387718 0.499277
vt 0.389887 0.522692
vt 0.392128 0.510329
vt 0.396075 0.510657
vt 0.355072 0.494278
vt 0.375675 0.515531
vt 0.388180 0.499277
vt 0.389887 0.523154
vt 0.398770 0.501183
vt 0.360959 0.498529
vt 0.361940 0.491009
vt 0.374040 0.515204
vt 0.381888 0.506381
vt 0.385477 0.531049
vt 0.373308 0.524271
vt 0.376003 0.495259
vt 0.376003 0.498529
vt 0.376657 0.485450
vt 0.377256 0.524733
vt 0.388508 0.516972
vt 0.394496 0.522171
vt 0.362594 0.513569
vt 0.364229 0.516185
vt 0.384177 0.506381
vt 0.386601 0.504014
vt 0.386601 0.506710
vt 0.391665 0.513815
vt 0.360215 0.522692
vt 0.366518 0.512588
vt 0.366846 0.498529
vt 0.382543 0.515858
vt 0.398770 0.511119
vt 0.400812 0.497236
vt 0.356707 0.504741
vt 0.364883 0.510953
vt 0.369462 0.508338
vt 0.370116 0.508992
vt 0.372732 0.508338
vt 0.376003 0.508338
vt 0.394034 0.506709
vt 0.372078 0.512915
vt 0.392917 0.493289
vt 0.397981 0.485067
vt 0.397981 0.485394
vt 0.398443 0.483815
vt 0.355941 0.518745
vt 0.361005 0.518745
vt 0.380581 0.496243
vt 0.384688 0.518745
vt 0.370478 0.524733
vt 0.376329 0.499837
vt 0.376657 0.484796
vt 0.377965 0.498202
vt 0.378946 0.486104
vt 0.394496 0.521709
vt 0.353437 0.514223
vt 0.354745 0.493951
vt 0.355072 0.502453
vt 0.362921 0.491663
vt 0.367500 0.516839
vt 0.360677 0.531049
vt 0.366203 0.524733
vt 0.376329 0.508665
vt 0.380254 0.495916
vt 0.394496 0.507172
vt 0.358636 0.530260
vt 0.364883 0.485450
vt 0.379162 0.529797
vt 0.382869 0.501148
vt 0.397981 0.518224
vt 0.354418 0.507030
vt 0.355726 0.506376
vt 0.356380 0.506376
vt 0.357034 0.507030
vt 0.396202 0.530260
vt 0.399560 0.526908
vt 0.366531 0.524733
vt 0.376003 0.485450
vt 0.377965 0.491663
vt 0.388508 0.509867
vt 0.355941 0.523944
vt 0.363575 0.500164
vt 0.382216 0.501148
vt 0.382542 0.491664
vt 0.393707 0.509078
vt 0.398443 0.517762
vt 0.398443 0.518551
vt 0.398443 0.526446
vt 0.359324 0.498856
vt 0.359978 0.512588
vt 0.360959 0.499183
vt 0.361613 0.491335
vt 0.375677 0.528218
vt 0.381888 0.507689
vt 0.392128 0.518551
vt 0.365741 0.523154
vt 0.366846 0.512915
vt 0.368154 0.516185
vt 0.368481 0.485123
vt 0.383197 0.515858
vt 0.383851 0.515204
vt 0.393834 0.528218
vt 0.368899 0.524733
vt 0.372405 0.507684
vt 0.376003 0.497548
vt 0.377965 0.495259
vt 0.378946 0.488066
vt 0.388508 0.512236
vt 0.394496 0.520592
vt 0.365741 0.521576
vt 0.382782 0.527429
vt 0.384831 0.506381
vt 0.386139 0.503552
vt 0.387518 0.527429
vt 0.354418 0.486758
vt 0.355478 0.518745
vt 0.360677 0.524271
vt 0.385150 0.518745
vt 0.388970 0.494540
vt 0.390549 0.484605
vt 0.399560 0.530066
vt 0.354745 0.511608
vt 0.357034 0.506049
vt 0.366846 0.495586
vt 0.367172 0.488066
vt 0.378835 0.520324
vt 0.398571 0.529797
vt 0.399560 0.510657
vt 0.399560 0.511446
vt 0.355072 0.493625
vt 0.361286 0.492970
vt 0.370770 0.512915
vt 0.375348 0.515204
vt 0.388308 0.523154
vt 0.392917 0.490921
vt 0.365210 0.508665
vt 0.366191 0.508338
vt 0.373386 0.505068
vt 0.388508 0.486646
vt 0.388970 0.500394
vt 0.394496 0.496119
vt 0.394496 0.496909
vt 0.373308 0.524733
vt 0.374098 0.524733
vt 0.376003 0.499183
vt 0.388508 0.512698
vt 0.394034 0.520130
vt 0.394496 0.517762
vt 0.353110 0.514550
vt 0.355399 0.502779
vt 0.356053 0.502779
vt 0.360959 0.502453
vt 0.373059 0.512588
vt 0.381203 0.522692
vt 0.385485 0.489702
vt 0.392455 0.492499
vt 0.356380 0.484469
vt 0.366846 0.486758
vt 0.369462 0.505395
vt 0.370116 0.506049
vt 0.384831 0.490683
vt 0.361794 0.522692
vt 0.362267 0.487412
vt 0.378372 0.528681
vt 0.381889 0.515204
vt 0.385150 0.528218
vt 0.365414 0.517956
vt 0.375349 0.507030
vt 0.376329 0.500818
vt 0.376983 0.484142
vt 0.377965 0.489701
vt 0.388508 0.507499
vt 0.394034 0.504341
vt 0.394034 0.513814
vt 0.358343 0.502453
vt 0.368154 0.503434
vt 0.372405 0.512588
vt 0.375021 0.512588
vt 0.377256 0.523154
vt 0.397981 0.484605
vt 0.366203 0.523154
vt 0.366993 0.522692
vt 0.380581 0.515858
vt 0.382543 0.515204
vt 0.383898 0.528218
vt 0.384178 0.515531
vt 0.399233 0.511119
vt 0.360215 0.531049
vt 0.366993 0.524271
vt 0.373386 0.508992
vt 0.376329 0.485123
vt 0.379273 0.502456
vt 0.380908 0.495916
vt 0.363902 0.510627
vt 0.366191 0.508992
vt 0.370443 0.508665
vt 0.373059 0.508665
vt 0.376003 0.508011
vt 0.388508 0.501646
vt 0.388970 0.500856
vt 0.362256 0.522692
vt 0.363248 0.491009
vt 0.371424 0.498529
vt 0.372519 0.522692
vt 0.381889 0.515858
vt 0.355941 0.519207
vt 0.360677 0.524733
vt 0.380254 0.496570
vt 0.388970 0.507499
vt 0.394496 0.504803
vt 0.353110 0.523154
vt 0.362267 0.486758
vt 0.378619 0.515204
vt 0.378835 0.528681
vt 0.383523 0.511286
vt 0.396075 0.505131
vt 0.398770 0.504341
vt 0.353110 0.508992
vt 0.373386 0.504414
vt 0.387519 0.518745
vt 0.394496 0.495657
vt 0.359651 0.512262
vt 0.364229 0.512262
vt 0.367172 0.498856
vt 0.371424 0.496240
vt 0.391665 0.519013
vt 0.398770 0.505130
vt 0.400349 0.497236
vt 0.353764 0.516185
vt 0.361613 0.490682
vt 0.381235 0.506381
vt 0.381562 0.504092
vt 0.381562 0.507362
vt 0.383197 0.494607
vt 0.391466 0.531049
vt 0.362267 0.497548
vt 0.383850 0.494607
vt 0.391004 0.530587
vt 0.393244 0.484278
vt 0.393707 0.489342
vt 0.353572 0.522692
vt 0.364556 0.516512
vt 0.366993 0.521113
vt 0.382320 0.527891
vt 0.383197 0.511613
vt 0.386601 0.503552
vt 0.360632 0.503760
vt 0.361286 0.502779
vt 0.370478 0.523154
vt 0.381530 0.522692
vt 0.391665 0.513487
vt 0.392255 0.528218
vt 0.392917 0.492962
vt 0.353764 0.502453
vt 0.358669 0.502779
vt 0.371267 0.523154
vt 0.374098 0.523154
vt 0.377256 0.522692
vt 0.377583 0.522692
vt 0.357689 0.503106
vt 0.371097 0.516512
vt 0.385485 0.486432
vt 0.388180 0.507172
vt 0.399233 0.518224
vt 0.365864 0.495586
vt 0.384177 0.489375
vt 0.387391 0.507499
vt 0.388970 0.494078
vt 0.390087 0.485067
vt 0.390549 0.483815
vt 0.357034 0.513896
vt 0.357689 0.513243
vt 0.358343 0.494605
vt 0.358636 0.529797
vt 0.379624 0.530260
vt 0.380413 0.530260
vt 0.371424 0.502125
vt 0.380741 0.522692
vt 0.392255 0.528681
vt 0.392917 0.492499
vt 0.365537 0.486431
vt 0.366846 0.512262
vt 0.368154 0.484796
vt 0.371730 0.523154
vt 0.378045 0.522692
vt 0.389887 0.528681
vt 0.364162 0.524733
vt 0.366993 0.524733
vt 0.367782 0.524733
vt 0.377965 0.485777
vt 0.378292 0.491989
vt 0.379927 0.502456
vt 0.355072 0.507030
vt 0.357034 0.506376
vt 0.357689 0.507030
vt 0.374694 0.496240
vt 0.375349 0.503106
vt 0.377311 0.485450
vt 0.377311 0.497221
vt 0.383571 0.530260
vt 0.388180 0.508288
vt 0.396202 0.529797
vt 0.366191 0.504087
vt 0.366203 0.522692
vt 0.383524 0.515531
vt 0.384361 0.528218
vt 0.363248 0.491989
vt 0.367500 0.503434
vt 0.367826 0.516512
vt 0.371424 0.499183
vt 0.372519 0.523154
vt 0.380413 0.528681
vt 0.369462 0.508992
vt 0.371424 0.507030
vt 0.373386 0.508338
vt 0.380581 0.495589
vt 0.386929 0.508750
vt 0.394496 0.506709
vt 0.366518 0.508665
vt 0.376003 0.507357
vt 0.388508 0.494868
vt 0.388970 0.486184
vt 0.388970 0.486973
vt 0.367172 0.507684
vt 0.372057 0.518745
vt 0.383571 0.529797
vt 0.387718 0.508750
vt 0.393707 0.519341
vt 0.376003 0.494605
vt 0.376983 0.485123
vt 0.378292 0.497875
vt 0.394034 0.512698
vt 0.394496 0.509078
vt 0.394496 0.511446
vt 0.359888 0.531049
vt 0.365537 0.510953
vt 0.376003 0.488720
vt 0.376003 0.502453
vt 0.376329 0.497875
vt 0.378292 0.494932
vt 0.371424 0.495259
vt 0.371424 0.495586
vt 0.380908 0.515531
vt 0.382870 0.515531
vt 0.399233 0.505920
vt 0.400349 0.497698
vt 0.358997 0.499183
vt 0.364883 0.499183
vt 0.366203 0.528218
vt 0.391665 0.518551
vt 0.398770 0.505593
vt 0.360215 0.524271
vt 0.360677 0.519207
vt 0.364952 0.518418
vt 0.387391 0.507961
vt 0.388508 0.494078
vt 0.394496 0.504341
vt 0.367320 0.524733
vt 0.370940 0.524733
vt 0.377965 0.484469
vt 0.377965 0.486431
vt 0.377965 0.497548
vt 0.394034 0.509540
vt 0.376466 0.523154
vt 0.387718 0.506709
vt 0.392917 0.484605
vt 0.394624 0.528218
vt 0.397981 0.484278
vt 0.397981 0.485857
vt 0.398770 0.518224
vt 0.353437 0.508665
vt 0.354418 0.508338
vt 0.366846 0.496240
vt 0.373059 0.485123
vt 0.378835 0.520786
vt 0.387519 0.519207
vt 0.390087 0.485857
vt 0.361613 0.505068
vt 0.369361 0.524271
vt 0.376003 0.486431
vt 0.394034 0.517762
vt 0.394496 0.520130
vt 0.366993 0.521576
vt 0.382782 0.527891
vt 0.387056 0.527429
vt 0.387718 0.495330
vt 0.389097 0.527891
vt 0.353572 0.529008
vt 0.357361 0.514550
vt 0.368808 0.491663
vt 0.393244 0.502762
vt 0.393244 0.503552
vt 0.393244 0.504803
vt 0.374694 0.503434
vt 0.379273 0.503764
vt 0.380908 0.493953
vt 0.381992 0.518745
vt 0.393045 0.530260
vt 0.394034 0.492172
vt 0.399560 0.517762
vt 0.376003 0.485777
vt 0.376329 0.494932
vt 0.376329 0.498856
vt 0.388970 0.506710
vt 0.394034 0.518224
vt 0.394496 0.512236
vt 0.357057 0.518745
vt 0.364229 0.510300
vt 0.369789 0.508665
vt 0.371424 0.506376
vt 0.372732 0.508992
vt 0.388970 0.501183
vt 0.358997 0.498529
vt 0.362921 0.516839
vt 0.365210 0.498856
vt 0.381235 0.507689
vt 0.381888 0.504419
vt 0.398770 0.497698
vt 0.364625 0.524271
vt 0.368572 0.517956
vt 0.373713 0.508665
vt 0.379600 0.502129
vt 0.387391 0.508288
vt 0.372078 0.512262
vt 0.372846 0.523154
vt 0.373636 0.522692
vt 0.374425 0.523154
vt 0.376466 0.522692
vt 0.376794 0.522692
vt 0.397981 0.483815
vt 0.354418 0.508992
vt 0.358997 0.508338
vt 0.373713 0.504741
vt 0.387056 0.519207
vt 0.388508 0.486184
vt 0.388508 0.487435
vt 0.359324 0.514550
vt 0.366203 0.521576
vt 0.387518 0.527891
vt 0.387718 0.494868
vt 0.393707 0.485394
vt 0.381235 0.511613
vt 0.381992 0.523154
vt 0.385477 0.528218
vt 0.387846 0.522692
vt 0.391665 0.513025
vt 0.392455 0.490921
vt 0.398770 0.513025
vt 0.400812 0.496119
vt 0.362594 0.487085
vt 0.366191 0.516185
vt 0.371751 0.498856
vt 0.376003 0.515858
vt 0.378619 0.515858
vt 0.379951 0.528218
vt 0.382216 0.515531
vt 0.366846 0.507357
vt 0.372519 0.518745
vt 0.375349 0.508011
vt 0.353572 0.523154
vt 0.363373 0.521576
vt 0.366531 0.521576
vt 0.384177 0.507035
vt 0.389097 0.527429
vt 0.391665 0.507499
vt 0.399233 0.504803
vt 0.353437 0.514877
vt 0.362921 0.492316
vt 0.367500 0.504087
vt 0.371424 0.498202
vt 0.371424 0.501472
vt 0.380741 0.523154
vt 0.383571 0.528681
vt 0.362267 0.504087
vt 0.366518 0.503760
vt 0.380581 0.515204
vt 0.383898 0.528681
vt 0.386601 0.516183
vt 0.395613 0.506709
vt 0.398770 0.506382
vt 0.357520 0.518745
vt 0.361467 0.527102
vt 0.376329 0.507684
vt 0.388508 0.495657
vt 0.388508 0.501183
vt 0.388970 0.495330
vt 0.355151 0.519207
vt 0.360215 0.518745
vt 0.365414 0.518418
vt 0.375675 0.506703
vt 0.357689 0.502453
vt 0.370116 0.512262
vt 0.370770 0.516185
vt 0.395613 0.510657
vt 0.396530 0.528218
vt 0.355399 0.493951
vt 0.362921 0.488393
vt 0.371097 0.512588
vt 0.389425 0.522692
vt 0.395613 0.511119
vt 0.396992 0.528218
vt 0.367172 0.486104
vt 0.384831 0.489375
vt 0.387718 0.484278
vt 0.390087 0.484278
vt 0.365741 0.528681
vt 0.371424 0.493297
vt 0.371751 0.494932
vt 0.371751 0.495913
vt 0.392128 0.503224
vt 0.399233 0.505593
vt 0.400812 0.483815
vt 0.358343 0.493297
vt 0.376003 0.515204
vt 0.378946 0.515531
vt 0.392128 0.507961
vt 0.392128 0.514604
vt 0.398770 0.504803
vt 0.358309 0.523154
vt 0.365864 0.486104
vt 0.366191 0.503434
vt 0.367172 0.503760
vt 0.367172 0.512588
vt 0.383197 0.515204
vt 0.396075 0.506709
vt 0.396075 0.508288
vt 0.354689 0.518745
vt 0.358636 0.524733
vt 0.359888 0.530587
vt 0.360959 0.508992
vt 0.375349 0.506376
vt 0.376329 0.489047
vt 0.388970 0.497236
vt 0.394034 0.514277
vt 0.365864 0.496240
vt 0.366846 0.487412
vt 0.369135 0.505722
vt 0.369789 0.505722
vt 0.388180 0.483815
vt 0.390087 0.483815
vt 0.357034 0.504414
vt 0.363835 0.517956
vt 0.364625 0.524733
vt 0.368110 0.518418
vt 0.377965 0.483815
vt 0.378292 0.486104
vt 0.388970 0.504014
vt 0.364883 0.498529
vt 0.365741 0.528218
vt 0.386139 0.485857
vt 0.392128 0.502762
vt 0.398770 0.497236
vt 0.364229 0.500164
vt 0.371424 0.492644
vt 0.371424 0.494605
vt 0.386139 0.516183
vt 0.398770 0.505920
vt 0.361005 0.524733
vt 0.361940 0.504741
vt 0.364162 0.518418
vt 0.365537 0.510300
vt 0.369361 0.524733
vt 0.377965 0.494605
vt 0.358015 0.502779
vt 0.362921 0.490355
vt 0.368808 0.512262
vt 0.370116 0.512915
vt 0.387718 0.507172
vt 0.394161 0.528681
vt 0.358997 0.508992
vt 0.361005 0.526640
vt 0.388508 0.486973
vt 0.388970 0.494868
vt 0.394034 0.497236
vt 0.394496 0.493289
vt 0.355151 0.518745
vt 0.356053 0.511608
vt 0.359098 0.524733
vt 0.360677 0.518745
vt 0.366846 0.486431
vt 0.384504 0.489048
vt 0.386929 0.507499
vt 0.362921 0.484469
vt 0.362921 0.486431
vt 0.365537 0.498529
vt 0.371730 0.522692
vt 0.373309 0.523154
vt 0.374098 0.522692
vt 0.389425 0.528218
vt 0.367320 0.518418
vt 0.368808 0.508338
vt 0.388508 0.507172
vt 0.394034 0.511446
vt 0.394034 0.512236
vt 0.394496 0.505593
vt 0.362594 0.497875
vt 0.363248 0.516512
vt 0.368572 0.521576
vt 0.372405 0.515531
vt 0.381235 0.504419
vt 0.383523 0.494281
vt 0.390214 0.529008
vt 0.364229 0.510953
vt 0.368572 0.518418
vt 0.371751 0.506703
vt 0.372078 0.507030
vt 0.386929 0.508288
vt 0.388508 0.503552
vt 0.394034 0.500394
vt 0.357520 0.519207
vt 0.364556 0.510627
vt 0.372078 0.506376
vt 0.388970 0.496119
vt 0.388970 0.498815
vt 0.362267 0.489374
vt 0.365537 0.503434
vt 0.366191 0.516839
vt 0.367826 0.503760
vt 0.371424 0.497548
vt 0.380413 0.528218
vt 0.358343 0.492644
vt 0.363835 0.521576
vt 0.383109 0.527891
vt 0.391665 0.498488
vt 0.392128 0.507499
vt 0.357034 0.505068
vt 0.366191 0.508011
vt 0.378292 0.484142
vt 0.394034 0.505131
vt 0.394034 0.509078
vt 0.394034 0.511908
vt 0.364229 0.506049
vt 0.367172 0.495913
vt 0.390087 0.485394
vt 0.398108 0.529797
vt 0.362267 0.498202
vt 0.368572 0.521113
vt 0.368808 0.488720
vt 0.393244 0.483815
vt 0.354745 0.508665
vt 0.359324 0.508665
vt 0.372732 0.484796
vt 0.384177 0.488721
vt 0.394034 0.492962
vt 0.394034 0.493751
vt 0.365537 0.485777
vt 0.365537 0.499183
vt 0.366846 0.504087
vt 0.389887 0.528218
vt 0.361613 0.504414
vt 0.364625 0.517956
vt 0.368154 0.508992
vt 0.368808 0.508992
vt 0.376329 0.486104
vt 0.388508 0.506710
vt 0.362921 0.485777
vt 0.364952 0.523154
vt 0.373309 0.522692
vt 0.374887 0.523154
vt 0.362267 0.488720
vt 0.366518 0.516512
vt 0.368572 0.528218
vt 0.376329 0.515531
vt 0.391665 0.514604
vt 0.356380 0.495586
vt 0.357520 0.517628
vt 0.358309 0.517628
vt 0.358997 0.514223
vt 0.363046 0.523482
vt 0.363575 0.499510
vt 0.363835 0.530260
vt 0.364229 0.486431
vt 0.373308 0.529797
vt 0.373386 0.493625
vt 0.373386 0.494605
vt 0.382216 0.493953
vt 0.386929 0.505593
vt 0.389098 0.523944
vt 0.389887 0.523944
vt 0.390214 0.523482
vt 0.393244 0.507961
vt 0.393244 0.509078
vt 0.393707 0.484605
vt 0.393707 0.485857
vt 0.393707 0.486646
vt 0.398443 0.526118
vt 0.359426 0.530587
vt 0.359651 0.508992
vt 0.361467 0.524733
vt 0.365864 0.510627
vt 0.388970 0.496909
vt 0.388970 0.497698
vt 0.358309 0.522692
vt 0.362267 0.503434
vt 0.362267 0.512915
vt 0.362594 0.491009
vt 0.395613 0.507172
vt 0.362921 0.516185
vt 0.372078 0.515858
vt 0.386601 0.485857
vt 0.391665 0.490131
vt 0.392128 0.484278
vt 0.399233 0.497698
vt 0.357361 0.504741
vt 0.363373 0.518418
vt 0.366191 0.507357
vt 0.394496 0.501183
vt 0.394496 0.502435
vt 0.361467 0.526640
vt 0.388508 0.490131
vt 0.388508 0.499277
vt 0.388970 0.495657
vt 0.394496 0.497698
vt 0.394496 0.498488
vt 0.362594 0.503760
vt 0.362594 0.512588
vt 0.364229 0.499510
vt 0.383850 0.510305
vt 0.383850 0.512921
vt 0.386139 0.516645
vt 0.355726 0.511934
vt 0.359098 0.524271
vt 0.361286 0.508665
vt 0.387846 0.520786
vt 0.388635 0.520324
vt 0.366846 0.508011
vt 0.374694 0.506049
vt 0.375021 0.495913
vt 0.375349 0.492644
vt 0.375349 0.495259
vt 0.375349 0.504087
vt 0.375349 0.507357
vt 0.383109 0.530260
vt 0.399560 0.516183
vt 0.399560 0.526118
vt 0.400022 0.516972
vt 0.362921 0.484796
vt 0.365414 0.522692
vt 0.368808 0.512915
vt 0.369361 0.523154
vt 0.374887 0.522692
vt 0.376004 0.522692
vt 0.394161 0.528218
vt 0.398770 0.514604
vt 0.370940 0.522692
vt 0.371424 0.497221
vt 0.371751 0.501799
vt 0.383571 0.528218
vt 0.391793 0.528218
vt 0.363835 0.518418
vt 0.388970 0.500067
vt 0.388970 0.503552
vt 0.394034 0.501646
vt 0.394496 0.500856
vt 0.362921 0.489701
vt 0.363248 0.488066
vt 0.370443 0.512588
vt 0.385812 0.485450
vt 0.396530 0.528681
vt 0.398770 0.513814
vt 0.362921 0.487739
vt 0.363046 0.523154
vt 0.370770 0.512262
vt 0.385158 0.485450
vt 0.385940 0.528681
vt 0.388308 0.522692
vt 0.362921 0.508992
vt 0.367782 0.518418
vt 0.368154 0.508338
vt 0.369135 0.508665
vt 0.372732 0.510953
vt 0.364556 0.499837
vt 0.369361 0.528218
vt 0.371424 0.490355
vt 0.371751 0.492970
vt 0.383523 0.509978
vt 0.392128 0.502435
vt 0.400349 0.484278
vt 0.353110 0.504414
vt 0.394034 0.493289
vt 0.394034 0.498026
vt 0.394496 0.492499
vt 0.394496 0.497236
vt 0.357520 0.523154
vt 0.363248 0.484142
vt 0.365537 0.492316
vt 0.365864 0.498856
vt 0.366846 0.503434
vt 0.382782 0.528681
vt 0.395613 0.508751
vt 0.355941 0.528681
vt 0.386139 0.485394
vt 0.391665 0.502762
vt 0.392128 0.490131
vt 0.392128 0.501973
vt 0.400349 0.483815
vt 0.366518 0.507684
vt 0.367500 0.508338
vt 0.367782 0.517956
vt 0.372732 0.510300
vt 0.394496 0.501973
vt 0.394496 0.505131
vt 0.353437 0.504741
vt 0.357520 0.524271
vt 0.384361 0.520786
vt 0.384831 0.488721
vt 0.386729 0.517956
vt 0.394034 0.492499
vt 0.358669 0.492970
vt 0.361613 0.492316
vt 0.368110 0.528681
vt 0.391665 0.515066
vt 0.392128 0.498026
vt 0.398770 0.500067
vt 0.372405 0.506703
vt 0.373386 0.503434
vt 0.388508 0.498815
vt 0.388508 0.499604
vt 0.388970 0.490593
vt 0.394496 0.487435
vt 0.394496 0.500394
vt 0.362594 0.489047
vt 0.365864 0.503760
vt 0.368110 0.528218
vt 0.370478 0.528681
vt 0.399233 0.499604
vt 0.359978 0.508665
vt 0.360959 0.508338
vt 0.366846 0.490355
vt 0.388508 0.497236
vt 0.389098 0.520324
vt 0.359098 0.523154
vt 0.362921 0.483815
vt 0.362921 0.485450
vt 0.363248 0.486104
vt 0.365414 0.523154
vt 0.382320 0.528218
vt 0.354418 0.505068
vt 0.361467 0.524271
vt 0.363248 0.508665
vt 0.364625 0.518418
vt 0.368481 0.508665
vt 0.388508 0.496447
vt 0.388970 0.492172
vt 0.357689 0.513896
vt 0.358343 0.513896
vt 0.358669 0.494932
vt 0.361613 0.494605
vt 0.393244 0.504014
vt 0.393707 0.502762
vt 0.358343 0.486758
vt 0.361613 0.491663
vt 0.383571 0.527891
vt 0.389425 0.527429
vt 0.391665 0.498026
vt 0.356380 0.496240
vt 0.384504 0.506708
vt 0.387846 0.529008
vt 0.388180 0.494868
vt 0.388635 0.527891
vt 0.393244 0.485394
vt 0.358669 0.487085
vt 0.363835 0.521113
vt 0.383571 0.527429
vt 0.384831 0.507035
vt 0.388308 0.529470
vt 0.355478 0.523154
vt 0.362267 0.490682
vt 0.362267 0.512262
vt 0.378292 0.515531
vt 0.383197 0.512921
vt 0.356268 0.523154
vt 0.357847 0.522692
vt 0.362267 0.491335
vt 0.365864 0.491989
vt 0.377965 0.515858
vt 0.395613 0.508288
vt 0.353110 0.505068
vt 0.357034 0.508338
vt 0.357057 0.524733
vt 0.388970 0.490131
vt 0.394034 0.486973
vt 0.394496 0.498026
vt 0.363248 0.490028
vt 0.368899 0.523154
vt 0.369135 0.512588
vt 0.398770 0.509078
vt 0.398770 0.514277
vt 0.399233 0.508750
vt 0.362921 0.508338
vt 0.367500 0.508992
vt 0.373059 0.510627
vt 0.388508 0.491710
vt 0.388970 0.484605
vt 0.388970 0.491383
vt 0.359426 0.524733
vt 0.367826 0.508665
vt 0.373386 0.504087
vt 0.388508 0.490921
vt 0.388970 0.499604
vt 0.394034 0.501183
vt 0.394034 0.501973
vt 0.359324 0.505722
vt 0.364556 0.505722
vt 0.372732 0.485450
vt 0.384504 0.488394
vt 0.386267 0.518418
vt 0.390549 0.485394
vt 0.355726 0.511281
vt 0.361613 0.505395
vt 0.366846 0.485777
vt 0.368808 0.506049
vt 0.387718 0.483815
vt 0.388308 0.520786
vt 0.354745 0.504741
vt 0.359651 0.508338
vt 0.366846 0.489701
vt 0.366846 0.491335
vt 0.366846 0.494278
vt 0.367172 0.483815
vt 0.388970 0.496447
vt 0.394496 0.494078
vt 0.371751 0.515531
vt 0.372078 0.515204
vt 0.377583 0.521113
vt 0.390676 0.529008
vt 0.392128 0.483815
vt 0.355941 0.523154
vt 0.356053 0.512588
vt 0.365414 0.528218
vt 0.368899 0.528681
vt 0.383197 0.510305
vt 0.383523 0.512595
vt 0.369361 0.522692
vt 0.379927 0.515858
vt 0.381992 0.528218
vt 0.398770 0.508288
vt 0.399233 0.515066
vt 0.354418 0.504414
vt 0.366191 0.507030
vt 0.388508 0.484605
vt 0.388970 0.491710
vt 0.394496 0.494541
vt 0.357034 0.508992
vt 0.358343 0.508992
vt 0.359888 0.524271
vt 0.373713 0.503760
vt 0.394034 0.494868
vt 0.394496 0.486973
vt 0.355478 0.528218
vt 0.358343 0.492316
vt 0.371424 0.489374
vt 0.371751 0.490028
vt 0.391665 0.501973
vt 0.354745 0.500818
vt 0.357361 0.508665
vt 0.357520 0.524733
vt 0.358343 0.508338
vt 0.366846 0.495259
vt 0.383571 0.520786
vt 0.384361 0.520324
vt 0.363046 0.522692
vt 0.381203 0.528681
vt 0.385485 0.485124
vt 0.398770 0.507499
vt 0.399233 0.509540
vt 0.399233 0.514277
vt 0.355941 0.528218
vt 0.368808 0.502125
vt 0.371424 0.515858
vt 0.371751 0.489047
vt 0.391665 0.483815
vt 0.391665 0.490593
vt 0.358636 0.522692
vt 0.363248 0.485123
vt 0.377256 0.528218
vt 0.380254 0.515531
vt 0.398770 0.515066
vt 0.357847 0.524733
vt 0.359888 0.524733
vt 0.366191 0.506376
vt 0.388508 0.485067
vt 0.388970 0.490921
vt 0.394496 0.495330
vt 0.358309 0.524733
vt 0.366518 0.506703
vt 0.366846 0.490682
vt 0.381992 0.520324
vt 0.394034 0.494078
vt 0.356730 0.522692
vt 0.357520 0.522692
vt 0.358343 0.512915
vt 0.365537 0.491663
vt 0.365537 0.516839
vt 0.358669 0.485123
vt 0.361940 0.491989
vt 0.369462 0.502125
vt 0.370478 0.528218
vt 0.388635 0.529008
vt 0.389887 0.527891
vt 0.398770 0.499604
vt 0.358309 0.524271
vt 0.358669 0.508665
vt 0.381992 0.520786
vt 0.382320 0.520324
vt 0.383571 0.520324
vt 0.394496 0.494868
vt 0.357689 0.492316
vt 0.358343 0.491663
vt 0.364952 0.528218
vt 0.368899 0.528218
vt 0.371424 0.489701
vt 0.399233 0.500394
vt 0.365537 0.504087
vt 0.369789 0.501799
vt 0.370940 0.528218
vt 0.371424 0.496567
vt 0.371751 0.497875
vt 0.381888 0.508343
vt 0.383109 0.528218
vt 0.357057 0.522692
vt 0.359098 0.522692
vt 0.360959 0.512915
vt 0.363575 0.512915
vt 0.365537 0.516185
vt 0.376793 0.528218
vt 0.382782 0.528218
vt 0.362921 0.504087
vt 0.370940 0.523154
vt 0.371751 0.496894
vt 0.381562 0.508016
vt 0.381992 0.522692
vt 0.391665 0.504341
vt 0.392128 0.494078
vt 0.399233 0.513487
vt 0.362267 0.486431
vt 0.362583 0.522692
vt 0.363248 0.503760
vt 0.376657 0.515204
vt 0.380741 0.528218
vt 0.385940 0.528218
vt 0.398770 0.513487
vt 0.355726 0.512915
vt 0.355941 0.522692
vt 0.356380 0.512915
vt 0.356730 0.523154
vt 0.358669 0.512588
vt 0.377965 0.515204
vt 0.353110 0.529008
vt 0.368808 0.487739
vt 0.393244 0.504341
vt 0.397981 0.528487
vt 0.400349 0.505130
vt 0.362267 0.490355
vt 0.362921 0.514877
vt 0.364556 0.503760
vt 0.381530 0.528681
vt 0.398770 0.507961
vt 0.398770 0.508750
vt 0.398770 0.509540
vt 0.361613 0.495586
vt 0.368110 0.521576
vt 0.369135 0.489047
vt 0.370940 0.521113
vt 0.378045 0.521576
vt 0.390676 0.529470
vt 0.358015 0.491989
vt 0.358669 0.491989
vt 0.359978 0.491989
vt 0.368808 0.501472
vt 0.371424 0.488720
vt 0.381888 0.503764
vt 0.362921 0.499183
vt 0.364229 0.504087
vt 0.376657 0.515858
vt 0.381203 0.528218
vt 0.399233 0.507961
vt 0.355726 0.512262
vt 0.356707 0.512588
vt 0.362267 0.499183
vt 0.364952 0.528681
vt 0.372057 0.528218
vt 0.398770 0.500856
vt 0.369135 0.501799
vt 0.370940 0.521576
vt 0.371097 0.515531
vt 0.371424 0.515204
vt 0.378045 0.521113
vt 0.381562 0.503438
vt 0.383523 0.494935
vt 0.360305 0.512915
vt 0.363248 0.514550
vt 0.363575 0.512262
vt 0.376793 0.528681
vt 0.379927 0.515204
vt 0.381530 0.528218
vt 0.358343 0.484796
vt 0.369462 0.501472
vt 0.381235 0.508343
vt 0.386601 0.507499
vt 0.391665 0.494541
vt 0.356380 0.512262
vt 0.358343 0.512262
vt 0.361286 0.512588
vt 0.365864 0.516512
vt 0.371730 0.528681
vt 0.372519 0.528218
vt 0.383850 0.512267
vt 0.357689 0.491663
vt 0.359651 0.492316
vt 0.361940 0.498856
vt 0.362594 0.498856
vt 0.373386 0.515858
vt 0.398770 0.500394
vt 0.356707 0.495913
vt 0.358343 0.487412
vt 0.388308 0.529008
vt 0.389097 0.529008
vt 0.389887 0.527429
vt 0.393244 0.484605
vt 0.354418 0.501144
vt 0.358997 0.505395
vt 0.383899 0.520786
vt 0.386267 0.517956
vt 0.399560 0.483815
vt 0.359651 0.503434
vt 0.360632 0.512588
vt 0.360959 0.512262
vt 0.363902 0.512588
vt 0.373308 0.528681
vt 0.383197 0.512267
vt 0.359651 0.510953
vt 0.361940 0.505722
vt 0.366846 0.484142
vt 0.367172 0.490028
vt 0.388308 0.520324
vt 0.389098 0.520786
vt 0.399560 0.510329
vt 0.362267 0.485777
vt 0.362921 0.503434
vt 0.368154 0.502125
vt 0.392128 0.504803
vt 0.400349 0.494540
vt 0.362267 0.489701
vt 0.363248 0.498856
vt 0.364229 0.503434
vt 0.374098 0.528681
vt 0.391665 0.518224
vt 0.361613 0.499183
vt 0.362267 0.498529
vt 0.364625 0.528218
vt 0.371730 0.528218
vt 0.372057 0.528681
vt 0.386729 0.531049
vt 0.358997 0.493297
vt 0.360305 0.512262
vt 0.362594 0.490028
vt 0.362921 0.514223
vt 0.372846 0.528218
vt 0.392128 0.517762
vt 0.399233 0.504014
vt 0.359651 0.504087
vt 0.364625 0.528681
vt 0.371267 0.528218
vt 0.383523 0.511941
vt 0.399233 0.501973
vt 0.357689 0.504087
vt 0.359651 0.491663
vt 0.360959 0.491335
vt 0.370770 0.515858
vt 0.373713 0.515531
vt 0.381235 0.503764
vt 0.391665 0.488552
vt 0.362594 0.486104
vt 0.362921 0.498529
vt 0.373636 0.528218
vt 0.376983 0.515531
vt 0.387718 0.505593
vt 0.400812 0.494078
vt 0.360959 0.497548
vt 0.361286 0.491009
vt 0.370151 0.521576
vt 0.370770 0.515204
vt 0.383850 0.495262
vt 0.368154 0.501472
vt 0.370116 0.500491
vt 0.372519 0.521576
vt 0.376466 0.521113
vt 0.381562 0.505400
vt 0.386139 0.507499
vt 0.391665 0.494078
vt 0.392128 0.504341
vt 0.361613 0.498529
vt 0.373386 0.515204
vt 0.386729 0.530587
vt 0.392128 0.488552
vt 0.392128 0.494868
vt 0.354418 0.500491
vt 0.366846 0.494605
vt 0.399560 0.484278
vt 0.400022 0.512236
vt 0.358997 0.492644
vt 0.371424 0.485450
vt 0.374098 0.528218
vt 0.388180 0.505130
vt 0.391665 0.499277
vt 0.391665 0.517762
vt 0.354418 0.491663
vt 0.368481 0.501799
vt 0.371424 0.484796
vt 0.381235 0.505727
vt 0.387718 0.505130
vt 0.400349 0.494078
vt 0.355151 0.528681
vt 0.361613 0.486431
vt 0.364162 0.528218
vt 0.386267 0.530587
vt 0.391665 0.495330
vt 0.398770 0.501973
vt 0.367172 0.484469
vt 0.367172 0.493951
vt 0.399560 0.509867
vt 0.400022 0.520920
vt 0.359978 0.503760
vt 0.361613 0.484469
vt 0.361613 0.485777
vt 0.373308 0.528218
vt 0.398770 0.502435
vt 0.398770 0.503552
vt 0.355072 0.492316
vt 0.355151 0.528218
vt 0.357689 0.503434
vt 0.370116 0.515858
vt 0.391665 0.489014
vt 0.391665 0.494868
vt 0.358015 0.503760
vt 0.360959 0.490682
vt 0.361286 0.497875
vt 0.367782 0.521576
vt 0.370443 0.515531
vt 0.372846 0.521113
vt 0.358997 0.492316
vt 0.359324 0.492970
vt 0.361613 0.483815
vt 0.392128 0.498815
vt 0.398770 0.504014
vt 0.361940 0.495913
vt 0.370151 0.521113
vt 0.370478 0.521576
vt 0.376466 0.529008
vt 0.383197 0.495262
vt 0.367172 0.494932
vt 0.382782 0.520324
vt 0.383109 0.520786
vt 0.399560 0.512236
vt 0.400022 0.513487
vt 0.354745 0.491989
vt 0.358343 0.503434
vt 0.358669 0.489047
vt 0.372519 0.521113
vt 0.381888 0.505727
vt 0.358343 0.485450
vt 0.370443 0.500818
vt 0.386601 0.507961
vt 0.389097 0.529470
vt 0.389098 0.523482
vt 0.393244 0.485067
vt 0.366846 0.493625
vt 0.367172 0.491009
vt 0.381530 0.520786
vt 0.382782 0.520786
vt 0.400022 0.513025
vt 0.400022 0.521382
vt 0.354418 0.492316
vt 0.358343 0.504087
vt 0.358997 0.491663
vt 0.371751 0.485123
vt 0.391665 0.498815
vt 0.397654 0.527697
vt 0.398770 0.496119
vt 0.382216 0.491991
vt 0.382542 0.491010
vt 0.393244 0.507499
vt 0.393244 0.508751
vt 0.393244 0.509540
vt 0.400349 0.503224
vt 0.355399 0.491989
vt 0.367826 0.501799
vt 0.370116 0.515204
vt 0.373309 0.521113
vt 0.373636 0.521113
vt 0.354689 0.528218
vt 0.355072 0.491663
vt 0.359324 0.491989
vt 0.361940 0.484142
vt 0.361940 0.486104
vt 0.367500 0.502125
vt 0.399233 0.495657
vt 0.358343 0.488720
vt 0.358669 0.503760
vt 0.369361 0.521576
vt 0.374887 0.521113
vt 0.397192 0.527235
vt 0.367500 0.501472
vt 0.374098 0.521113
vt 0.374425 0.521113
vt 0.389887 0.529008
vt 0.397654 0.527235
vt 0.398770 0.495657
vt 0.369135 0.488066
vt 0.369135 0.492970
vt 0.393244 0.505131
vt 0.393244 0.506382
vt 0.397981 0.527235
vt 0.400349 0.505593
vt 0.361940 0.494932
vt 0.368808 0.488393
vt 0.393244 0.505593
vt 0.393707 0.503552
vt 0.393707 0.504341
vt 0.397981 0.519803
vt 0.370116 0.501144
vt 0.376466 0.521576
vt 0.377311 0.516839
vt 0.388635 0.523482
vt 0.389887 0.523482
vt 0.360959 0.498202
vt 0.367782 0.521113
vt 0.369688 0.521576
vt 0.376466 0.529470
vt 0.385158 0.503764
vt 0.358343 0.489374
vt 0.368899 0.521576
vt 0.372057 0.521113
vt 0.376004 0.521113
vt 0.377637 0.516512
vt 0.393707 0.488552
vt 0.367320 0.521576
vt 0.373309 0.521576
vt 0.374098 0.521576
vt 0.374425 0.529797
vt 0.385485 0.503438
vt 0.389425 0.529008
vt 0.369361 0.521113
vt 0.374887 0.521576
vt 0.374887 0.529797
vt 0.389887 0.529470
vt 0.393244 0.488552
vt 0.356053 0.514550
vt 0.356268 0.523482
vt 0.361005 0.523944
vt 0.362921 0.495259
vt 0.366846 0.503106
vt 0.368154 0.496240
vt 0.368154 0.497548
vt 0.393244 0.505920
vt 0.396075 0.515856
vt 0.397981 0.520592
vt 0.397981 0.522171
vt 0.397981 0.527697
vt 0.355726 0.514223
vt 0.374040 0.516185
vt 0.382542 0.490356
vt 0.393707 0.505131
vt 0.393707 0.505920
vt 0.397981 0.519341
vt 0.370151 0.529797
vt 0.382869 0.503110
vt 0.382869 0.505073
vt 0.802430 0.096759
vt 0.368154 0.496567
vt 0.368481 0.488393
vt 0.397981 0.513025
vt 0.397981 0.513814
vt 0.802430 0.903241
vt 0.098269 0.098270
vt 0.354362 0.529797
vt 0.358343 0.495259
vt 0.358636 0.529008
vt 0.359098 0.529797
vt 0.361613 0.495259
vt 0.382216 0.487413
vt 0.382216 0.490683
vt 0.385485 0.496897
vt 0.385812 0.492645
vt 0.397981 0.517762
vt 0.397981 0.519013
vt 0.398443 0.519341
vt 0.098269 0.198702
vt 0.359098 0.529008
vt 0.098269 0.299135
vt 0.357847 0.529008
vt 0.359098 0.529470
vt 0.385812 0.497224
vt 0.395613 0.524540
vt 0.098269 0.399567
vt 0.358309 0.529008
vt 0.098269 0.500000
vt 0.358309 0.529470
vt 0.359426 0.529008
vt 0.385158 0.497878
vt 0.395613 0.523750
vt 0.395613 0.524077
vt 0.098269 0.600432
vt 0.395613 0.523288
vt 0.098269 0.700865
vt 0.385485 0.497551
vt 0.396075 0.523288
vt 0.098269 0.801298
vt 0.359888 0.529008
vt 0.385812 0.497878
vt 0.098269 0.901730
vt 0.355478 0.523482
vt 0.357519 0.529797
vt 0.359888 0.529470
vt 0.371751 0.502779
vt 0.373386 0.516839
vt 0.385158 0.497224
vt 0.396075 0.524077
vt 0.397981 0.518551
vt 0.364883 0.488720
vt 0.370151 0.530260
vt 0.382216 0.503764
vt 0.382216 0.504419
vt 0.701620 0.096759
vt 0.397981 0.513487
vt 0.701620 0.903241
vt 0.198702 0.098270
vt 0.385485 0.492318
vt 0.392917 0.520130
vt 0.198702 0.901730
vt 0.371424 0.503106
vt 0.396075 0.517762
vt 0.398443 0.525329
vt 0.382542 0.503438
vt 0.600810 0.096759
vt 0.397981 0.512236
vt 0.397981 0.514277
vt 0.398443 0.513487
vt 0.600810 0.903241
vt 0.299135 0.098270
vt 0.360632 0.494605
vt 0.392455 0.520130
vt 0.299135 0.901730
vt 0.362256 0.523482
vt 0.395613 0.516972
vt 0.396075 0.518224
vt 0.397981 0.524539
vt 0.364229 0.494278
vt 0.368899 0.530260
vt 0.369361 0.523944
vt 0.370770 0.502453
vt 0.373386 0.499183
vt 0.382216 0.495916
vt 0.382216 0.499840
vt 0.382869 0.499186
vt 0.385158 0.499186
vt 0.385812 0.500494
vt 0.385812 0.501148
vt 0.356268 0.529008
vt 0.360215 0.529008
vt 0.364229 0.491663
vt 0.365414 0.523944
vt 0.366203 0.529797
vt 0.366531 0.523482
vt 0.371097 0.502779
vt 0.373386 0.496240
vt 0.373386 0.501472
vt 0.382869 0.495916
vt 0.386929 0.502762
vt 0.371424 0.516185
vt 0.373386 0.488720
vt 0.373713 0.484142
vt 0.373713 0.485123
vt 0.397981 0.498815
vt 0.359888 0.523482
vt 0.373386 0.483815
vt 0.373386 0.485450
vt 0.382542 0.492318
vt 0.382869 0.485450
vt 0.359426 0.523944
vt 0.368481 0.498856
vt 0.382216 0.485450
vt 0.398443 0.506382
vt 0.360677 0.523944
vt 0.373386 0.484469
vt 0.373386 0.486758
vt 0.373386 0.489374
vt 0.382869 0.492645
vt 0.371751 0.516512
vt 0.372405 0.516512
vt 0.373386 0.484796
vt 0.382542 0.484470
vt 0.382542 0.485124
vt 0.392455 0.505593
vt 0.398443 0.505920
vt 0.370443 0.503760
vt 0.373713 0.487085
vt 0.373713 0.489047
vt 0.382216 0.486104
vt 0.397981 0.499277
vt 0.398770 0.525329
vt 0.382542 0.504092
vt 0.382869 0.503764
vt 0.500000 0.096759
vt 0.385812 0.491991
vt 0.397981 0.512698
vt 0.500000 0.903241
vt 0.368154 0.498529
vt 0.382869 0.484796
vt 0.397981 0.505920
vt 0.398443 0.505593
vt 0.398443 0.523288
vt 0.399233 0.528024
vt 0.382542 0.485778
vt 0.386929 0.502435
vt 0.398770 0.524539
vt 0.399233 0.525329
vt 0.400349 0.502435
vt 0.379600 0.512588
vt 0.382216 0.484796
vt 0.392455 0.505131
vt 0.397981 0.499604
vt 0.398443 0.505131
vt 0.398770 0.526118
vt 0.360215 0.523944
vt 0.361467 0.523944
vt 0.373386 0.487412
vt 0.382216 0.486759
vt 0.382869 0.486104
vt 0.395613 0.515393
vt 0.400812 0.501973
vt 0.353437 0.494932
vt 0.378946 0.512588
vt 0.382542 0.486432
vt 0.397981 0.506709
vt 0.399233 0.524539
vt 0.400349 0.501973
vt 0.353764 0.514223
vt 0.354689 0.517628
vt 0.370116 0.504087
vt 0.371424 0.516839
vt 0.372078 0.516185
vt 0.392455 0.502435
vt 0.397981 0.494868
vt 0.398443 0.498815
vt 0.364229 0.492316
vt 0.365741 0.530260
vt 0.378292 0.512588
vt 0.387391 0.501645
vt 0.392455 0.504803
vt 0.382542 0.498859
vt 0.385158 0.500494
vt 0.392917 0.502435
vt 0.398443 0.494868
vt 0.371730 0.525850
vt 0.372519 0.525850
vt 0.372846 0.525850
vt 0.374694 0.507357
vt 0.375349 0.486431
vt 0.363575 0.491335
vt 0.372405 0.493951
vt 0.372405 0.496894
vt 0.377965 0.512915
vt 0.392917 0.504803
vt 0.371730 0.526312
vt 0.372057 0.525850
vt 0.387718 0.484605
vt 0.399560 0.485067
vt 0.399560 0.522498
vt 0.363575 0.493625
vt 0.372078 0.497221
vt 0.386929 0.501183
vt 0.392455 0.504341
vt 0.393244 0.491710
vt 0.392917 0.516183
vt 0.397981 0.500394
vt 0.397981 0.505131
vt 0.398443 0.499604
vt 0.398770 0.528024
vt 0.357034 0.505395
vt 0.360632 0.505722
vt 0.362921 0.505395
vt 0.366846 0.492644
vt 0.372519 0.526312
vt 0.373308 0.526312
vt 0.399560 0.484605
vt 0.400022 0.511908
vt 0.357520 0.523944
vt 0.392917 0.515856
vt 0.392917 0.516645
vt 0.396075 0.515066
vt 0.397981 0.523288
vt 0.398770 0.528487
vt 0.360305 0.494932
vt 0.399567 0.098270
vt 0.396075 0.516972
vt 0.399567 0.901730
vt 0.357689 0.494605
vt 0.362921 0.494605
vt 0.382869 0.486759
vt 0.396075 0.515393
vt 0.398443 0.507172
vt 0.363902 0.490028
vt 0.363902 0.491009
vt 0.365741 0.529797
vt 0.373386 0.495586
vt 0.377965 0.512262
vt 0.370940 0.525850
vt 0.371267 0.525850
vt 0.375021 0.507684
vt 0.375349 0.491663
vt 0.387718 0.485067
vt 0.354091 0.514550
vt 0.372078 0.516839
vt 0.392455 0.503224
vt 0.392917 0.505131
vt 0.399233 0.526118
vt 0.353764 0.514877
vt 0.382542 0.499513
vt 0.385485 0.500167
vt 0.392455 0.501973
vt 0.392917 0.502762
vt 0.397981 0.496119
vt 0.363575 0.492644
vt 0.363902 0.493951
vt 0.364556 0.491989
vt 0.365414 0.523482
vt 0.386929 0.501645
vt 0.354689 0.517166
vt 0.382216 0.499186
vt 0.385485 0.500821
vt 0.397981 0.495330
vt 0.398443 0.494078
vt 0.359324 0.495913
vt 0.363575 0.490355
vt 0.363575 0.490682
vt 0.363575 0.492316
vt 0.372078 0.493625
vt 0.363902 0.505722
vt 0.370940 0.526312
vt 0.388180 0.485067
vt 0.390549 0.490921
vt 0.399560 0.522961
vt 0.357520 0.517956
vt 0.367172 0.492970
vt 0.369135 0.495913
vt 0.373308 0.525850
vt 0.375675 0.486104
vt 0.395413 0.530260
vt 0.355151 0.517628
vt 0.368154 0.494932
vt 0.370116 0.503434
vt 0.386929 0.501973
vt 0.397981 0.494078
vt 0.398770 0.524867
vt 0.357361 0.505722
vt 0.366846 0.493297
vt 0.368808 0.495586
vt 0.400022 0.510657
vt 0.353764 0.494605
vt 0.363575 0.493297
vt 0.363575 0.494278
vt 0.392255 0.523944
vt 0.393707 0.491710
vt 0.370478 0.525850
vt 0.375349 0.495586
vt 0.375675 0.491989
vt 0.375675 0.493951
vt 0.385485 0.510632
vt 0.390087 0.490921
vt 0.379273 0.512262
vt 0.392455 0.502762
vt 0.392455 0.504014
vt 0.397981 0.495657
vt 0.398770 0.525656
vt 0.355478 0.517166
vt 0.363575 0.489701
vt 0.363902 0.489047
vt 0.363902 0.491989
vt 0.367320 0.530260
vt 0.373713 0.495913
vt 0.373713 0.501799
vt 0.358997 0.495586
vt 0.363575 0.489374
vt 0.363575 0.491663
vt 0.372405 0.497875
vt 0.368481 0.492644
vt 0.368481 0.494605
vt 0.373713 0.498856
vt 0.385158 0.501148
vt 0.385812 0.501802
vt 0.392917 0.501183
vt 0.397981 0.494540
vt 0.360305 0.511934
vt 0.362594 0.505722
vt 0.363575 0.505395
vt 0.367172 0.505722
vt 0.385812 0.510959
vt 0.390087 0.491383
vt 0.354091 0.494932
vt 0.360677 0.529470
vt 0.363902 0.492970
vt 0.364952 0.523482
vt 0.364952 0.529797
vt 0.400349 0.485067
vt 0.353110 0.494605
vt 0.357034 0.494605
vt 0.358015 0.494932
vt 0.369789 0.502779
vt 0.380254 0.512588
vt 0.398443 0.506709
vt 0.368154 0.492970
vt 0.368481 0.495259
vt 0.378619 0.512915
vt 0.387391 0.502435
vt 0.398770 0.524077
vt 0.372078 0.485777
vt 0.382869 0.499840
vt 0.385485 0.498859
vt 0.392917 0.503552
vt 0.398443 0.495657
vt 0.398770 0.519803
vt 0.357057 0.518418
vt 0.358997 0.506049
vt 0.359651 0.505395
vt 0.359651 0.510300
vt 0.364229 0.505395
vt 0.368808 0.496240
vt 0.390087 0.486646
vt 0.396864 0.518551
vt 0.398571 0.530260
vt 0.399560 0.513025
vt 0.399560 0.520920
vt 0.400022 0.483815
vt 0.400022 0.509867
vt 0.400022 0.511119
vt 0.400022 0.512698
vt 0.357520 0.518418
vt 0.375021 0.505722
vt 0.395413 0.529797
vt 0.396402 0.519013
vt 0.399560 0.525656
vt 0.355726 0.495259
vt 0.385485 0.495589
vt 0.392455 0.515393
vt 0.396075 0.514604
vt 0.353764 0.495259
vt 0.360305 0.493625
vt 0.391466 0.523944
vt 0.391793 0.523482
vt 0.393244 0.492499
vt 0.400812 0.484605
vt 0.356053 0.494932
vt 0.392455 0.516183
vt 0.392917 0.515393
vt 0.397981 0.501183
vt 0.398443 0.500394
vt 0.398443 0.504341
vt 0.400812 0.485394
vt 0.357361 0.486104
vt 0.360632 0.511608
vt 0.373059 0.486104
vt 0.375675 0.489047
vt 0.375675 0.495913
vt 0.385158 0.510959
vt 0.357034 0.495259
vt 0.357689 0.495259
vt 0.363248 0.494932
vt 0.366846 0.502453
vt 0.398770 0.529276
vt 0.379273 0.512915
vt 0.392455 0.503552
vt 0.398443 0.500067
vt 0.398443 0.500856
vt 0.398770 0.519340
vt 0.398770 0.520592
vt 0.400349 0.485394
vt 0.357034 0.486431
vt 0.360305 0.511281
vt 0.366846 0.505395
vt 0.399560 0.523288
vt 0.365210 0.487085
vt 0.385485 0.501475
vt 0.392455 0.501646
vt 0.392917 0.500394
vt 0.355478 0.517628
vt 0.363902 0.488066
vt 0.364556 0.490028
vt 0.367320 0.529797
vt 0.353110 0.495259
vt 0.368481 0.493297
vt 0.378619 0.512262
vt 0.379927 0.512915
vt 0.392455 0.499604
vt 0.392455 0.500394
vt 0.392455 0.501183
vt 0.355941 0.517166
vt 0.363575 0.488393
vt 0.363575 0.488720
vt 0.372078 0.497548
vt 0.393707 0.493289
vt 0.396075 0.513025
vt 0.360632 0.493951
vt 0.364952 0.530260
vt 0.385158 0.490683
vt 0.395613 0.524867
vt 0.400349 0.484605
vt 0.354418 0.505395
vt 0.359978 0.505722
vt 0.390549 0.486184
vt 0.396402 0.519803
vt 0.372405 0.486104
vt 0.385485 0.499513
vt 0.397981 0.489342
vt 0.399233 0.519340
vt 0.399233 0.520130
vt 0.355072 0.513243
vt 0.360305 0.494278
vt 0.361613 0.502453
vt 0.385812 0.490683
vt 0.393707 0.492499
vt 0.366846 0.488720
vt 0.374694 0.505395
vt 0.375675 0.494932
vt 0.390087 0.486184
vt 0.396402 0.518551
vt 0.396402 0.519341
vt 0.359651 0.506376
vt 0.384177 0.486104
vt 0.393707 0.511446
vt 0.399560 0.496119
vt 0.399560 0.505920
vt 0.375021 0.491989
vt 0.376466 0.519207
vt 0.377638 0.494932
vt 0.384831 0.486104
vt 0.385940 0.517956
vt 0.391793 0.529797
vt 0.399560 0.495657
vt 0.364883 0.486758
vt 0.379624 0.523944
vt 0.392455 0.500856
vt 0.392917 0.498815
vt 0.392917 0.499604
vt 0.357361 0.494932
vt 0.369462 0.502453
vt 0.392455 0.512236
vt 0.392455 0.516972
vt 0.392917 0.511446
vt 0.398770 0.528814
vt 0.355726 0.494605
vt 0.359098 0.523944
vt 0.385158 0.495916
vt 0.392917 0.515066
vt 0.398443 0.504803
vt 0.356053 0.505722
vt 0.357034 0.485777
vt 0.359651 0.501144
vt 0.372732 0.486431
vt 0.399560 0.523750
vt 0.386929 0.488552
vt 0.392455 0.496447
vt 0.398443 0.489342
vt 0.398443 0.501646
vt 0.398770 0.520130
vt 0.400812 0.485857
vt 0.359978 0.500818
vt 0.372732 0.485777
vt 0.375349 0.489374
vt 0.375675 0.487085
vt 0.390087 0.490131
vt 0.363575 0.487739
vt 0.364162 0.529797
vt 0.364229 0.490355
vt 0.373059 0.503760
vt 0.395613 0.513025
vt 0.369462 0.503106
vt 0.379927 0.512262
vt 0.392455 0.498815
vt 0.392455 0.500067
vt 0.392917 0.512236
vt 0.397981 0.493751
vt 0.382542 0.483815
vt 0.387391 0.488552
vt 0.392455 0.505920
vt 0.392917 0.514604
vt 0.397981 0.504341
vt 0.398443 0.501183
vt 0.361940 0.502779
vt 0.362256 0.529008
vt 0.362267 0.502453
vt 0.385485 0.490356
vt 0.395613 0.525329
vt 0.360959 0.494605
vt 0.367172 0.502779
vt 0.392917 0.517435
vt 0.397981 0.521709
vt 0.399233 0.528814
vt 0.359324 0.506703
vt 0.359978 0.506703
vt 0.377638 0.491009
vt 0.399560 0.505131
vt 0.399560 0.506382
vt 0.354745 0.505722
vt 0.366846 0.489374
vt 0.379273 0.504418
vt 0.396864 0.519341
vt 0.396864 0.520592
vt 0.382216 0.497878
vt 0.385812 0.499840
vt 0.392917 0.496909
vt 0.395613 0.512236
vt 0.398443 0.489804
vt 0.355399 0.513569
vt 0.361613 0.503106
vt 0.362267 0.503106
vt 0.362921 0.493625
vt 0.393244 0.490131
vt 0.360959 0.514877
vt 0.379624 0.523482
vt 0.382216 0.497224
vt 0.392455 0.499277
vt 0.397981 0.493289
vt 0.363046 0.529470
vt 0.364229 0.495259
vt 0.364883 0.486431
vt 0.367782 0.523944
vt 0.368899 0.523482
vt 0.372078 0.486431
vt 0.372078 0.487412
vt 0.380414 0.523482
vt 0.382216 0.500494
vt 0.382869 0.497878
vt 0.385158 0.499840
vt 0.385812 0.499186
vt 0.386929 0.503552
vt 0.360677 0.529008
vt 0.362256 0.529470
vt 0.362583 0.529008
vt 0.364229 0.489374
vt 0.364229 0.493297
vt 0.364625 0.523944
vt 0.365414 0.529797
vt 0.366993 0.523944
vt 0.366993 0.529797
vt 0.386929 0.504014
vt 0.396075 0.524867
vt 0.355941 0.523482
vt 0.356730 0.529470
vt 0.364883 0.487412
vt 0.370770 0.503106
vt 0.373386 0.498529
vt 0.373713 0.516512
vt 0.377256 0.523482
vt 0.378045 0.523944
vt 0.378372 0.523944
vt 0.379162 0.523944
vt 0.382542 0.496897
vt 0.382869 0.491991
vt 0.385158 0.501802
vt 0.400349 0.502762
vt 0.356730 0.529008
vt 0.361467 0.529470
vt 0.364162 0.530260
vt 0.364229 0.489701
vt 0.367782 0.529797
vt 0.372078 0.484469
vt 0.373386 0.502125
vt 0.382869 0.491337
vt 0.385158 0.498532
vt 0.398443 0.516972
vt 0.400812 0.503224
vt 0.361286 0.514550
vt 0.392455 0.512698
vt 0.392917 0.511119
vt 0.392917 0.511908
vt 0.397981 0.492962
vt 0.398443 0.493751
vt 0.372732 0.504087
vt 0.377311 0.512915
vt 0.378292 0.516512
vt 0.393244 0.493289
vt 0.395613 0.513487
vt 0.368154 0.506049
vt 0.372732 0.506049
vt 0.373386 0.506049
vt 0.375021 0.490028
vt 0.379927 0.505073
vt 0.380908 0.494607
vt 0.393244 0.511446
vt 0.399560 0.519341
vt 0.400022 0.505131
vt 0.400022 0.505920
vt 0.374694 0.491663
vt 0.380254 0.494607
vt 0.393707 0.511908
vt 0.393834 0.530260
vt 0.400022 0.495657
vt 0.400022 0.520592
vt 0.361794 0.529008
vt 0.362267 0.493625
vt 0.362594 0.502779
vt 0.363248 0.493951
vt 0.364625 0.523482
vt 0.355072 0.495259
vt 0.359098 0.523482
vt 0.382869 0.484142
vt 0.392455 0.514604
vt 0.400349 0.486973
vt 0.367172 0.489047
vt 0.375349 0.493297
vt 0.375349 0.494605
vt 0.390087 0.487435
vt 0.396402 0.520592
vt 0.359978 0.493951
vt 0.368154 0.493625
vt 0.387391 0.489014
vt 0.392917 0.496447
vt 0.392917 0.506382
vt 0.392917 0.506710
vt 0.396075 0.512236
vt 0.398770 0.521382
vt 0.363902 0.486104
vt 0.364624 0.529797
vt 0.372078 0.483815
vt 0.372732 0.503434
vt 0.377638 0.512588
vt 0.375349 0.483815
vt 0.375349 0.487412
vt 0.390087 0.489342
vt 0.390087 0.490593
vt 0.355399 0.505722
vt 0.355726 0.505395
vt 0.359651 0.500491
vt 0.359651 0.511934
vt 0.390549 0.489342
vt 0.390549 0.490131
vt 0.359651 0.493625
vt 0.372078 0.486758
vt 0.382542 0.497551
vt 0.396075 0.512698
vt 0.355399 0.494932
vt 0.382216 0.484142
vt 0.386601 0.483815
vt 0.392455 0.507172
vt 0.392917 0.505920
vt 0.365741 0.525850
vt 0.375021 0.491009
vt 0.376466 0.518745
vt 0.392255 0.529797
vt 0.399560 0.506709
vt 0.360959 0.514223
vt 0.376794 0.523944
vt 0.382869 0.497224
vt 0.397981 0.490921
vt 0.397981 0.491710
vt 0.397981 0.492499
vt 0.365537 0.503106
vt 0.368154 0.503106
vt 0.392455 0.510657
vt 0.397981 0.492172
vt 0.398443 0.492962
vt 0.357689 0.511281
vt 0.379600 0.504092
vt 0.390549 0.486973
vt 0.396402 0.520130
vt 0.399560 0.485857
vt 0.353110 0.529797
vt 0.361286 0.494932
vt 0.368481 0.502779
vt 0.392455 0.511446
vt 0.392917 0.510657
vt 0.392917 0.516972
vt 0.355726 0.513243
vt 0.362267 0.494278
vt 0.362267 0.496240
vt 0.362921 0.494278
vt 0.366191 0.502453
vt 0.372078 0.499183
vt 0.375677 0.530260
vt 0.376466 0.530260
vt 0.376793 0.529797
vt 0.378045 0.529470
vt 0.381370 0.516647
vt 0.385158 0.504418
vt 0.393244 0.496447
vt 0.393244 0.499604
vt 0.393707 0.490131
vt 0.393707 0.498488
vt 0.393707 0.501646
vt 0.364883 0.508011
vt 0.374694 0.486758
vt 0.377311 0.495259
vt 0.385477 0.517956
vt 0.393707 0.518551
vt 0.400022 0.518551
vt 0.364229 0.508011
vt 0.374694 0.489701
vt 0.375349 0.484469
vt 0.375349 0.486758
vt 0.375349 0.488720
vt 0.375349 0.489701
vt 0.375349 0.494278
vt 0.375349 0.496240
vt 0.377311 0.491335
vt 0.393707 0.512236
vt 0.399560 0.486646
vt 0.399560 0.505593
vt 0.399560 0.524077
vt 0.355072 0.506049
vt 0.355726 0.506049
vt 0.356380 0.506049
vt 0.362267 0.505395
vt 0.366846 0.506049
vt 0.374694 0.490682
vt 0.374694 0.492316
vt 0.392255 0.530260
vt 0.393372 0.529797
vt 0.400022 0.509540
vt 0.400022 0.523288
vt 0.353572 0.530260
vt 0.360959 0.495259
vt 0.368154 0.495586
vt 0.386929 0.489804
vt 0.398443 0.521709
vt 0.358997 0.506376
vt 0.359651 0.507030
vt 0.374694 0.485777
vt 0.374694 0.487739
vt 0.375021 0.487085
vt 0.384504 0.485778
vt 0.385477 0.518418
vt 0.394034 0.488225
vt 0.399560 0.493751
vt 0.360959 0.496240
vt 0.363575 0.486431
vt 0.363575 0.487412
vt 0.377311 0.512262
vt 0.377965 0.516185
vt 0.386929 0.505920
vt 0.398443 0.498026
vt 0.361005 0.529008
vt 0.363575 0.485777
vt 0.372405 0.484142
vt 0.397981 0.498026
vt 0.359978 0.511608
vt 0.364229 0.507357
vt 0.368572 0.517166
vt 0.375675 0.484142
vt 0.390087 0.489804
vt 0.362594 0.493951
vt 0.362921 0.502453
vt 0.364162 0.523482
vt 0.366518 0.502779
vt 0.366531 0.529797
vt 0.355726 0.500491
vt 0.358015 0.511608
vt 0.375675 0.492970
vt 0.390087 0.486973
vt 0.399560 0.516972
vt 0.355072 0.505395
vt 0.356707 0.505722
vt 0.358997 0.511934
vt 0.359651 0.511281
vt 0.368572 0.517628
vt 0.359651 0.494278
vt 0.364883 0.485777
vt 0.372405 0.487085
vt 0.399233 0.520919
vt 0.400349 0.500856
vt 0.355072 0.494605
vt 0.369462 0.504087
vt 0.386601 0.484278
vt 0.400349 0.487435
vt 0.400812 0.487763
vt 0.368154 0.494278
vt 0.392455 0.507499
vt 0.398770 0.520919
vt 0.398770 0.522171
vt 0.400349 0.500394
vt 0.400812 0.486646
vt 0.377256 0.523944
vt 0.378835 0.523944
vt 0.398443 0.490593
vt 0.398443 0.491383
vt 0.354418 0.495259
vt 0.365537 0.502453
vt 0.376983 0.512588
vt 0.392917 0.510329
vt 0.397981 0.491383
vt 0.398443 0.490131
vt 0.398443 0.492172
vt 0.398443 0.503552
vt 0.355726 0.501144
vt 0.357689 0.511934
vt 0.358343 0.511281
vt 0.360959 0.505395
vt 0.394623 0.529797
vt 0.399560 0.485394
vt 0.361467 0.529008
vt 0.363902 0.487085
vt 0.372078 0.484796
vt 0.385485 0.498205
vt 0.397981 0.497698
vt 0.397981 0.498488
vt 0.362921 0.503106
vt 0.363575 0.502453
vt 0.366191 0.503106
vt 0.372405 0.495913
vt 0.377583 0.529008
vt 0.356730 0.517166
vt 0.368481 0.493951
vt 0.369789 0.503760
vt 0.386139 0.483815
vt 0.392455 0.506710
vt 0.400349 0.486184
vt 0.354745 0.513569
vt 0.361613 0.496240
vt 0.363575 0.484469
vt 0.363575 0.486758
vt 0.368808 0.489374
vt 0.372846 0.529797
vt 0.374425 0.530260
vt 0.376004 0.529470
vt 0.377311 0.516185
vt 0.385812 0.503764
vt 0.386929 0.506382
vt 0.389425 0.523482
vt 0.393244 0.490921
vt 0.393707 0.483815
vt 0.393707 0.489014
vt 0.393707 0.489804
vt 0.397981 0.497236
vt 0.354091 0.505722
vt 0.356380 0.505395
vt 0.358997 0.511281
vt 0.390549 0.488552
vt 0.400022 0.509078
vt 0.358997 0.507030
vt 0.372405 0.505722
vt 0.375349 0.496567
vt 0.377311 0.490682
vt 0.393244 0.512236
vt 0.394034 0.487763
vt 0.353764 0.500491
vt 0.353764 0.504414
vt 0.356730 0.524733
vt 0.364229 0.506376
vt 0.366203 0.525850
vt 0.376004 0.519207
vt 0.377311 0.494278
vt 0.377311 0.494605
vt 0.377311 0.497548
vt 0.380414 0.518745
vt 0.393244 0.518551
vt 0.359324 0.511608
vt 0.364556 0.507684
vt 0.368110 0.517166
vt 0.375675 0.485123
vt 0.375675 0.490028
vt 0.384504 0.491010
vt 0.390087 0.488552
vt 0.363248 0.502779
vt 0.363902 0.502779
vt 0.364229 0.502453
vt 0.364556 0.489047
vt 0.366531 0.530260
vt 0.368109 0.529797
vt 0.356053 0.500818
vt 0.358669 0.511608
vt 0.368899 0.525850
vt 0.399560 0.517434
vt 0.400022 0.515393
vt 0.400022 0.516645
vt 0.353572 0.529797
vt 0.365864 0.502779
vt 0.368154 0.502453
vt 0.386929 0.489342
vt 0.392917 0.509867
vt 0.397981 0.507961
vt 0.372078 0.488393
vt 0.376657 0.512915
vt 0.378045 0.523482
vt 0.378835 0.523482
vt 0.397981 0.490131
vt 0.399233 0.522498
vt 0.365210 0.486104
vt 0.382542 0.500167
vt 0.386929 0.492172
vt 0.392455 0.497236
vt 0.399233 0.521709
vt 0.400812 0.500394
vt 0.400812 0.501183
vt 0.392917 0.507961
vt 0.392917 0.508288
vt 0.397981 0.501973
vt 0.398770 0.521709
vt 0.400349 0.501645
vt 0.355072 0.514877
vt 0.376657 0.512262
vt 0.386929 0.500394
vt 0.397981 0.504014
vt 0.398770 0.522498
vt 0.358309 0.530587
vt 0.358343 0.511934
vt 0.361286 0.505722
vt 0.369361 0.526312
vt 0.396402 0.521382
vt 0.356730 0.523482
vt 0.368481 0.495913
vt 0.387391 0.489342
vt 0.397981 0.508750
vt 0.398443 0.507499
vt 0.353764 0.505395
vt 0.357689 0.506049
vt 0.370151 0.526312
vt 0.384831 0.491337
vt 0.390087 0.489014
vt 0.354418 0.513243
vt 0.363575 0.483815
vt 0.375677 0.529008
vt 0.385812 0.491337
vt 0.363902 0.484142
vt 0.365210 0.502779
vt 0.372405 0.485123
vt 0.385485 0.491010
vt 0.386139 0.485067
vt 0.398443 0.497698
vt 0.363575 0.503106
vt 0.364229 0.503106
vt 0.372078 0.496240
vt 0.393244 0.494078
vt 0.397981 0.496909
vt 0.363575 0.484796
vt 0.364556 0.502779
vt 0.368109 0.530260
vt 0.382542 0.494281
vt 0.397981 0.496447
vt 0.372405 0.488066
vt 0.382542 0.496243
vt 0.387391 0.500394
vt 0.392917 0.498488
vt 0.398770 0.522960
vt 0.362594 0.500818
vt 0.370151 0.525850
vt 0.375349 0.485450
vt 0.375349 0.487739
vt 0.384177 0.491337
vt 0.364883 0.490682
vt 0.365210 0.489047
vt 0.382869 0.504419
vt 0.399190 0.096759
vt 0.385485 0.491664
vt 0.399190 0.903241
vt 0.369361 0.525850
vt 0.375675 0.491009
vt 0.390087 0.487763
vt 0.396402 0.520920
vt 0.396402 0.522171
vt 0.399560 0.515393
vt 0.360959 0.493625
vt 0.361940 0.493951
vt 0.368154 0.487412
vt 0.392455 0.509540
vt 0.392917 0.497236
vt 0.398443 0.502435
vt 0.400349 0.501183
vt 0.361613 0.493625
vt 0.382542 0.498205
vt 0.386929 0.491710
vt 0.392917 0.497698
vt 0.358309 0.531049
vt 0.377311 0.483815
vt 0.390087 0.488225
vt 0.396864 0.520920
vt 0.364883 0.503106
vt 0.373636 0.529797
vt 0.375215 0.529008
vt 0.385158 0.491337
vt 0.398770 0.523288
vt 0.354418 0.514877
vt 0.355072 0.514223
vt 0.361286 0.493951
vt 0.368154 0.492316
vt 0.386929 0.500856
vt 0.392917 0.498026
vt 0.392917 0.509078
vt 0.398443 0.502762
vt 0.363575 0.485450
vt 0.373636 0.530260
vt 0.393707 0.494078
vt 0.398443 0.496447
vt 0.399233 0.523750
vt 0.360959 0.494278
vt 0.361613 0.494278
vt 0.382216 0.496570
vt 0.382869 0.498532
vt 0.392455 0.498026
vt 0.358015 0.505722
vt 0.362267 0.501144
vt 0.369688 0.525850
vt 0.377638 0.484142
vt 0.390549 0.487763
vt 0.396864 0.521709
vt 0.362267 0.500491
vt 0.375349 0.490682
vt 0.375675 0.488066
vt 0.396402 0.521709
vt 0.363902 0.485123
vt 0.364883 0.502453
vt 0.382216 0.494607
vt 0.386139 0.484605
vt 0.398770 0.523750
vt 0.356730 0.517628
vt 0.369462 0.503434
vt 0.392917 0.514277
vt 0.393045 0.531049
vt 0.396075 0.516645
vt 0.400349 0.487763
vt 0.354745 0.494932
vt 0.370116 0.502453
vt 0.392455 0.509867
vt 0.397981 0.507499
vt 0.397981 0.508288
vt 0.356268 0.517166
vt 0.392455 0.508751
vt 0.392917 0.507499
vt 0.392917 0.513815
vt 0.400812 0.486184
vt 0.356730 0.523944
vt 0.357847 0.523482
vt 0.368481 0.497875
vt 0.370116 0.503106
vt 0.397981 0.520919
vt 0.398443 0.508288
vt 0.398770 0.526908
vt 0.367826 0.502779
vt 0.368154 0.486758
vt 0.392455 0.508288
vt 0.392455 0.513815
vt 0.393045 0.530587
vt 0.398443 0.501973
vt 0.354418 0.494605
vt 0.355399 0.514550
vt 0.356380 0.494605
vt 0.368481 0.491989
vt 0.370443 0.502779
vt 0.397981 0.503552
vt 0.398770 0.526445
vt 0.356380 0.514877
vt 0.367500 0.503106
vt 0.381235 0.512915
vt 0.392582 0.530587
vt 0.396075 0.516183
vt 0.356380 0.495259
vt 0.358309 0.523482
vt 0.380581 0.512262
vt 0.397981 0.522961
vt 0.399233 0.526445
vt 0.353899 0.529797
vt 0.360632 0.495259
vt 0.385158 0.492645
vt 0.392455 0.520592
vt 0.392917 0.519341
vt 0.500000 0.098270
vt 0.396075 0.517434
vt 0.397981 0.524077
vt 0.500000 0.901730
vt 0.356707 0.514550
vt 0.359426 0.529797
vt 0.381235 0.512262
vt 0.392917 0.513487
vt 0.367500 0.502453
vt 0.368481 0.487085
vt 0.381562 0.512588
vt 0.392455 0.509078
vt 0.392917 0.513025
vt 0.397981 0.503224
vt 0.398770 0.527235
vt 0.354745 0.514550
vt 0.356707 0.494932
vt 0.368154 0.491663
vt 0.368808 0.502453
vt 0.380908 0.512588
vt 0.354418 0.514223
vt 0.369135 0.502779
vt 0.397981 0.502762
vt 0.398770 0.527697
vt 0.359888 0.530260
vt 0.368808 0.503106
vt 0.380581 0.512915
vt 0.392455 0.513025
vt 0.397981 0.522498
vt 0.399233 0.527235
vt 0.374694 0.495259
vt 0.374694 0.495586
vt 0.375349 0.484796
vt 0.375349 0.488393
vt 0.375349 0.490355
vt 0.375349 0.491335
vt 0.377638 0.485123
vt 0.377965 0.510953
vt 0.399560 0.486184
vt 0.399560 0.515856
vt 0.399560 0.524867
vt 0.400022 0.516183
vt 0.353764 0.506049
vt 0.357689 0.505395
vt 0.357847 0.530587
vt 0.360959 0.506049
vt 0.374694 0.491335
vt 0.377311 0.484469
vt 0.381992 0.519207
vt 0.394496 0.491710
vt 0.394623 0.530260
vt 0.399560 0.507961
vt 0.399560 0.509078
vt 0.400022 0.507172
vt 0.353764 0.501144
vt 0.366203 0.526312
vt 0.379600 0.491664
vt 0.393244 0.515393
vt 0.399560 0.507499
vt 0.400022 0.506709
vt 0.377311 0.485777
vt 0.393244 0.520592
vt 0.399560 0.525329
vt 0.400022 0.486184
vt 0.400022 0.524077
vt 0.359098 0.531049
vt 0.374694 0.493297
vt 0.374694 0.494278
vt 0.375675 0.497875
vt 0.377311 0.484796
vt 0.377965 0.510300
vt 0.395740 0.529797
vt 0.400022 0.526446
vt 0.374694 0.493625
vt 0.375349 0.497548
vt 0.381530 0.518745
vt 0.393707 0.515856
vt 0.400022 0.507499
vt 0.400022 0.517762
vt 0.353899 0.524733
vt 0.354091 0.500818
vt 0.354689 0.524733
vt 0.377311 0.499183
vt 0.377311 0.503106
vt 0.377311 0.503434
vt 0.377311 0.505068
vt 0.379927 0.491991
vt 0.379951 0.519207
vt 0.395285 0.489014
vt 0.400022 0.494078
vt 0.400022 0.494868
vt 0.357057 0.529797
vt 0.359651 0.494605
vt 0.372078 0.487739
vt 0.373386 0.516185
vt 0.374694 0.516839
vt 0.377583 0.523482
vt 0.380414 0.523944
vt 0.382216 0.498532
vt 0.382869 0.496570
vt 0.382869 0.500494
vt 0.387391 0.491710
vt 0.359651 0.495259
vt 0.362267 0.495259
vt 0.364229 0.488720
vt 0.368572 0.529797
vt 0.372078 0.485450
vt 0.379951 0.523944
vt 0.382869 0.494607
vt 0.385812 0.498532
vt 0.386601 0.484605
vt 0.387391 0.503552
vt 0.397981 0.517434
vt 0.353110 0.505395
vt 0.375021 0.494932
vt 0.377638 0.486104
vt 0.400022 0.524867
vt 0.353110 0.506049
vt 0.364625 0.518745
vt 0.367500 0.507357
vt 0.368154 0.507357
vt 0.374694 0.489374
vt 0.377311 0.486431
vt 0.393244 0.520130
vt 0.393244 0.521382
vt 0.400022 0.503224
vt 0.400022 0.504014
vt 0.364162 0.518745
vt 0.379600 0.491010
vt 0.394823 0.488552
vt 0.399560 0.494868
vt 0.399560 0.502762
vt 0.353437 0.505722
vt 0.364625 0.519207
vt 0.374694 0.494605
vt 0.375021 0.492970
vt 0.378292 0.510627
vt 0.379927 0.491337
vt 0.374694 0.492644
vt 0.375021 0.493951
vt 0.379273 0.491337
vt 0.379273 0.491991
vt 0.393707 0.515393
vt 0.395285 0.488552
vt 0.298379 0.096759
vt 0.365210 0.491009
vt 0.298379 0.903241
vt 0.368154 0.497221
vt 0.385158 0.491991
vt 0.398443 0.512698
vt 0.398443 0.514277
vt 0.392455 0.519341
vt 0.600433 0.098270
vt 0.362256 0.523944
vt 0.363575 0.494605
vt 0.398443 0.524077
vt 0.600432 0.901730
vt 0.197569 0.096759
vt 0.364883 0.489374
vt 0.364883 0.491335
vt 0.369688 0.529797
vt 0.382216 0.505073
vt 0.197569 0.903241
vt 0.368154 0.490355
vt 0.368481 0.487739
vt 0.368481 0.496894
vt 0.353899 0.530260
vt 0.382869 0.487413
vt 0.392455 0.519803
vt 0.397981 0.514604
vt 0.700865 0.098270
vt 0.363902 0.494932
vt 0.700865 0.901730
vt 0.096759 0.096759
vt 0.353110 0.500164
vt 0.361613 0.499510
vt 0.365741 0.523482
vt 0.368110 0.523482
vt 0.370151 0.523482
vt 0.370478 0.523944
vt 0.373386 0.496567
vt 0.374887 0.523944
vt 0.382216 0.503110
vt 0.382542 0.504746
vt 0.382869 0.495262
vt 0.096759 0.197569
vt 0.361940 0.499837
vt 0.096759 0.298380
vt 0.361613 0.500164
vt 0.373309 0.523482
vt 0.374425 0.523944
vt 0.376466 0.523482
vt 0.096759 0.399190
vt 0.373309 0.523944
vt 0.096759 0.500000
vt 0.372846 0.523944
vt 0.374098 0.523482
vt 0.375677 0.523482
vt 0.376466 0.523944
vt 0.386929 0.490920
vt 0.096759 0.600810
vt 0.374098 0.523944
vt 0.096759 0.701620
vt 0.373636 0.523944
vt 0.387391 0.490920
vt 0.096759 0.802430
vt 0.375677 0.523944
vt 0.387391 0.491383
vt 0.096759 0.903241
vt 0.364229 0.493625
vt 0.364556 0.494932
vt 0.366203 0.523482
vt 0.368481 0.490028
vt 0.369361 0.523482
vt 0.374887 0.523482
vt 0.375215 0.523944
vt 0.376004 0.523944
vt 0.397981 0.515066
vt 0.801298 0.098270
vt 0.361794 0.523944
vt 0.363575 0.495259
vt 0.395613 0.517762
vt 0.397981 0.524867
vt 0.801298 0.901730
vt 0.355726 0.496240
vt 0.363835 0.529470
vt 0.369688 0.523944
vt 0.373386 0.500491
vt 0.373713 0.496894
vt 0.386929 0.504341
vt 0.356380 0.514223
vt 0.357520 0.523482
vt 0.358309 0.523944
vt 0.358636 0.523944
vt 0.359888 0.529797
vt 0.363373 0.529470
vt 0.368808 0.490355
vt 0.385158 0.495261
vt 0.385812 0.495916
vt 0.386929 0.504803
vt 0.395613 0.514604
vt 0.395613 0.516183
vt 0.398443 0.520919
vt 0.398443 0.522498
vt 0.400812 0.486973
vt 0.400812 0.488225
vt 0.355399 0.489047
vt 0.356053 0.489047
vt 0.362256 0.517956
vt 0.372405 0.498856
vt 0.393244 0.498026
vt 0.355072 0.489374
vt 0.357034 0.499510
vt 0.372078 0.498529
vt 0.377256 0.530260
vt 0.394624 0.525850
vt 0.395613 0.484278
vt 0.353437 0.489047
vt 0.361794 0.517956
vt 0.362267 0.495586
vt 0.385158 0.514884
vt 0.393707 0.498026
vt 0.354418 0.498202
vt 0.368808 0.498202
vt 0.377256 0.529797
vt 0.381833 0.516647
vt 0.394624 0.526312
vt 0.355072 0.497548
vt 0.362594 0.495913
vt 0.385812 0.514884
vt 0.387718 0.492962
vt 0.393707 0.496447
vt 0.393707 0.497236
vt 0.355726 0.495586
vt 0.368572 0.523944
vt 0.370151 0.523944
vt 0.372078 0.493297
vt 0.382869 0.508997
vt 0.382869 0.509651
vt 0.356380 0.497548
vt 0.359651 0.498202
vt 0.368808 0.497548
vt 0.381833 0.516185
vt 0.385812 0.504418
vt 0.356053 0.495913
vt 0.382216 0.489375
vt 0.382542 0.509324
vt 0.385485 0.494935
vt 0.387391 0.504803
vt 0.395613 0.513815
vt 0.355072 0.488720
vt 0.355726 0.489374
vt 0.372078 0.511934
vt 0.384177 0.509651
vt 0.386139 0.509867
vt 0.386601 0.509078
vt 0.396075 0.483815
vt 0.396992 0.530587
vt 0.355072 0.498202
vt 0.356730 0.526640
vt 0.359426 0.521113
vt 0.384504 0.502784
vt 0.393707 0.497698
vt 0.357034 0.500164
vt 0.370116 0.499510
vt 0.383899 0.521113
vt 0.384504 0.509324
vt 0.395613 0.483815
vt 0.357361 0.516512
vt 0.365537 0.491009
vt 0.386139 0.509078
vt 0.396992 0.531049
vt 0.357057 0.529008
vt 0.363046 0.529008
vt 0.364556 0.492970
vt 0.367320 0.523482
vt 0.373308 0.529470
vt 0.385940 0.523944
vt 0.353110 0.489374
vt 0.355399 0.516512
vt 0.355726 0.488720
vt 0.362256 0.518418
vt 0.372405 0.511608
vt 0.355399 0.490028
vt 0.357034 0.516839
vt 0.386601 0.509540
vt 0.386601 0.510329
vt 0.390876 0.487763
vt 0.384361 0.521576
vt 0.384831 0.509651
vt 0.386139 0.510657
vt 0.386601 0.509867
vt 0.390876 0.494078
vt 0.391338 0.487763
vt 0.354745 0.497875
vt 0.357361 0.499837
vt 0.370443 0.499837
vt 0.390214 0.527429
vt 0.394161 0.526312
vt 0.355072 0.516839
vt 0.365864 0.491335
vt 0.372078 0.511281
vt 0.389098 0.521113
vt 0.395613 0.494540
vt 0.396530 0.530587
vt 0.397192 0.484278
vt 0.360959 0.499510
vt 0.370116 0.500164
vt 0.384177 0.510305
vt 0.384361 0.521113
vt 0.385478 0.521113
vt 0.386601 0.510657
vt 0.390676 0.527891
vt 0.356268 0.524271
vt 0.377311 0.498202
vt 0.384504 0.492972
vt 0.388180 0.488225
vt 0.396402 0.524077
vt 0.353110 0.488720
vt 0.355072 0.516185
vt 0.356707 0.516512
vt 0.385485 0.514557
vt 0.387718 0.492499
vt 0.388635 0.521576
vt 0.355072 0.489701
vt 0.357034 0.516185
vt 0.359651 0.489701
vt 0.359978 0.487085
vt 0.365864 0.490682
vt 0.390876 0.506710
vt 0.397192 0.483815
vt 0.355072 0.490355
vt 0.359651 0.483815
vt 0.359978 0.490028
vt 0.376657 0.511281
vt 0.390876 0.494541
vt 0.391338 0.488225
vt 0.391338 0.513487
vt 0.359978 0.484142
vt 0.360959 0.500164
vt 0.383197 0.497878
vt 0.386601 0.511119
vt 0.391338 0.494078
vt 0.395613 0.491710
vt 0.356730 0.524271
vt 0.363575 0.501144
vt 0.364229 0.500491
vt 0.377311 0.493625
vt 0.384177 0.493299
vt 0.396864 0.522961
vt 0.359651 0.486758
vt 0.381562 0.485124
vt 0.395613 0.494078
vt 0.396530 0.529008
vt 0.397654 0.483815
vt 0.397654 0.491710
vt 0.354418 0.497548
vt 0.356380 0.498202
vt 0.369135 0.497875
vt 0.380414 0.521113
vt 0.384504 0.509978
vt 0.390676 0.527429
vt 0.353764 0.505068
vt 0.377638 0.497875
vt 0.387718 0.488225
vt 0.390549 0.493751
vt 0.390549 0.500067
vt 0.356380 0.516839
vt 0.357361 0.501799
vt 0.370770 0.488393
vt 0.389098 0.521576
vt 0.390876 0.517435
vt 0.396075 0.494078
vt 0.397192 0.491710
vt 0.359651 0.497548
vt 0.373059 0.491989
vt 0.376466 0.529797
vt 0.385485 0.504092
vt 0.388180 0.493751
vt 0.353437 0.501799
vt 0.359651 0.484469
vt 0.367500 0.484796
vt 0.376983 0.511608
vt 0.383850 0.497878
vt 0.390876 0.514277
vt 0.356730 0.527102
vt 0.370443 0.497875
vt 0.380413 0.529470
vt 0.384177 0.503110
vt 0.358343 0.489701
vt 0.367826 0.485123
vt 0.383523 0.497551
vt 0.395613 0.493751
vt 0.396075 0.492172
vt 0.397192 0.490131
vt 0.355399 0.497875
vt 0.356380 0.516185
vt 0.359888 0.521113
vt 0.367826 0.486104
vt 0.370443 0.498856
vt 0.371097 0.488066
vt 0.388180 0.492962
vt 0.393045 0.529008
vt 0.359651 0.487412
vt 0.383523 0.501475
vt 0.390876 0.507172
vt 0.396992 0.529008
vt 0.397192 0.498488
vt 0.361286 0.499837
vt 0.370770 0.491663
vt 0.385940 0.521576
vt 0.395613 0.493289
vt 0.396075 0.491710
vt 0.359651 0.490355
vt 0.383523 0.499513
vt 0.383523 0.500167
vt 0.390876 0.513025
vt 0.391338 0.506710
vt 0.397192 0.498026
vt 0.370770 0.490355
vt 0.371097 0.491989
vt 0.379951 0.521113
vt 0.384831 0.510305
vt 0.385940 0.521113
vt 0.388180 0.502435
vt 0.353110 0.501472
vt 0.376657 0.511934
vt 0.383523 0.502129
vt 0.383850 0.500494
vt 0.390876 0.513487
vt 0.397192 0.500856
vt 0.364229 0.501144
vt 0.377311 0.504414
vt 0.377638 0.493951
vt 0.380414 0.519207
vt 0.384831 0.492645
vt 0.390549 0.501973
vt 0.356707 0.497875
vt 0.359978 0.497875
vt 0.370770 0.484796
vt 0.372732 0.491663
vt 0.379951 0.521576
vt 0.387718 0.502435
vt 0.354418 0.503434
vt 0.381235 0.485451
vt 0.381562 0.491010
vt 0.390876 0.516972
vt 0.395613 0.496447
vt 0.397654 0.492172
vt 0.359651 0.516185
vt 0.381235 0.493299
vt 0.381888 0.485451
vt 0.383197 0.501802
vt 0.396075 0.496447
vt 0.396530 0.529470
vt 0.355072 0.515204
vt 0.367500 0.485450
vt 0.381235 0.486104
vt 0.390876 0.513815
vt 0.397192 0.490593
vt 0.358669 0.490028
vt 0.370770 0.492316
vt 0.370770 0.494605
vt 0.371097 0.490028
vt 0.378045 0.517628
vt 0.394624 0.527429
vt 0.396075 0.493289
vt 0.354362 0.521903
vt 0.356380 0.501472
vt 0.357034 0.501472
vt 0.367500 0.486431
vt 0.370770 0.487739
vt 0.397192 0.506382
vt 0.359978 0.516512
vt 0.383197 0.499840
vt 0.383850 0.501802
vt 0.397654 0.498026
vt 0.398770 0.483815
vt 0.370116 0.497548
vt 0.373713 0.502779
vt 0.379951 0.529470
vt 0.381530 0.527429
vt 0.384504 0.502129
vt 0.370770 0.485450
vt 0.370770 0.489701
vt 0.370770 0.511281
vt 0.383197 0.496570
vt 0.387718 0.501973
vt 0.394624 0.527891
vt 0.355399 0.515531
vt 0.358343 0.490355
vt 0.377965 0.511281
vt 0.378045 0.517166
vt 0.397192 0.496447
vt 0.397654 0.490131
vt 0.354745 0.501799
vt 0.370116 0.499183
vt 0.391793 0.527891
vt 0.392582 0.529008
vt 0.372405 0.492970
vt 0.382216 0.490029
vt 0.382216 0.509651
vt 0.382542 0.489048
vt 0.392455 0.521709
vt 0.353110 0.502125
vt 0.359324 0.501799
vt 0.381235 0.487413
vt 0.381888 0.486104
vt 0.390876 0.520920
vt 0.391338 0.513815
vt 0.397192 0.500394
vt 0.354091 0.504741
vt 0.364229 0.507030
vt 0.365537 0.507030
vt 0.375215 0.526312
vt 0.390087 0.491710
vt 0.390087 0.493289
vt 0.390549 0.494078
vt 0.356707 0.501799
vt 0.357034 0.502125
vt 0.381235 0.491337
vt 0.381562 0.492318
vt 0.391338 0.516972
vt 0.359888 0.521576
vt 0.370116 0.498202
vt 0.370116 0.498529
vt 0.381992 0.527891
vt 0.384831 0.503110
vt 0.389887 0.521576
vt 0.392255 0.527891
vt 0.357520 0.521903
vt 0.381235 0.493953
vt 0.383197 0.500494
vt 0.383197 0.502456
vt 0.383850 0.499840
vt 0.397192 0.509078
vt 0.399233 0.483815
vt 0.357034 0.490682
vt 0.358997 0.501472
vt 0.381562 0.493627
vt 0.383850 0.502456
vt 0.397654 0.500394
vt 0.360632 0.507684
vt 0.360959 0.507357
vt 0.363575 0.500491
vt 0.368110 0.526640
vt 0.379600 0.494935
vt 0.384831 0.493299
vt 0.396402 0.524539
vt 0.363902 0.500818
vt 0.379273 0.495261
vt 0.379600 0.493627
vt 0.395285 0.493751
vt 0.396402 0.522498
vt 0.361467 0.521113
vt 0.376004 0.529797
vt 0.387718 0.493751
vt 0.393707 0.501183
vt 0.366846 0.504414
vt 0.368572 0.526640
vt 0.387718 0.487763
vt 0.390549 0.499604
vt 0.396864 0.524539
vt 0.361286 0.507684
vt 0.363575 0.507357
vt 0.366846 0.505068
vt 0.368572 0.527102
vt 0.382782 0.519997
vt 0.360305 0.507357
vt 0.379600 0.506708
vt 0.379927 0.495261
vt 0.379927 0.498532
vt 0.384688 0.519534
vt 0.394823 0.493751
vt 0.355072 0.515858
vt 0.381562 0.485778
vt 0.381562 0.487086
vt 0.383523 0.500821
vt 0.397192 0.496909
vt 0.397319 0.529470
vt 0.370770 0.511934
vt 0.372732 0.511281
vt 0.383523 0.496243
vt 0.386729 0.521113
vt 0.361005 0.521113
vt 0.361794 0.521113
vt 0.370770 0.485777
vt 0.371097 0.485123
vt 0.371097 0.511608
vt 0.372732 0.492316
vt 0.373059 0.511608
vt 0.387718 0.493289
vt 0.364556 0.500818
vt 0.379273 0.493953
vt 0.379600 0.494281
vt 0.380581 0.486432
vt 0.384177 0.492645
vt 0.386929 0.510657
vt 0.396864 0.522498
vt 0.379600 0.498205
vt 0.379600 0.500821
vt 0.379927 0.493953
vt 0.387391 0.510657
vt 0.395285 0.493289
vt 0.354418 0.501472
vt 0.358997 0.516185
vt 0.363248 0.497875
vt 0.389425 0.521576
vt 0.390876 0.512236
vt 0.390876 0.516183
vt 0.391793 0.529008
vt 0.392255 0.527429
vt 0.353899 0.521903
vt 0.354418 0.502125
vt 0.356707 0.515531
vt 0.361940 0.501799
vt 0.367500 0.485777
vt 0.391338 0.512236
vt 0.393045 0.529470
vt 0.354745 0.503760
vt 0.360632 0.486104
vt 0.362267 0.515204
vt 0.381888 0.493299
vt 0.396075 0.496909
vt 0.400812 0.492172
vt 0.354745 0.499837
vt 0.360305 0.508011
vt 0.360959 0.508011
vt 0.365537 0.493625
vt 0.382782 0.519534
vt 0.385150 0.519534
vt 0.388308 0.519997
vt 0.357034 0.503434
vt 0.359651 0.516839
vt 0.362594 0.515531
vt 0.381562 0.492972
vt 0.397192 0.509540
vt 0.397192 0.512236
vt 0.398770 0.484278
vt 0.354091 0.515531
vt 0.371097 0.494932
vt 0.383850 0.496570
vt 0.386267 0.521576
vt 0.390876 0.489014
vt 0.394161 0.527891
vt 0.363902 0.507684
vt 0.367172 0.504741
vt 0.375677 0.525850
vt 0.379273 0.495916
vt 0.381203 0.519534
vt 0.390087 0.499604
vt 0.390549 0.493289
vt 0.354091 0.491009
vt 0.381235 0.491991
vt 0.381888 0.487413
vt 0.383197 0.501148
vt 0.391338 0.520920
vt 0.356707 0.507684
vt 0.379273 0.501148
vt 0.379600 0.497551
vt 0.379600 0.508670
vt 0.379927 0.494607
vt 0.386929 0.511119
vt 0.353764 0.515204
vt 0.370770 0.495259
vt 0.377583 0.517628
vt 0.378292 0.511608
vt 0.390876 0.501973
vt 0.394161 0.529008
vt 0.353764 0.490682
vt 0.357361 0.491009
vt 0.358997 0.502125
vt 0.361613 0.515204
vt 0.391338 0.521382
vt 0.397192 0.506709
vt 0.354418 0.499510
vt 0.371751 0.510627
vt 0.379927 0.507035
vt 0.385150 0.519997
vt 0.387391 0.512236
vt 0.389759 0.485394
vt 0.365864 0.494932
vt 0.379273 0.498532
vt 0.379273 0.507035
vt 0.379927 0.501148
vt 0.379927 0.508997
vt 0.386929 0.512236
vt 0.354418 0.496240
vt 0.368572 0.523482
vt 0.372078 0.492316
vt 0.374887 0.529470
vt 0.382216 0.508997
vt 0.382542 0.494935
vt 0.354362 0.524271
vt 0.373059 0.488066
vt 0.376466 0.526312
vt 0.377256 0.525850
vt 0.377638 0.504741
vt 0.378045 0.526312
vt 0.390087 0.501973
vt 0.355072 0.510300
vt 0.363575 0.508011
vt 0.365864 0.493951
vt 0.380581 0.489702
vt 0.380741 0.519997
vt 0.382320 0.519997
vt 0.377965 0.511934
vt 0.383109 0.517166
vt 0.390876 0.514604
vt 0.394161 0.529470
vt 0.397319 0.529008
vt 0.397654 0.496447
vt 0.357034 0.497548
vt 0.362921 0.497548
vt 0.373059 0.499837
vt 0.381530 0.527891
vt 0.384831 0.502456
vt 0.389887 0.521113
vt 0.376004 0.526312
vt 0.380254 0.486759
vt 0.384504 0.492318
vt 0.390549 0.502435
vt 0.395285 0.491710
vt 0.356380 0.502125
vt 0.360632 0.487085
vt 0.381235 0.492645
vt 0.381235 0.496570
vt 0.397192 0.505920
vt 0.354418 0.504087
vt 0.360305 0.485777
vt 0.366203 0.521903
vt 0.381562 0.496243
vt 0.381888 0.491337
vt 0.381888 0.492645
vt 0.357034 0.491335
vt 0.357520 0.522365
vt 0.360959 0.516185
vt 0.381235 0.495262
vt 0.381888 0.493953
vt 0.397192 0.507172
vt 0.398770 0.489804
vt 0.365537 0.494278
vt 0.372519 0.526640
vt 0.377256 0.527102
vt 0.380254 0.490029
vt 0.387846 0.519997
vt 0.357057 0.521903
vt 0.357361 0.503760
vt 0.397192 0.513025
vt 0.397654 0.509078
vt 0.399233 0.489804
vt 0.356380 0.507357
vt 0.362256 0.517628
vt 0.378372 0.519997
vt 0.379273 0.494607
vt 0.380908 0.486759
vt 0.394823 0.494868
vt 0.395285 0.492172
vt 0.359978 0.507684
vt 0.375215 0.525850
vt 0.379600 0.495589
vt 0.390087 0.494078
vt 0.394823 0.496119
vt 0.356268 0.521903
vt 0.356380 0.515204
vt 0.357689 0.490682
vt 0.359324 0.516512
vt 0.390876 0.512698
vt 0.397654 0.508288
vt 0.362921 0.498202
vt 0.370770 0.497221
vt 0.372732 0.500164
vt 0.390876 0.510657
vt 0.390876 0.511908
vt 0.391793 0.529470
vt 0.354418 0.500164
vt 0.371424 0.510953
vt 0.372057 0.526640
vt 0.388308 0.519534
vt 0.395285 0.506709
vt 0.395285 0.510657
vt 0.357034 0.498202
vt 0.372732 0.491335
vt 0.373386 0.503106
vt 0.384177 0.502456
vt 0.393707 0.500394
vt 0.395613 0.487763
vt 0.355726 0.490682
vt 0.357689 0.515204
vt 0.381562 0.491664
vt 0.383571 0.517628
vt 0.383850 0.501148
vt 0.397781 0.529008
vt 0.360632 0.485123
vt 0.362267 0.515858
vt 0.381562 0.497551
vt 0.397192 0.512698
vt 0.397192 0.519341
vt 0.400349 0.492172
vt 0.355399 0.510627
vt 0.359651 0.507357
vt 0.379927 0.495916
vt 0.381203 0.519997
vt 0.394823 0.504341
vt 0.395285 0.509867
vt 0.395285 0.511446
vt 0.356380 0.508011
vt 0.361794 0.517628
vt 0.379273 0.497878
vt 0.379600 0.508016
vt 0.384361 0.519997
vt 0.354745 0.490028
vt 0.370770 0.486431
vt 0.372732 0.511934
vt 0.386729 0.521576
vt 0.390876 0.484278
vt 0.390876 0.488552
vt 0.363835 0.517166
vt 0.365537 0.494605
vt 0.379273 0.508997
vt 0.379927 0.497878
vt 0.379927 0.508343
vt 0.395285 0.499604
vt 0.367500 0.494605
vt 0.383523 0.504092
vt 0.390876 0.511446
vt 0.390876 0.516645
vt 0.392255 0.529008
vt 0.371424 0.510300
vt 0.376466 0.526640
vt 0.389297 0.490131
vt 0.389759 0.485857
vt 0.394823 0.506709
vt 0.355726 0.513896
vt 0.357361 0.489047
vt 0.361467 0.521576
vt 0.362256 0.521113
vt 0.393244 0.501183
vt 0.366993 0.518745
vt 0.372078 0.505395
vt 0.375349 0.501144
vt 0.375675 0.496894
vt 0.400022 0.527235
vt 0.355072 0.513896
vt 0.356268 0.527102
vt 0.357519 0.526640
vt 0.357519 0.529008
vt 0.357689 0.496240
vt 0.364883 0.488393
vt 0.364883 0.494605
vt 0.365741 0.529008
vt 0.366993 0.529470
vt 0.368110 0.529008
vt 0.371267 0.529797
vt 0.371730 0.529470
vt 0.373308 0.517166
vt 0.373308 0.529008
vt 0.373386 0.502453
vt 0.380413 0.529008
vt 0.382216 0.505727
vt 0.382869 0.506381
vt 0.385158 0.496570
vt 0.391004 0.523482
vt 0.393244 0.497236
vt 0.393244 0.500394
vt 0.393707 0.490593
vt 0.393707 0.492962
vt 0.393707 0.496909
vt 0.400349 0.489804
vt 0.356380 0.499510
vt 0.359651 0.508011
vt 0.379951 0.526640
vt 0.389297 0.490921
vt 0.394823 0.494078
vt 0.395285 0.495657
vt 0.395285 0.504341
vt 0.363835 0.517628
vt 0.365537 0.495259
vt 0.375677 0.526640
vt 0.387391 0.512698
vt 0.389297 0.485394
vt 0.389297 0.490593
vt 0.395285 0.503552
vt 0.353764 0.515858
vt 0.354091 0.501799
vt 0.354418 0.489701
vt 0.378835 0.517166
vt 0.391338 0.488552
vt 0.391338 0.501973
vt 0.357034 0.504087
vt 0.392255 0.530587
vt 0.397192 0.513487
vt 0.397654 0.512236
vt 0.397654 0.519341
vt 0.354362 0.522365
vt 0.360305 0.486758
vt 0.361286 0.485123
vt 0.361613 0.502125
vt 0.367826 0.497875
vt 0.370940 0.517166
vt 0.397654 0.505920
vt 0.397654 0.516972
vt 0.356380 0.515858
vt 0.358015 0.491009
vt 0.361613 0.501472
vt 0.363835 0.522365
vt 0.397192 0.516972
vt 0.355726 0.501472
vt 0.358015 0.515531
vt 0.381235 0.488721
vt 0.383571 0.517166
vt 0.390876 0.515066
vt 0.397654 0.500067
vt 0.376466 0.525850
vt 0.377256 0.526312
vt 0.378835 0.519997
vt 0.392255 0.524733
vt 0.394823 0.491710
vt 0.361286 0.516512
vt 0.361613 0.515858
vt 0.366191 0.515204
vt 0.367500 0.490682
vt 0.397654 0.506709
vt 0.398770 0.490593
vt 0.386601 0.498815
vt 0.390549 0.492172
vt 0.390549 0.494540
vt 0.394823 0.495657
vt 0.395285 0.494078
vt 0.357361 0.497875
vt 0.371097 0.496894
vt 0.372732 0.499510
vt 0.376329 0.511608
vt 0.396075 0.487763
vt 0.357034 0.488720
vt 0.358343 0.483815
vt 0.358669 0.488393
vt 0.362256 0.521576
vt 0.371097 0.486104
vt 0.387846 0.521576
vt 0.390876 0.483815
vt 0.353764 0.491335
vt 0.354689 0.521903
vt 0.355726 0.491335
vt 0.361940 0.515531
vt 0.362921 0.515204
vt 0.366518 0.515531
vt 0.381888 0.491991
vt 0.363248 0.500818
vt 0.365864 0.506703
vt 0.369361 0.518745
vt 0.374425 0.526312
vt 0.386601 0.499277
vt 0.390087 0.492499
vt 0.390549 0.491710
vt 0.356268 0.530587
vt 0.369462 0.514223
vt 0.372519 0.527102
vt 0.377256 0.526640
vt 0.395285 0.511119
vt 0.362256 0.517166
vt 0.379600 0.505400
vt 0.379600 0.506054
vt 0.379927 0.497224
vt 0.384361 0.519534
vt 0.395285 0.494868
vt 0.355072 0.510953
vt 0.357034 0.496567
vt 0.359324 0.496894
vt 0.369789 0.514550
vt 0.376793 0.527102
vt 0.380908 0.490029
vt 0.394823 0.509867
vt 0.356707 0.499837
vt 0.358343 0.507357
vt 0.362921 0.500491
vt 0.386139 0.498815
vt 0.394823 0.500394
vt 0.395285 0.494541
vt 0.363373 0.517628
vt 0.370940 0.530587
vt 0.380908 0.500494
vt 0.389297 0.488552
vt 0.394823 0.503552
vt 0.395285 0.500067
vt 0.358997 0.516839
vt 0.367826 0.494932
vt 0.391338 0.516183
vt 0.397192 0.505131
vt 0.397192 0.508288
vt 0.397192 0.509867
vt 0.356268 0.531049
vt 0.360305 0.496894
vt 0.376466 0.527102
vt 0.380741 0.527102
vt 0.389297 0.502762
vt 0.394823 0.510657
vt 0.395285 0.507172
vt 0.360305 0.484796
vt 0.360305 0.486431
vt 0.366203 0.522365
vt 0.368481 0.515531
vt 0.381562 0.500167
vt 0.400349 0.491710
vt 0.370478 0.530587
vt 0.379273 0.508343
vt 0.379927 0.506381
vt 0.383899 0.519997
vt 0.394823 0.499604
vt 0.395285 0.501183
vt 0.370770 0.496567
vt 0.376003 0.511934
vt 0.383523 0.498205
vt 0.390876 0.511119
vt 0.395613 0.494868
vt 0.371730 0.517956
vt 0.378835 0.519534
vt 0.379600 0.496897
vt 0.391793 0.524733
vt 0.394823 0.495330
vt 0.395285 0.492962
vt 0.353764 0.501472
vt 0.391338 0.502435
vt 0.391338 0.514604
vt 0.394623 0.529008
vt 0.394951 0.529470
vt 0.397192 0.500067
vt 0.360632 0.497221
vt 0.368481 0.499837
vt 0.375677 0.527102
vt 0.376004 0.527102
vt 0.389297 0.498815
vt 0.389297 0.500394
vt 0.389759 0.490131
vt 0.356380 0.503434
vt 0.368572 0.521903
vt 0.381888 0.495262
vt 0.392255 0.531049
vt 0.395613 0.498815
vt 0.397654 0.513025
vt 0.398770 0.489342
vt 0.356707 0.503760
vt 0.360959 0.516839
vt 0.366191 0.501472
vt 0.381562 0.494935
vt 0.381562 0.498205
vt 0.399233 0.490593
vt 0.353110 0.521903
vt 0.355151 0.521903
vt 0.355726 0.502125
vt 0.356053 0.491009
vt 0.357689 0.515858
vt 0.376794 0.526312
vt 0.377583 0.526312
vt 0.392255 0.524271
vt 0.395285 0.490921
vt 0.395285 0.492499
vt 0.354418 0.490355
vt 0.378835 0.517628
vt 0.379624 0.517628
vt 0.388308 0.521576
vt 0.391338 0.483815
vt 0.397192 0.485067
vt 0.356730 0.521903
vt 0.357689 0.491335
vt 0.360305 0.490355
vt 0.363835 0.521903
vt 0.371730 0.521903
vt 0.357519 0.527102
vt 0.373059 0.491009
vt 0.393707 0.500856
vt 0.395613 0.489014
vt 0.400349 0.490920
vt 0.366531 0.518745
vt 0.376983 0.507684
vt 0.394034 0.489014
vt 0.399560 0.527697
vt 0.368154 0.499510
vt 0.369135 0.514550
vt 0.375215 0.527102
vt 0.378835 0.526640
vt 0.389759 0.488552
vt 0.395285 0.504014
vt 0.359651 0.515204
vt 0.360632 0.515531
vt 0.372732 0.496567
vt 0.381562 0.488394
vt 0.395413 0.529008
vt 0.397192 0.499604
vt 0.359978 0.501799
vt 0.383197 0.504418
vt 0.391338 0.510657
vt 0.391338 0.511908
vt 0.396075 0.494868
vt 0.356730 0.530587
vt 0.358997 0.496567
vt 0.369462 0.514877
vt 0.380741 0.526640
vt 0.395285 0.516183
vt 0.355072 0.503434
vt 0.355399 0.498856
vt 0.360305 0.485450
vt 0.368154 0.515858
vt 0.381235 0.497878
vt 0.397654 0.524539
vt 0.356053 0.515531
vt 0.356380 0.488720
vt 0.372732 0.490682
vt 0.376003 0.511281
vt 0.381562 0.484470
vt 0.383197 0.498532
vt 0.395613 0.488225
vt 0.395613 0.488552
vt 0.370116 0.504414
vt 0.370940 0.531049
vt 0.380581 0.500167
vt 0.389759 0.486973
vt 0.395285 0.501646
vt 0.368110 0.521903
vt 0.379162 0.521903
vt 0.381888 0.497878
vt 0.391793 0.530587
vt 0.397192 0.524539
vt 0.397654 0.519803
vt 0.353572 0.521903
vt 0.356053 0.501799
vt 0.360305 0.515204
vt 0.381888 0.488721
vt 0.397192 0.503552
vt 0.358669 0.487739
vt 0.358997 0.486758
vt 0.388308 0.521113
vt 0.390876 0.495330
vt 0.397192 0.484605
vt 0.358015 0.496894
vt 0.366203 0.517166
vt 0.379951 0.527102
vt 0.389297 0.512698
vt 0.394823 0.522498
vt 0.395285 0.504803
vt 0.395285 0.511908
vt 0.353437 0.510627
vt 0.371730 0.518418
vt 0.379273 0.497224
vt 0.379273 0.505727
vt 0.380414 0.519534
vt 0.355478 0.530260
vt 0.372078 0.492644
vt 0.372405 0.491989
vt 0.373059 0.516512
vt 0.382542 0.489702
vt 0.382542 0.508670
vt 0.364883 0.507357
vt 0.375349 0.504414
vt 0.377311 0.489374
vt 0.377311 0.492316
vt 0.399560 0.518551
vt 0.361467 0.521903
vt 0.362921 0.515858
vt 0.366191 0.515858
vt 0.367826 0.490028
vt 0.367826 0.491009
vt 0.386929 0.483815
vt 0.356730 0.522365
vt 0.360632 0.490028
vt 0.381888 0.494607
vt 0.397192 0.508750
vt 0.397654 0.505131
vt 0.398770 0.490920
vt 0.353764 0.502125
vt 0.373059 0.496894
vt 0.378372 0.517628
vt 0.379624 0.517166
vt 0.381562 0.486432
vt 0.394951 0.529008
vt 0.397192 0.492499
vt 0.357361 0.496894
vt 0.357689 0.496567
vt 0.385150 0.527102
vt 0.394823 0.511446
vt 0.394823 0.519803
vt 0.395285 0.510329
vt 0.356053 0.510627
vt 0.358343 0.508011
vt 0.365537 0.492644
vt 0.368154 0.504414
vt 0.395285 0.500394
vt 0.368808 0.514223
vt 0.370443 0.504741
vt 0.374098 0.517956
vt 0.380254 0.500494
vt 0.387718 0.510657
vt 0.389297 0.489014
vt 0.368154 0.500164
vt 0.368481 0.513569
vt 0.378835 0.527102
vt 0.389297 0.499277
vt 0.354418 0.495586
vt 0.355151 0.527102
vt 0.370940 0.523944
vt 0.372078 0.490355
vt 0.382216 0.495262
vt 0.353110 0.510953
vt 0.379273 0.506381
vt 0.379927 0.505727
vt 0.380581 0.489048
vt 0.386601 0.490921
vt 0.389297 0.486973
vt 0.389759 0.487763
vt 0.394823 0.501183
vt 0.353764 0.498529
vt 0.360305 0.487412
vt 0.365741 0.522365
vt 0.367500 0.498202
vt 0.378619 0.511281
vt 0.381235 0.500494
vt 0.381888 0.496570
vt 0.357034 0.497221
vt 0.358997 0.497221
vt 0.369789 0.486104
vt 0.370443 0.513569
vt 0.385150 0.526640
vt 0.395285 0.516645
vt 0.360305 0.506376
vt 0.363575 0.506376
vt 0.375349 0.500491
vt 0.376657 0.507357
vt 0.399560 0.527235
vt 0.366518 0.501799
vt 0.367500 0.489701
vt 0.367500 0.491335
vt 0.396075 0.499604
vt 0.397192 0.518224
vt 0.398770 0.490131
vt 0.360305 0.507030
vt 0.360959 0.507030
vt 0.361613 0.506376
vt 0.375349 0.497221
vt 0.375675 0.500818
vt 0.377311 0.493297
vt 0.377583 0.518745
vt 0.393707 0.513487
vt 0.394034 0.490593
vt 0.394496 0.487763
vt 0.399560 0.493289
vt 0.355399 0.496894
vt 0.355726 0.510300
vt 0.356380 0.500164
vt 0.382320 0.529470
vt 0.389759 0.490921
vt 0.395285 0.500856
vt 0.360632 0.496567
vt 0.371751 0.514550
vt 0.372405 0.514550
vt 0.386729 0.526640
vt 0.389297 0.503224
vt 0.389759 0.500394
vt 0.356380 0.489374
vt 0.358015 0.489047
vt 0.396075 0.488552
vt 0.400812 0.490920
vt 0.357689 0.489701
vt 0.379162 0.517628
vt 0.390876 0.507961
vt 0.391338 0.494868
vt 0.397654 0.484605
vt 0.397654 0.492499
vt 0.369462 0.485777
vt 0.381203 0.526640
vt 0.386729 0.527102
vt 0.389759 0.502762
vt 0.394823 0.516183
vt 0.394823 0.519013
vt 0.356053 0.513569
vt 0.357034 0.489374
vt 0.358669 0.484142
vt 0.358997 0.497548
vt 0.393707 0.500067
vt 0.358669 0.507684
vt 0.361613 0.501144
vt 0.362921 0.501144
vt 0.368481 0.504741
vt 0.374887 0.526312
vt 0.379273 0.509651
vt 0.355726 0.516185
vt 0.358343 0.484469
vt 0.358343 0.488066
vt 0.358997 0.498202
vt 0.359324 0.487085
vt 0.393372 0.526312
vt 0.359651 0.502125
vt 0.367500 0.495259
vt 0.381888 0.489375
vt 0.383850 0.504418
vt 0.397192 0.510329
vt 0.397192 0.511119
vt 0.355726 0.515858
vt 0.359651 0.501472
vt 0.381562 0.489048
vt 0.381562 0.490356
vt 0.383850 0.498532
vt 0.395613 0.495330
vt 0.371267 0.517956
vt 0.379600 0.499513
vt 0.379624 0.519534
vt 0.379927 0.496570
vt 0.379951 0.519534
vt 0.394823 0.492499
vt 0.395285 0.490593
vt 0.395285 0.491383
vt 0.360959 0.501144
vt 0.368899 0.518745
vt 0.390549 0.492499
vt 0.394034 0.490921
vt 0.360959 0.483815
vt 0.368572 0.522365
vt 0.379624 0.521903
vt 0.384361 0.521903
vt 0.395613 0.501973
vt 0.396075 0.499277
vt 0.355726 0.503434
vt 0.356380 0.504087
vt 0.361286 0.484142
vt 0.376004 0.521903
vt 0.381235 0.498532
vt 0.396075 0.498815
vt 0.355399 0.491009
vt 0.356707 0.489047
vt 0.357689 0.489374
vt 0.381235 0.484796
vt 0.381992 0.517166
vt 0.396075 0.486973
vt 0.366191 0.502125
vt 0.376466 0.521903
vt 0.381888 0.498532
vt 0.395613 0.499604
vt 0.400812 0.492499
vt 0.353110 0.510300
vt 0.353437 0.496894
vt 0.356053 0.496894
vt 0.379927 0.499840
vt 0.380414 0.519997
vt 0.386139 0.490921
vt 0.365864 0.499837
vt 0.368154 0.513243
vt 0.368808 0.514877
vt 0.374098 0.518418
vt 0.378372 0.526640
vt 0.384361 0.527102
vt 0.387718 0.513487
vt 0.370116 0.505068
vt 0.387718 0.511119
vt 0.389759 0.487435
vt 0.389759 0.488225
vt 0.395285 0.512236
vt 0.368154 0.513896
vt 0.369462 0.486758
vt 0.371424 0.514223
vt 0.383899 0.527102
vt 0.389297 0.500856
vt 0.389759 0.498815
vt 0.390676 0.526640
vt 0.355399 0.503760
vt 0.379624 0.522365
vt 0.383197 0.505727
vt 0.383899 0.521903
vt 0.397192 0.524077
vt 0.397192 0.526446
vt 0.372732 0.488393
vt 0.378045 0.525850
vt 0.387718 0.486973
vt 0.394823 0.490920
vt 0.395285 0.490131
vt 0.353572 0.522365
vt 0.355151 0.522365
vt 0.358636 0.521903
vt 0.360215 0.521903
vt 0.363248 0.515531
vt 0.387391 0.483815
vt 0.397192 0.504014
vt 0.397192 0.514277
vt 0.361005 0.521903
vt 0.364625 0.522365
vt 0.367500 0.490355
vt 0.397192 0.517762
vt 0.354091 0.485123
vt 0.355726 0.510953
vt 0.356380 0.496567
vt 0.365537 0.493297
vt 0.378045 0.526640
vt 0.382320 0.529008
vt 0.355726 0.516839
vt 0.357034 0.489701
vt 0.358015 0.490028
vt 0.358997 0.487412
vt 0.358997 0.487739
vt 0.390876 0.494868
vt 0.381562 0.494281
vt 0.384361 0.530587
vt 0.397192 0.505593
vt 0.397192 0.510657
vt 0.397192 0.515393
vt 0.397654 0.509867
vt 0.398770 0.489014
vt 0.355072 0.496567
vt 0.374040 0.514223
vt 0.380413 0.526640
vt 0.389297 0.512236
vt 0.389759 0.491383
vt 0.359098 0.521903
vt 0.359651 0.490682
vt 0.359651 0.515858
vt 0.360305 0.515858
vt 0.363575 0.515204
vt 0.397654 0.503552
vt 0.381888 0.486759
vt 0.390876 0.519013
vt 0.391338 0.507961
vt 0.397192 0.501183
vt 0.397654 0.492962
vt 0.354362 0.524733
vt 0.358309 0.518418
vt 0.372732 0.487739
vt 0.377311 0.502453
vt 0.387718 0.487435
vt 0.390087 0.502762
vt 0.360959 0.484796
vt 0.363373 0.522365
vt 0.371730 0.522365
vt 0.386267 0.522365
vt 0.390876 0.498026
vt 0.393372 0.529008
vt 0.397192 0.517434
vt 0.353110 0.499510
vt 0.355072 0.495586
vt 0.357519 0.529470
vt 0.364229 0.494605
vt 0.366203 0.523944
vt 0.367782 0.523482
vt 0.378045 0.530260
vt 0.385812 0.496570
vt 0.353437 0.499837
vt 0.354362 0.527102
vt 0.355072 0.496240
vt 0.370940 0.523482
vt 0.372078 0.489701
vt 0.382869 0.510305
vt 0.364229 0.501472
vt 0.374098 0.521903
vt 0.381235 0.494607
vt 0.397654 0.515393
vt 0.398770 0.491383
vt 0.361286 0.500818
vt 0.361613 0.500491
vt 0.374887 0.525850
vt 0.390087 0.498815
vt 0.390549 0.492962
vt 0.356380 0.490682
vt 0.359978 0.491009
vt 0.359978 0.515531
vt 0.372732 0.497221
vt 0.381235 0.486759
vt 0.397654 0.501646
vt 0.359426 0.518745
vt 0.361613 0.507030
vt 0.362267 0.507030
vt 0.375021 0.488066
vt 0.400022 0.493289
vt 0.359978 0.496894
vt 0.372078 0.514877
vt 0.386267 0.527102
vt 0.394823 0.521709
vt 0.395285 0.519013
vt 0.396402 0.486646
vt 0.353764 0.510300
vt 0.365864 0.492970
vt 0.368154 0.505068
vt 0.378045 0.527102
vt 0.379927 0.509651
vt 0.395285 0.505131
vt 0.370116 0.513896
vt 0.376003 0.514223
vt 0.384688 0.527102
vt 0.395285 0.519803
vt 0.396402 0.487435
vt 0.396864 0.492499
vt 0.357057 0.527102
vt 0.357689 0.488720
vt 0.357689 0.495586
vt 0.370443 0.487085
vt 0.383197 0.493953
vt 0.395613 0.486973
vt 0.400349 0.491383
vt 0.354091 0.498856
vt 0.355072 0.498529
vt 0.368154 0.515204
vt 0.379273 0.511281
vt 0.380414 0.517628
vt 0.381888 0.500494
vt 0.397654 0.490920
vt 0.373059 0.497875
vt 0.381530 0.517166
vt 0.383523 0.493627
vt 0.395613 0.487435
vt 0.359651 0.496567
vt 0.369789 0.487085
vt 0.371424 0.514877
vt 0.372078 0.514223
vt 0.380581 0.502784
vt 0.394823 0.520130
vt 0.357689 0.497221
vt 0.365741 0.517166
vt 0.376329 0.514550
vt 0.379600 0.514550
vt 0.394823 0.519341
vt 0.355726 0.497221
vt 0.371751 0.504741
vt 0.374887 0.527102
vt 0.380254 0.489375
vt 0.386601 0.491383
vt 0.353437 0.491009
vt 0.355072 0.491335
vt 0.355726 0.515204
vt 0.357361 0.515531
vt 0.381235 0.490683
vt 0.381888 0.484796
vt 0.386929 0.493751
vt 0.358669 0.496894
vt 0.373636 0.517956
vt 0.376004 0.518418
vt 0.388180 0.510657
vt 0.388180 0.513487
vt 0.395285 0.512698
vt 0.357847 0.518418
vt 0.358997 0.507357
vt 0.379600 0.496243
vt 0.380581 0.499513
vt 0.388180 0.487435
vt 0.394823 0.490131
vt 0.360305 0.489701
vt 0.361286 0.488066
vt 0.371267 0.521903
vt 0.374098 0.522365
vt 0.386729 0.522365
vt 0.399233 0.490920
vt 0.357034 0.490355
vt 0.357689 0.490355
vt 0.383899 0.517166
vt 0.390876 0.507499
vt 0.390876 0.518551
vt 0.391338 0.508751
vt 0.353110 0.491335
vt 0.361286 0.501799
vt 0.367826 0.491989
vt 0.381235 0.489375
vt 0.381888 0.490683
vt 0.397654 0.510657
vt 0.399233 0.489014
vt 0.359888 0.519207
vt 0.362921 0.506376
vt 0.374694 0.488393
vt 0.375021 0.486104
vt 0.394034 0.489804
vt 0.358343 0.496567
vt 0.361286 0.496894
vt 0.374425 0.527102
vt 0.380908 0.489375
vt 0.389297 0.487763
vt 0.389759 0.496447
vt 0.394823 0.512236
vt 0.353110 0.496567
vt 0.379273 0.499840
vt 0.379624 0.519997
vt 0.380908 0.488067
vt 0.386601 0.488552
vt 0.355072 0.499183
vt 0.355072 0.504087
vt 0.370770 0.500491
vt 0.371097 0.499837
vt 0.379600 0.511608
vt 0.383850 0.505727
vt 0.356707 0.496894
vt 0.364883 0.495586
vt 0.375215 0.517956
vt 0.377583 0.527102
vt 0.394823 0.505131
vt 0.369462 0.486431
vt 0.370116 0.513243
vt 0.389759 0.515393
vt 0.394823 0.518551
vt 0.396402 0.486184
vt 0.396402 0.492499
vt 0.355478 0.524733
vt 0.360632 0.510627
vt 0.360959 0.510953
vt 0.364556 0.506703
vt 0.364883 0.507030
vt 0.365210 0.507684
vt 0.365537 0.506376
vt 0.366846 0.507030
vt 0.369361 0.519207
vt 0.375349 0.505068
vt 0.377311 0.488393
vt 0.380254 0.484796
vt 0.380741 0.518745
vt 0.393244 0.519013
vt 0.394496 0.490921
vt 0.400022 0.528025
vt 0.362921 0.507030
vt 0.367320 0.518745
vt 0.374694 0.486431
vt 0.374694 0.487412
vt 0.377311 0.491663
vt 0.400022 0.519013
vt 0.353764 0.484796
vt 0.355072 0.497221
vt 0.374367 0.514550
vt 0.382782 0.529008
vt 0.389297 0.508751
vt 0.364625 0.521903
vt 0.376794 0.522365
vt 0.380414 0.521903
vt 0.396075 0.500067
vt 0.397654 0.517762
vt 0.400812 0.492962
vt 0.353110 0.498529
vt 0.384361 0.522365
vt 0.390876 0.504341
vt 0.395613 0.502435
vt 0.397654 0.526446
vt 0.354091 0.510627
vt 0.360632 0.500818
vt 0.361940 0.500818
vt 0.365537 0.504414
vt 0.379600 0.509324
vt 0.390549 0.499277
vt 0.395285 0.498026
vt 0.353437 0.498856
vt 0.355726 0.504087
vt 0.360959 0.484469
vt 0.360959 0.486758
vt 0.387519 0.522365
vt 0.396075 0.501973
vt 0.359324 0.507684
vt 0.379162 0.519534
vt 0.379273 0.496570
vt 0.379600 0.498859
vt 0.380581 0.487740
vt 0.356053 0.503760
vt 0.361286 0.487085
vt 0.376466 0.522365
vt 0.379951 0.521903
vt 0.381562 0.502129
vt 0.382622 0.516185
vt 0.400349 0.492962
vt 0.355072 0.490682
vt 0.367826 0.484142
vt 0.372732 0.498202
vt 0.381203 0.521576
vt 0.381992 0.517628
vt 0.387391 0.493751
vt 0.390876 0.509867
vt 0.370116 0.487412
vt 0.372732 0.497548
vt 0.381203 0.521113
vt 0.383523 0.492972
vt 0.383850 0.493953
vt 0.365537 0.500164
vt 0.367320 0.530587
vt 0.373059 0.514550
vt 0.384361 0.526640
vt 0.390214 0.526640
vt 0.396402 0.484278
vt 0.356053 0.516512
vt 0.357689 0.498202
vt 0.358343 0.498202
vt 0.359324 0.488066
vt 0.359651 0.499510
vt 0.386601 0.513815
vt 0.387718 0.495657
vt 0.390876 0.489342
vt 0.393834 0.526312
vt 0.360305 0.501144
vt 0.360959 0.500491
vt 0.390549 0.498815
vt 0.390549 0.500856
vt 0.394034 0.491383
vt 0.399560 0.528025
vt 0.353110 0.489701
vt 0.353110 0.515204
vt 0.354091 0.490028
vt 0.367500 0.497548
vt 0.370940 0.517628
vt 0.378619 0.511934
vt 0.354418 0.490682
vt 0.357361 0.490028
vt 0.358997 0.488393
vt 0.390876 0.489804
vt 0.390876 0.508751
vt 0.390876 0.519803
vt 0.356380 0.491335
vt 0.358997 0.490682
vt 0.359651 0.491335
vt 0.363248 0.501799
vt 0.363902 0.515531
vt 0.398770 0.485067
vt 0.353764 0.510953
vt 0.365210 0.495913
vt 0.365414 0.530587
vt 0.389297 0.491710
vt 0.394823 0.498026
vt 0.395285 0.505593
vt 0.353110 0.490682
vt 0.357034 0.515858
vt 0.360959 0.501472
vt 0.365864 0.515531
vt 0.385477 0.517628
vt 0.359098 0.522365
vt 0.360677 0.521903
vt 0.362921 0.501472
vt 0.363575 0.515858
vt 0.367826 0.496894
vt 0.368808 0.496567
vt 0.360677 0.522365
vt 0.361940 0.516512
vt 0.367500 0.496567
vt 0.381562 0.496897
vt 0.397192 0.513814
vt 0.361467 0.522365
vt 0.364162 0.522365
vt 0.376794 0.521903
vt 0.377583 0.521903
vt 0.381235 0.497224
vt 0.387391 0.484278
vt 0.397654 0.513814
vt 0.364229 0.502125
vt 0.367172 0.501799
vt 0.384361 0.531049
vt 0.386929 0.485394
vt 0.397192 0.515856
vt 0.353437 0.485123
vt 0.365537 0.499510
vt 0.372732 0.514223
vt 0.376004 0.517956
vt 0.383109 0.527102
vt 0.387718 0.513025
vt 0.387718 0.514604
vt 0.353110 0.497221
vt 0.355726 0.496567
vt 0.364625 0.531049
vt 0.368154 0.514877
vt 0.371424 0.504414
vt 0.386601 0.489014
vt 0.395285 0.506382
vt 0.367782 0.530587
vt 0.369462 0.487412
vt 0.371097 0.513569
vt 0.390676 0.527102
vt 0.394823 0.520592
vt 0.353437 0.490028
vt 0.353764 0.499183
vt 0.378946 0.511608
vt 0.390876 0.492172
vt 0.397192 0.485857
vt 0.397192 0.490920
vt 0.353764 0.485450
vt 0.356380 0.497221
vt 0.366993 0.517166
vt 0.375677 0.518418
vt 0.385485 0.505400
vt 0.385940 0.527102
vt 0.389297 0.505920
vt 0.389297 0.508288
vt 0.356707 0.491009
vt 0.359324 0.491009
vt 0.360305 0.501472
vt 0.384361 0.517628
vt 0.391338 0.518551
vt 0.397192 0.501973
vt 0.397654 0.501183
vt 0.354745 0.491009
vt 0.387718 0.496119
vt 0.391338 0.489342
vt 0.358997 0.508011
vt 0.379273 0.499186
vt 0.380908 0.492645
vt 0.380908 0.499840
vt 0.381992 0.519997
vt 0.394823 0.496447
vt 0.362583 0.522365
vt 0.366846 0.501472
vt 0.367500 0.492316
vt 0.382782 0.521903
vt 0.383899 0.530587
vt 0.398770 0.488552
vt 0.364162 0.531049
vt 0.371424 0.505068
vt 0.373308 0.517956
vt 0.374887 0.526640
vt 0.389297 0.496447
vt 0.353764 0.496567
vt 0.365414 0.531049
vt 0.365537 0.505068
vt 0.395285 0.498488
vt 0.395285 0.509078
vt 0.360215 0.521113
vt 0.380741 0.521113
vt 0.383850 0.493299
vt 0.390876 0.510329
vt 0.390876 0.517762
vt 0.396075 0.484605
vt 0.397192 0.498815
vt 0.354091 0.503760
vt 0.360959 0.502125
vt 0.362594 0.499837
vt 0.363046 0.522365
vt 0.365537 0.515858
vt 0.367500 0.491663
vt 0.381562 0.495589
vt 0.358343 0.497221
vt 0.360959 0.497221
vt 0.370443 0.514550
vt 0.376466 0.517956
vt 0.383571 0.527102
vt 0.368481 0.514550
vt 0.379927 0.499186
vt 0.380254 0.488067
vt 0.381530 0.519997
vt 0.386139 0.488552
vt 0.386601 0.487763
vt 0.357034 0.496240
vt 0.357689 0.497548
vt 0.359324 0.497875
vt 0.375677 0.529797
vt 0.393707 0.499604
vt 0.393834 0.525850
vt 0.355478 0.529797
vt 0.372078 0.491663
vt 0.373386 0.485777
vt 0.374887 0.529008
vt 0.392455 0.522498
vt 0.371097 0.500818
vt 0.373059 0.498856
vt 0.381203 0.517166
vt 0.383523 0.505400
vt 0.391338 0.504803
vt 0.397654 0.526908
vt 0.355151 0.525850
vt 0.359651 0.497221
vt 0.369462 0.490355
vt 0.380908 0.503110
vt 0.389297 0.516645
vt 0.389759 0.519013
vt 0.394823 0.522171
vt 0.355941 0.521903
vt 0.357034 0.515204
vt 0.358997 0.515858
vt 0.367500 0.484469
vt 0.385940 0.517628
vt 0.386929 0.493289
vt 0.364883 0.496240
vt 0.366846 0.499510
vt 0.375677 0.517956
vt 0.385477 0.526640
vt 0.387518 0.526640
vt 0.389759 0.492172
vt 0.376329 0.513569
vt 0.389297 0.515393
vt 0.389297 0.516183
vt 0.395285 0.521709
vt 0.396864 0.486184
vt 0.357689 0.501472
vt 0.359323 0.515531
vt 0.367500 0.483815
vt 0.391338 0.510329
vt 0.397654 0.498815
vt 0.354091 0.496894
vt 0.360305 0.500491
vt 0.365864 0.504741
vt 0.370940 0.526640
vt 0.390549 0.496447
vt 0.390549 0.500394
vt 0.360959 0.496567
vt 0.366518 0.499837
vt 0.370116 0.514223
vt 0.372519 0.531049
vt 0.373308 0.518418
vt 0.389759 0.496909
vt 0.353110 0.499183
vt 0.364883 0.497548
vt 0.365864 0.497875
vt 0.381203 0.517628
vt 0.387519 0.521903
vt 0.391338 0.504341
vt 0.361613 0.516185
vt 0.368899 0.521903
vt 0.378045 0.521903
vt 0.381203 0.521903
vt 0.381888 0.497224
vt 0.353764 0.489701
vt 0.360959 0.485450
vt 0.370478 0.517166
vt 0.371097 0.489047
vt 0.383523 0.496897
vt 0.393834 0.529008
vt 0.358343 0.490682
vt 0.360632 0.501799
vt 0.384361 0.517166
vt 0.390876 0.508288
vt 0.391338 0.519341
vt 0.367782 0.517166
vt 0.376003 0.514877
vt 0.379273 0.514223
vt 0.381562 0.514550
vt 0.389297 0.519803
vt 0.396402 0.486973
vt 0.358309 0.517956
vt 0.378045 0.519997
vt 0.380254 0.499840
vt 0.380581 0.492318
vt 0.385812 0.511613
vt 0.387718 0.486184
vt 0.390549 0.502762
vt 0.355151 0.524271
vt 0.377638 0.502779
vt 0.385485 0.511286
vt 0.390549 0.503224
vt 0.358669 0.497875
vt 0.359978 0.499837
vt 0.360305 0.498202
vt 0.384177 0.512267
vt 0.390876 0.490593
vt 0.371097 0.487085
vt 0.380414 0.517166
vt 0.384177 0.512921
vt 0.397192 0.485394
vt 0.397654 0.491383
vt 0.367782 0.531049
vt 0.370770 0.513243
vt 0.373713 0.513569
vt 0.396402 0.483815
vt 0.396864 0.491710
vt 0.365210 0.506703
vt 0.390087 0.500394
vt 0.390549 0.496909
vt 0.390549 0.501183
vt 0.399560 0.528487
vt 0.360677 0.521113
vt 0.370116 0.494605
vt 0.370443 0.492970
vt 0.381562 0.483815
vt 0.390876 0.518224
vt 0.395613 0.495657
vt 0.369789 0.490028
vt 0.370770 0.513896
vt 0.373386 0.513896
vt 0.380254 0.503110
vt 0.380581 0.504092
vt 0.395285 0.520130
vt 0.395285 0.524867
vt 0.370770 0.488720
vt 0.390876 0.490921
vt 0.391338 0.498026
vt 0.393834 0.529470
vt 0.396075 0.492499
vt 0.367172 0.514550
vt 0.368154 0.514223
vt 0.369135 0.504741
vt 0.374098 0.527102
vt 0.386601 0.488225
vt 0.395285 0.505920
vt 0.356707 0.490028
vt 0.360959 0.488393
vt 0.386729 0.521903
vt 0.390876 0.491383
vt 0.391338 0.498488
vt 0.397192 0.486973
vt 0.362256 0.522365
vt 0.362921 0.502125
vt 0.367500 0.493625
vt 0.369135 0.496894
vt 0.384688 0.530587
vt 0.399233 0.485067
vt 0.358015 0.495913
vt 0.370116 0.486758
vt 0.373308 0.517628
vt 0.383197 0.493299
vt 0.393244 0.495657
vt 0.395613 0.484605
vt 0.362583 0.517628
vt 0.365864 0.513569
vt 0.377583 0.519997
vt 0.380254 0.492645
vt 0.394823 0.496909
vt 0.370770 0.499510
vt 0.379273 0.511934
vt 0.379951 0.517628
vt 0.384177 0.513575
vt 0.384504 0.512595
vt 0.391466 0.527429
vt 0.353764 0.503434
vt 0.355941 0.522365
vt 0.365210 0.515531
vt 0.365537 0.515204
vt 0.383523 0.504746
vt 0.385477 0.517166
vt 0.397192 0.516183
vt 0.356380 0.489701
vt 0.360959 0.487739
vt 0.364556 0.501799
vt 0.371097 0.495913
vt 0.373636 0.521903
vt 0.380254 0.511608
vt 0.387391 0.485394
vt 0.353764 0.497221
vt 0.370478 0.526640
vt 0.389297 0.484605
vt 0.395285 0.507499
vt 0.395285 0.508288
vt 0.395285 0.509540
vt 0.370770 0.500164
vt 0.370770 0.501144
vt 0.372732 0.498529
vt 0.384504 0.513249
vt 0.390876 0.496119
vt 0.358997 0.491335
vt 0.367826 0.489047
vt 0.367826 0.493951
vt 0.397192 0.502435
vt 0.398770 0.484605
vt 0.399233 0.487435
vt 0.361286 0.489047
vt 0.363046 0.521903
vt 0.371730 0.517166
vt 0.381888 0.495916
vt 0.382320 0.521903
vt 0.397192 0.520920
vt 0.359888 0.525850
vt 0.376003 0.513896
vt 0.381235 0.514223
vt 0.389759 0.515856
vt 0.396402 0.498815
vt 0.396864 0.486973
vt 0.396864 0.492962
vt 0.359651 0.500164
vt 0.385150 0.517166
vt 0.386601 0.514277
vt 0.391338 0.490131
vt 0.397192 0.497698
vt 0.358015 0.498856
vt 0.377256 0.521903
vt 0.378045 0.522365
vt 0.380414 0.522365
vt 0.380741 0.521903
vt 0.381235 0.503110
vt 0.382622 0.516647
vt 0.383523 0.506054
vt 0.360959 0.487412
vt 0.365210 0.497875
vt 0.381235 0.502456
vt 0.387056 0.522365
vt 0.390876 0.497236
vt 0.390876 0.500394
vt 0.361613 0.516839
vt 0.362256 0.521903
vt 0.367500 0.497221
vt 0.368808 0.497221
vt 0.369361 0.521903
vt 0.397192 0.525329
vt 0.397654 0.522961
vt 0.360959 0.489374
vt 0.366846 0.502125
vt 0.379927 0.511281
vt 0.382782 0.522365
vt 0.386929 0.485857
vt 0.387718 0.503552
vt 0.397654 0.493289
vt 0.385158 0.506381
vt 0.385812 0.505727
vt 0.389759 0.506382
vt 0.396402 0.488225
vt 0.396402 0.493289
vt 0.364952 0.531049
vt 0.367172 0.499837
vt 0.376794 0.517956
vt 0.388180 0.512698
vt 0.389759 0.491710
vt 0.394823 0.507499
vt 0.394823 0.509078
vt 0.353110 0.485450
vt 0.365414 0.517166
vt 0.372732 0.514877
vt 0.373059 0.513569
vt 0.396402 0.491710
vt 0.396864 0.484278
vt 0.370116 0.494278
vt 0.370443 0.494932
vt 0.381235 0.484142
vt 0.391338 0.503552
vt 0.395613 0.486646
vt 0.373636 0.531049
vt 0.385940 0.526640
vt 0.387056 0.527102
vt 0.389759 0.505920
vt 0.396402 0.487763
vt 0.366192 0.500164
vt 0.370116 0.514877
vt 0.383571 0.526640
vt 0.387718 0.515066
vt 0.394951 0.527102
vt 0.395285 0.517762
vt 0.367500 0.514223
vt 0.370940 0.527102
vt 0.384831 0.491991
vt 0.389759 0.484605
vt 0.390087 0.496447
vt 0.390087 0.501183
vt 0.357689 0.498529
vt 0.381888 0.502456
vt 0.382160 0.516185
vt 0.387718 0.503224
vt 0.391338 0.500394
vt 0.365537 0.513896
vt 0.366846 0.514223
vt 0.370151 0.527102
vt 0.381992 0.519534
vt 0.386139 0.487763
vt 0.389759 0.483815
vt 0.395285 0.496447
vt 0.357689 0.516185
vt 0.360632 0.497875
vt 0.383523 0.491010
vt 0.384504 0.511941
vt 0.385812 0.515538
vt 0.395413 0.527891
vt 0.395613 0.485857
vt 0.364625 0.530587
vt 0.369135 0.499837
vt 0.372519 0.530587
vt 0.372846 0.517956
vt 0.373636 0.527102
vt 0.389297 0.498026
vt 0.389759 0.497236
vt 0.394823 0.506382
vt 0.362267 0.500164
vt 0.367782 0.522365
vt 0.375215 0.521903
vt 0.381235 0.495916
vt 0.397192 0.521382
vt 0.357689 0.516839
vt 0.359978 0.489047
vt 0.384831 0.512267
vt 0.390876 0.490131
vt 0.390876 0.515856
vt 0.397192 0.497236
vt 0.353110 0.484796
vt 0.364952 0.517166
vt 0.388180 0.514604
vt 0.394951 0.526640
vt 0.396402 0.485857
vt 0.369361 0.522365
vt 0.381203 0.522365
vt 0.381562 0.502784
vt 0.397654 0.525329
vt 0.399233 0.493751
vt 0.357689 0.502125
vt 0.364556 0.515531
vt 0.367500 0.496240
vt 0.391338 0.517762
vt 0.396075 0.495657
vt 0.397192 0.499277
vt 0.397192 0.504803
vt 0.355478 0.521903
vt 0.358015 0.501799
vt 0.358997 0.515204
vt 0.364883 0.515204
vt 0.397192 0.504341
vt 0.398770 0.485857
vt 0.353764 0.504087
vt 0.360632 0.489047
vt 0.362267 0.499510
vt 0.367782 0.521903
vt 0.397654 0.516183
vt 0.355726 0.497548
vt 0.370116 0.493625
vt 0.384177 0.504418
vt 0.387718 0.491710
vt 0.390876 0.503552
vt 0.390876 0.509078
vt 0.395740 0.529008
vt 0.355399 0.484469
vt 0.366993 0.517628
vt 0.377256 0.530587
vt 0.385158 0.505727
vt 0.396402 0.493751
vt 0.366846 0.500164
vt 0.373636 0.530587
vt 0.376794 0.518418
vt 0.387518 0.527102
vt 0.389425 0.526640
vt 0.391793 0.526640
vt 0.359098 0.520786
vt 0.376003 0.513243
vt 0.378292 0.513569
vt 0.389297 0.519013
vt 0.389759 0.516183
vt 0.396402 0.499277
vt 0.359651 0.485777
vt 0.369361 0.517628
vt 0.370443 0.511608
vt 0.372732 0.500491
vt 0.394951 0.527891
vt 0.396075 0.485394
vt 0.396075 0.489804
vt 0.376004 0.517628
vt 0.384177 0.503764
vt 0.388180 0.492172
vt 0.390876 0.509540
vt 0.391338 0.502762
vt 0.360632 0.516512
vt 0.367826 0.495913
vt 0.381888 0.484142
vt 0.383523 0.498859
vt 0.391338 0.504014
vt 0.395613 0.496119
vt 0.396202 0.529008
vt 0.366192 0.499510
vt 0.372057 0.530587
vt 0.389759 0.498026
vt 0.394823 0.517762
vt 0.395285 0.516972
vt 0.396202 0.531049
vt 0.366531 0.517166
vt 0.374040 0.514877
vt 0.374098 0.520786
vt 0.376793 0.530587
vt 0.379624 0.530587
vt 0.384177 0.484796
vt 0.389759 0.508288
vt 0.389759 0.512236
vt 0.395285 0.522498
vt 0.370116 0.511281
vt 0.370151 0.517628
vt 0.373059 0.500818
vt 0.376466 0.517628
vt 0.383850 0.492645
vt 0.384504 0.503438
vt 0.391338 0.496447
vt 0.365537 0.497548
vt 0.372732 0.499183
vt 0.380741 0.517628
vt 0.390876 0.495657
vt 0.396202 0.527429
vt 0.397192 0.486184
vt 0.397654 0.488225
vt 0.358015 0.507684
vt 0.363046 0.517628
vt 0.378045 0.519534
vt 0.385812 0.512267
vt 0.388180 0.486646
vt 0.396864 0.523750
vt 0.358015 0.516512
vt 0.358669 0.501799
vt 0.359651 0.486431
vt 0.359651 0.489374
vt 0.395413 0.527429
vt 0.354689 0.525850
vt 0.355151 0.520324
vt 0.355399 0.485123
vt 0.369462 0.489701
vt 0.395285 0.525329
vt 0.354418 0.491335
vt 0.358669 0.491009
vt 0.362267 0.501472
vt 0.384688 0.517166
vt 0.386139 0.513815
vt 0.388180 0.495657
vt 0.390876 0.519341
vt 0.397192 0.515066
vt 0.398770 0.486646
vt 0.358343 0.491335
vt 0.360305 0.502125
vt 0.360632 0.484142
vt 0.397654 0.501973
vt 0.398770 0.487435
vt 0.399233 0.486646
vt 0.387718 0.512698
vt 0.389297 0.495657
vt 0.389297 0.502435
vt 0.394823 0.508288
vt 0.395285 0.507961
vt 0.361286 0.486104
vt 0.369135 0.515531
vt 0.371267 0.517166
vt 0.375677 0.521903
vt 0.385150 0.522365
vt 0.397654 0.520920
vt 0.364952 0.518745
vt 0.365537 0.514223
vt 0.367500 0.514877
vt 0.389759 0.485067
vt 0.389759 0.495657
vt 0.395285 0.508751
vt 0.353572 0.520324
vt 0.374098 0.530587
vt 0.376657 0.513243
vt 0.385485 0.506054
vt 0.389297 0.509540
vt 0.392255 0.527102
vt 0.396864 0.487763
vt 0.367826 0.487085
vt 0.383197 0.499186
vt 0.383197 0.503764
vt 0.391338 0.503224
vt 0.391338 0.509078
vt 0.395740 0.529470
vt 0.360959 0.486431
vt 0.360959 0.488720
vt 0.361286 0.490028
vt 0.371730 0.517628
vt 0.378835 0.521113
vt 0.387718 0.504014
vt 0.357361 0.495913
vt 0.358015 0.497875
vt 0.358343 0.497548
vt 0.360305 0.497548
vt 0.383850 0.491337
vt 0.385812 0.505073
vt 0.357689 0.484796
vt 0.374425 0.517628
vt 0.380741 0.526312
vt 0.390087 0.508288
vt 0.391338 0.490921
vt 0.395613 0.492499
vt 0.397654 0.486973
vt 0.361794 0.522365
vt 0.374425 0.521903
vt 0.383571 0.521903
vt 0.385150 0.531049
vt 0.397192 0.522961
vt 0.397192 0.526118
vt 0.357689 0.508011
vt 0.363046 0.517166
vt 0.365537 0.513243
vt 0.370151 0.526640
vt 0.385940 0.519997
vt 0.387391 0.511446
vt 0.355726 0.488393
vt 0.355941 0.527429
vt 0.370770 0.489374
vt 0.383197 0.497224
vt 0.390549 0.508288
vt 0.396075 0.492962
vt 0.365864 0.514550
vt 0.367826 0.514550
vt 0.384504 0.491664
vt 0.386139 0.489342
vt 0.386601 0.498488
vt 0.390549 0.498488
vt 0.354362 0.526312
vt 0.372732 0.513896
vt 0.373386 0.513243
vt 0.374887 0.530587
vt 0.380254 0.504418
vt 0.389297 0.518224
vt 0.396864 0.492172
vt 0.367782 0.517628
vt 0.369462 0.499510
vt 0.384361 0.517956
vt 0.384504 0.483815
vt 0.389759 0.519803
vt 0.356053 0.488066
vt 0.356730 0.527891
vt 0.381203 0.525850
vt 0.390549 0.508751
vt 0.358343 0.502125
vt 0.359978 0.486104
vt 0.372732 0.501144
vt 0.381235 0.488067
vt 0.390876 0.496447
vt 0.390876 0.520130
vt 0.364883 0.506376
vt 0.381203 0.519207
vt 0.384177 0.491991
vt 0.386139 0.498026
vt 0.390549 0.501646
vt 0.364883 0.515858
vt 0.367500 0.493297
vt 0.383197 0.505073
vt 0.396075 0.498026
vt 0.398770 0.485394
vt 0.356380 0.490355
vt 0.360677 0.527891
vt 0.361286 0.511608
vt 0.370770 0.496240
vt 0.374887 0.517628
vt 0.397192 0.487435
vt 0.358343 0.515204
vt 0.367500 0.486758
vt 0.376466 0.517166
vt 0.381562 0.487740
vt 0.390876 0.502762
vt 0.391338 0.496909
vt 0.355478 0.527891
vt 0.355726 0.487739
vt 0.356268 0.527891
vt 0.358997 0.513243
vt 0.364883 0.495259
vt 0.382216 0.506381
vt 0.353110 0.515858
vt 0.353764 0.490355
vt 0.355941 0.527891
vt 0.359324 0.513569
vt 0.383850 0.497224
vt 0.390087 0.506382
vt 0.353110 0.523482
vt 0.354745 0.495913
vt 0.355151 0.526640
vt 0.373713 0.486104
vt 0.374425 0.529008
vt 0.393372 0.530587
vt 0.357519 0.527429
vt 0.357689 0.485450
vt 0.360215 0.527891
vt 0.374887 0.517166
vt 0.383523 0.488394
vt 0.356730 0.527429
vt 0.357519 0.527891
vt 0.358015 0.485123
vt 0.365210 0.494932
vt 0.368572 0.529470
vt 0.381203 0.526312
vt 0.368808 0.499510
vt 0.368808 0.505068
vt 0.374098 0.526640
vt 0.395285 0.513814
vt 0.355726 0.498529
vt 0.381888 0.503110
vt 0.383850 0.506381
vt 0.397192 0.494540
vt 0.397654 0.495330
vt 0.398770 0.493289
vt 0.358343 0.501472
vt 0.359651 0.488720
vt 0.360959 0.515204
vt 0.383523 0.502784
vt 0.390876 0.515393
vt 0.390876 0.520592
vt 0.355941 0.527102
vt 0.360677 0.521576
vt 0.370116 0.492644
vt 0.393707 0.495657
vt 0.395613 0.485067
vt 0.354418 0.496567
vt 0.366846 0.514877
vt 0.368808 0.504414
vt 0.386929 0.513025
vt 0.389759 0.484278
vt 0.394823 0.513814
vt 0.355151 0.520786
vt 0.355151 0.526312
vt 0.377965 0.513243
vt 0.382782 0.517956
vt 0.389297 0.518551
vt 0.355151 0.524733
vt 0.377311 0.498529
vt 0.385158 0.511613
vt 0.385485 0.511940
vt 0.387718 0.486646
vt 0.359888 0.526312
vt 0.367320 0.517166
vt 0.378045 0.530587
vt 0.381235 0.514877
vt 0.381562 0.513569
vt 0.383899 0.517956
vt 0.367500 0.488720
vt 0.367500 0.494278
vt 0.374887 0.521903
vt 0.381235 0.499186
vt 0.385150 0.530587
vt 0.377256 0.517956
vt 0.387718 0.512236
vt 0.388308 0.526640
vt 0.389759 0.501973
vt 0.389759 0.507499
vt 0.389887 0.526640
vt 0.356380 0.488393
vt 0.358309 0.527891
vt 0.360959 0.511281
vt 0.370770 0.495586
vt 0.379927 0.511934
vt 0.397654 0.493751
vt 0.355072 0.484796
vt 0.357520 0.525850
vt 0.374887 0.531049
vt 0.380908 0.504418
vt 0.380908 0.514550
vt 0.394823 0.524867
vt 0.360305 0.516839
vt 0.364229 0.515204
vt 0.365537 0.501472
vt 0.367500 0.495586
vt 0.386929 0.494540
vt 0.398770 0.488225
vt 0.357689 0.499183
vt 0.367172 0.497875
vt 0.383197 0.506381
vt 0.387718 0.502762
vt 0.397654 0.494540
vt 0.358015 0.510627
vt 0.369688 0.526640
vt 0.386929 0.513487
vt 0.387391 0.511908
vt 0.389297 0.483815
vt 0.358309 0.521903
vt 0.362594 0.501799
vt 0.383197 0.503110
vt 0.385150 0.517628
vt 0.391338 0.515393
vt 0.395613 0.497236
vt 0.397192 0.511908
vt 0.397654 0.497236
vt 0.360305 0.489374
vt 0.362594 0.516512
vt 0.367320 0.522365
vt 0.367826 0.515531
vt 0.370940 0.522365
vt 0.375677 0.522365
vt 0.385150 0.521903
vt 0.357847 0.527891
vt 0.359888 0.527891
vt 0.360677 0.527429
vt 0.360959 0.511934
vt 0.375677 0.517166
vt 0.383197 0.488721
vt 0.358343 0.485777
vt 0.370770 0.487412
vt 0.373713 0.511608
vt 0.384831 0.512921
vt 0.391004 0.527891
vt 0.356707 0.488066
vt 0.358015 0.484142
vt 0.378835 0.521576
vt 0.388180 0.503552
vt 0.390549 0.506710
vt 0.397192 0.493289
vt 0.371097 0.514550
vt 0.389297 0.498488
vt 0.389297 0.505131
vt 0.389759 0.497698
vt 0.396202 0.530587
vt 0.353572 0.527891
vt 0.358997 0.513896
vt 0.382542 0.505400
vt 0.382542 0.506054
vt 0.390549 0.505920
vt 0.400349 0.507172
vt 0.364229 0.515858
vt 0.365864 0.501799
vt 0.367826 0.488066
vt 0.367826 0.492970
vt 0.387391 0.485067
vt 0.397654 0.504341
vt 0.399233 0.485857
vt 0.354362 0.525850
vt 0.365414 0.517628
vt 0.372405 0.501799
vt 0.372405 0.513569
vt 0.372732 0.513243
vt 0.396402 0.485394
vt 0.353110 0.490355
vt 0.353110 0.527891
vt 0.353437 0.515531
vt 0.372732 0.488720
vt 0.390087 0.505920
vt 0.391338 0.491710
vt 0.353437 0.487085
vt 0.366203 0.517628
vt 0.369789 0.499837
vt 0.379162 0.530587
vt 0.379273 0.514877
vt 0.389297 0.519341
vt 0.395285 0.522961
vt 0.358343 0.515858
vt 0.361286 0.515531
vt 0.372732 0.502453
vt 0.381562 0.489702
vt 0.381888 0.488067
vt 0.391338 0.520130
vt 0.360305 0.516185
vt 0.365210 0.501799
vt 0.383523 0.503438
vt 0.383850 0.499186
vt 0.387391 0.494540
vt 0.397192 0.507499
vt 0.360305 0.488720
vt 0.370940 0.521903
vt 0.383850 0.505073
vt 0.396075 0.498488
vt 0.397192 0.516645
vt 0.397192 0.523288
vt 0.383523 0.492318
vt 0.383850 0.491991
vt 0.384504 0.504092
vt 0.384831 0.503764
vt 0.387718 0.492172
vt 0.357057 0.527891
vt 0.359426 0.527891
vt 0.368572 0.529008
vt 0.383850 0.488721
vt 0.400812 0.489342
vt 0.376983 0.513569
vt 0.382216 0.514550
vt 0.389759 0.509078
vt 0.396402 0.489014
vt 0.396402 0.494540
vt 0.369688 0.517166
vt 0.370116 0.511934
vt 0.381203 0.527891
vt 0.396075 0.489342
vt 0.365414 0.518745
vt 0.365537 0.514877
vt 0.380254 0.501802
vt 0.386601 0.489804
vt 0.389297 0.493751
vt 0.389759 0.492499
vt 0.372078 0.513243
vt 0.376657 0.514223
vt 0.389759 0.513815
vt 0.395285 0.517434
vt 0.395285 0.518224
vt 0.395413 0.526640
vt 0.396864 0.485857
vt 0.396864 0.490921
vt 0.357034 0.486758
vt 0.357689 0.507357
vt 0.366191 0.514223
vt 0.385940 0.519534
vt 0.386601 0.490131
vt 0.389759 0.486184
vt 0.395285 0.499277
vt 0.396402 0.523750
vt 0.360305 0.483815
vt 0.367500 0.489374
vt 0.378835 0.521903
vt 0.381235 0.499840
vt 0.381562 0.498859
vt 0.398770 0.486973
vt 0.356053 0.498856
vt 0.383109 0.521903
vt 0.383412 0.516185
vt 0.388308 0.522365
vt 0.397192 0.522498
vt 0.397192 0.524867
vt 0.398770 0.493751
vt 0.364883 0.498202
vt 0.365537 0.498202
vt 0.372732 0.493625
vt 0.372732 0.501472
vt 0.373059 0.495913
vt 0.390876 0.492962
vt 0.391338 0.497698
vt 0.397192 0.488225
vt 0.354418 0.516185
vt 0.358669 0.486104
vt 0.383197 0.495916
vt 0.384831 0.513575
vt 0.391338 0.495657
vt 0.391466 0.527891
vt 0.395740 0.527429
vt 0.357689 0.483815
vt 0.360959 0.490355
vt 0.364883 0.511934
vt 0.378372 0.521113
vt 0.385812 0.513575
vt 0.358669 0.515531
vt 0.367500 0.487412
vt 0.373059 0.502779
vt 0.383850 0.503764
vt 0.387718 0.497698
vt 0.397192 0.507961
vt 0.372732 0.495586
vt 0.391338 0.484605
vt 0.397192 0.487763
vt 0.397654 0.486184
vt 0.354418 0.484796
vt 0.389297 0.507499
vt 0.389297 0.509078
vt 0.389887 0.527102
vt 0.392255 0.526640
vt 0.396402 0.488552
vt 0.396402 0.489804
vt 0.353110 0.520324
vt 0.355072 0.484142
vt 0.373636 0.517166
vt 0.385485 0.507362
vt 0.385812 0.506381
vt 0.396864 0.493289
vt 0.365414 0.519207
vt 0.381992 0.526640
vt 0.388308 0.527102
vt 0.389297 0.492499
vt 0.389297 0.501973
vt 0.389759 0.496119
vt 0.368899 0.531049
vt 0.370770 0.486758
vt 0.373059 0.489047
vt 0.373386 0.511281
vt 0.390876 0.491710
vt 0.396402 0.526446
vt 0.397654 0.485394
vt 0.356380 0.487739
vt 0.358309 0.527429
vt 0.359098 0.527429
vt 0.375215 0.517628
vt 0.390549 0.507172
vt 0.355399 0.483815
vt 0.363373 0.525850
vt 0.377256 0.531049
vt 0.384504 0.484470
vt 0.385158 0.507689
vt 0.386929 0.515855
vt 0.358636 0.518418
vt 0.374098 0.525850
vt 0.380581 0.501475
vt 0.386601 0.489342
vt 0.390549 0.498026
vt 0.394823 0.501973
vt 0.355478 0.527102
vt 0.358669 0.495913
vt 0.370116 0.493297
vt 0.370116 0.495259
vt 0.396075 0.486184
vt 0.366846 0.497548
vt 0.373059 0.501799
vt 0.374694 0.511281
vt 0.388180 0.502762
vt 0.391338 0.497236
vt 0.391338 0.500856
vt 0.353572 0.527429
vt 0.369361 0.531049
vt 0.372732 0.489374
vt 0.381992 0.523944
vt 0.400349 0.506709
vt 0.367500 0.488393
vt 0.367500 0.492644
vt 0.373309 0.521903
vt 0.395613 0.498026
vt 0.397192 0.523750
vt 0.365741 0.530587
vt 0.375675 0.514550
vt 0.389297 0.513815
vt 0.389759 0.505131
vt 0.394823 0.516972
vt 0.395740 0.531049
vt 0.354689 0.527891
vt 0.357689 0.484469
vt 0.358636 0.527891
vt 0.364883 0.511281
vt 0.390087 0.506710
vt 0.390087 0.507499
vt 0.355726 0.484796
vt 0.358636 0.520786
vt 0.359426 0.526312
vt 0.369789 0.497875
vt 0.377583 0.530587
vt 0.378372 0.530587
vt 0.396864 0.498815
vt 0.354745 0.496894
vt 0.368808 0.500164
vt 0.370770 0.514223
vt 0.373308 0.531049
vt 0.386139 0.491710
vt 0.389297 0.497236
vt 0.395285 0.514277
vt 0.379624 0.529470
vt 0.383197 0.491337
vt 0.385158 0.515538
vt 0.385485 0.504746
vt 0.360959 0.485777
vt 0.360959 0.489701
vt 0.361005 0.517956
vt 0.368808 0.515858
vt 0.385485 0.513249
vt 0.390549 0.514277
vt 0.359098 0.527891
vt 0.359888 0.527429
vt 0.371730 0.529008
vt 0.375677 0.517628
vt 0.390549 0.507499
vt 0.400349 0.489342
vt 0.353437 0.503760
vt 0.359426 0.521903
vt 0.372732 0.503106
vt 0.381888 0.490029
vt 0.388180 0.497698
vt 0.353572 0.523482
vt 0.354362 0.526640
vt 0.354689 0.526640
vt 0.356268 0.530260
vt 0.372405 0.490028
vt 0.394161 0.530587
vt 0.359098 0.520324
vt 0.369462 0.492316
vt 0.377965 0.513896
vt 0.378372 0.531049
vt 0.382782 0.518418
vt 0.396402 0.504803
vt 0.353572 0.520786
vt 0.361467 0.520324
vt 0.361467 0.525850
vt 0.369462 0.498529
vt 0.374098 0.517166
vt 0.376657 0.513896
vt 0.381889 0.514223
vt 0.357361 0.487085
vt 0.373059 0.507684
vt 0.383109 0.529470
vt 0.390549 0.504014
vt 0.395285 0.498815
vt 0.355726 0.498202
vt 0.358343 0.496240
vt 0.370443 0.493951
vt 0.379273 0.516185
vt 0.395613 0.486184
vt 0.358343 0.514223
vt 0.365210 0.484142
vt 0.367320 0.529008
vt 0.376657 0.516185
vt 0.377583 0.529797
vt 0.381992 0.523482
vt 0.382542 0.501475
vt 0.382869 0.505727
vt 0.384688 0.523482
vt 0.385485 0.496243
vt 0.400812 0.506709
vt 0.353110 0.503434
vt 0.360959 0.515858
vt 0.367172 0.515531
vt 0.381235 0.490029
vt 0.383850 0.503110
vt 0.396075 0.497236
vt 0.397192 0.502762
vt 0.357057 0.525850
vt 0.363248 0.496894
vt 0.374425 0.530587
vt 0.389297 0.517762
vt 0.360632 0.491009
vt 0.365414 0.521903
vt 0.365537 0.502125
vt 0.387391 0.484605
vt 0.397192 0.522171
vt 0.398770 0.487763
vt 0.355151 0.527891
vt 0.365210 0.511608
vt 0.381992 0.526312
vt 0.385158 0.513575
vt 0.390087 0.513815
vt 0.353437 0.486104
vt 0.354689 0.520324
vt 0.355072 0.485450
vt 0.369789 0.491989
vt 0.380581 0.514877
vt 0.382320 0.517956
vt 0.383571 0.517956
vt 0.354745 0.516512
vt 0.381530 0.521113
vt 0.386139 0.511446
vt 0.390876 0.484605
vt 0.396202 0.527891
vt 0.397192 0.486646
vt 0.377583 0.517956
vt 0.381992 0.527102
vt 0.387718 0.511908
vt 0.389759 0.492962
vt 0.389759 0.493289
vt 0.371730 0.530587
vt 0.373636 0.525850
vt 0.390549 0.496119
vt 0.395285 0.501973
vt 0.361467 0.520786
vt 0.381889 0.514877
vt 0.386139 0.492499
vt 0.396864 0.494078
vt 0.354745 0.498856
vt 0.367500 0.515204
vt 0.369135 0.498856
vt 0.370478 0.521903
vt 0.373309 0.522365
vt 0.381888 0.501148
vt 0.397654 0.523750
vt 0.368899 0.517166
vt 0.379624 0.529008
vt 0.385485 0.515211
vt 0.393707 0.498815
vt 0.395613 0.485394
vt 0.357689 0.510300
vt 0.366518 0.514550
vt 0.374887 0.517956
vt 0.385478 0.519997
vt 0.386929 0.511908
vt 0.374887 0.522365
vt 0.378372 0.521903
vt 0.381562 0.501475
vt 0.381888 0.499186
vt 0.397192 0.525656
vt 0.398770 0.492962
vt 0.358343 0.510300
vt 0.366846 0.513243
vt 0.371267 0.530587
vt 0.380908 0.501802
vt 0.387718 0.511446
vt 0.389297 0.493289
vt 0.389297 0.494078
vt 0.395285 0.502435
vt 0.358309 0.522365
vt 0.372057 0.521903
vt 0.396075 0.497698
vt 0.397192 0.503224
vt 0.398770 0.492172
vt 0.358343 0.486431
vt 0.373386 0.511934
vt 0.383523 0.486432
vt 0.383850 0.495916
vt 0.390549 0.512698
vt 0.396864 0.526446
vt 0.354745 0.485123
vt 0.377583 0.518418
vt 0.381530 0.527102
vt 0.387718 0.514277
vt 0.387846 0.527102
vt 0.389297 0.511119
vt 0.389759 0.507961
vt 0.392582 0.526640
vt 0.354362 0.527891
vt 0.361467 0.518418
vt 0.362267 0.516839
vt 0.368808 0.515204
vt 0.384688 0.521903
vt 0.387718 0.518224
vt 0.359888 0.526640
vt 0.372078 0.501472
vt 0.372078 0.513896
vt 0.375215 0.530587
vt 0.376983 0.514550
vt 0.360305 0.487739
vt 0.366846 0.515204
vt 0.397654 0.502762
vt 0.398770 0.491710
vt 0.365414 0.522365
vt 0.367500 0.487739
vt 0.372846 0.521903
vt 0.381562 0.500821
vt 0.386929 0.484605
vt 0.387718 0.504803
vt 0.357519 0.520324
vt 0.372078 0.502453
vt 0.377965 0.514223
vt 0.386601 0.492499
vt 0.396402 0.494078
vt 0.396864 0.488552
vt 0.396864 0.489342
vt 0.359978 0.488066
vt 0.382949 0.516185
vt 0.387846 0.522365
vt 0.397319 0.530587
vt 0.355399 0.495913
vt 0.378045 0.529797
vt 0.381203 0.523482
vt 0.382216 0.501802
vt 0.382216 0.510305
vt 0.359098 0.517956
vt 0.367172 0.506703
vt 0.381203 0.518745
vt 0.386601 0.498026
vt 0.390087 0.498026
vt 0.353899 0.526640
vt 0.354362 0.523482
vt 0.356268 0.529797
vt 0.376002 0.516839
vt 0.380741 0.523944
vt 0.382542 0.509978
vt 0.365741 0.531049
vt 0.366993 0.530587
vt 0.369789 0.485123
vt 0.370770 0.514877
vt 0.372846 0.531049
vt 0.389759 0.505593
vt 0.366518 0.504741
vt 0.369789 0.507684
vt 0.372732 0.507357
vt 0.378372 0.526312
vt 0.383109 0.529008
vt 0.360305 0.490682
vt 0.364883 0.502125
vt 0.386929 0.494078
vt 0.396075 0.501646
vt 0.399233 0.488225
vt 0.356053 0.497875
vt 0.379600 0.516512
vt 0.379927 0.516185
vt 0.383523 0.491664
vt 0.384831 0.504418
vt 0.369361 0.517166
vt 0.378619 0.516839
vt 0.380741 0.527429
vt 0.393244 0.498815
vt 0.395613 0.489342
vt 0.353110 0.504087
vt 0.359888 0.522365
vt 0.360632 0.488066
vt 0.366846 0.515858
vt 0.395613 0.500394
vt 0.397192 0.518551
vt 0.397192 0.520130
vt 0.358997 0.489701
vt 0.366846 0.498202
vt 0.371097 0.493951
vt 0.375021 0.511608
vt 0.391004 0.529008
vt 0.397192 0.494078
vt 0.397192 0.494868
vt 0.354418 0.497221
vt 0.357689 0.510953
vt 0.374887 0.518418
vt 0.386139 0.492172
vt 0.387391 0.513025
vt 0.389297 0.501183
vt 0.395413 0.531049
vt 0.353899 0.526312
vt 0.362921 0.496567
vt 0.363902 0.496894
vt 0.372078 0.502125
vt 0.375677 0.530587
vt 0.389759 0.518224
vt 0.356053 0.485123
vt 0.369361 0.520324
vt 0.369789 0.496894
vt 0.378045 0.531049
vt 0.381235 0.513243
vt 0.353110 0.483815
vt 0.358669 0.510627
vt 0.371730 0.531049
vt 0.386601 0.500394
vt 0.390087 0.494868
vt 0.390549 0.495657
vt 0.369361 0.530587
vt 0.376983 0.516512
vt 0.381530 0.523944
vt 0.383197 0.486759
vt 0.396864 0.526908
vt 0.366518 0.494932
vt 0.369361 0.520786
vt 0.381235 0.513896
vt 0.384177 0.484142
vt 0.384361 0.518418
vt 0.385158 0.508997
vt 0.356380 0.510300
vt 0.357361 0.510627
vt 0.365864 0.487085
vt 0.369462 0.508011
vt 0.372732 0.508011
vt 0.386139 0.490131
vt 0.394823 0.498815
vt 0.359888 0.521903
vt 0.364883 0.501472
vt 0.366993 0.521903
vt 0.370151 0.521903
vt 0.387718 0.497236
vt 0.396075 0.501183
vt 0.397654 0.507499
vt 0.397654 0.518551
vt 0.370151 0.517166
vt 0.378946 0.516512
vt 0.380254 0.516512
vt 0.381203 0.527429
vt 0.383197 0.491991
vt 0.383197 0.492645
vt 0.354418 0.485450
vt 0.378292 0.514550
vt 0.387718 0.515856
vt 0.389759 0.510657
vt 0.396402 0.489342
vt 0.354418 0.499183
vt 0.362267 0.516185
vt 0.364229 0.511934
vt 0.367500 0.515858
vt 0.387519 0.526312
vt 0.388180 0.517762
vt 0.360305 0.484469
vt 0.381562 0.499513
vt 0.382320 0.517166
vt 0.383523 0.506708
vt 0.397654 0.514604
vt 0.398770 0.486184
vt 0.353437 0.484142
vt 0.366192 0.513243
vt 0.386139 0.500394
vt 0.386601 0.499604
vt 0.387718 0.509867
vt 0.390549 0.497698
vt 0.378045 0.517956
vt 0.387718 0.513814
vt 0.388180 0.511446
vt 0.389297 0.504014
vt 0.389759 0.494541
vt 0.366191 0.504414
vt 0.378835 0.525850
vt 0.379600 0.500167
vt 0.379624 0.525850
vt 0.383109 0.519534
vt 0.390549 0.504341
vt 0.355072 0.501472
vt 0.383412 0.516647
vt 0.383571 0.522365
vt 0.397192 0.489342
vt 0.397654 0.525656
vt 0.397781 0.530587
vt 0.399233 0.492962
vt 0.365537 0.486758
vt 0.366191 0.505068
vt 0.369462 0.507357
vt 0.383571 0.519534
vt 0.355151 0.527429
vt 0.366993 0.529008
vt 0.371267 0.529008
vt 0.381530 0.526312
vt 0.390549 0.507961
vt 0.357520 0.526312
vt 0.359888 0.520786
vt 0.362921 0.497221
vt 0.363575 0.497221
vt 0.380581 0.507362
vt 0.380581 0.514223
vt 0.383109 0.517956
vt 0.355726 0.499183
vt 0.359324 0.490028
vt 0.359651 0.487739
vt 0.370770 0.497548
vt 0.388308 0.521903
vt 0.397192 0.495330
vt 0.357034 0.487412
vt 0.377638 0.498856
vt 0.377638 0.503760
vt 0.377638 0.506703
vt 0.385158 0.512267
vt 0.390549 0.503552
vt 0.396402 0.523288
vt 0.353572 0.526312
vt 0.375348 0.514877
vt 0.389297 0.514277
vt 0.396402 0.490920
vt 0.396864 0.490131
vt 0.365864 0.488066
vt 0.379273 0.500494
vt 0.379624 0.526312
vt 0.383523 0.485450
vt 0.393045 0.524733
vt 0.394496 0.483815
vt 0.354418 0.510300
vt 0.366518 0.513569
vt 0.387718 0.485857
vt 0.387718 0.489014
vt 0.390549 0.497236
vt 0.357034 0.498529
vt 0.358669 0.498856
vt 0.364952 0.522365
vt 0.388180 0.504803
vt 0.397192 0.521709
vt 0.366203 0.530587
vt 0.369462 0.485450
vt 0.369789 0.488066
vt 0.375348 0.514223
vt 0.396402 0.490131
vt 0.357057 0.520324
vt 0.361005 0.520786
vt 0.362583 0.520324
vt 0.369789 0.498856
vt 0.386601 0.492962
vt 0.387391 0.516183
vt 0.370770 0.492644
vt 0.373059 0.493951
vt 0.386601 0.514604
vt 0.391338 0.492499
vt 0.354745 0.510627
vt 0.365864 0.489047
vt 0.380908 0.493299
vt 0.383850 0.486104
vt 0.388180 0.485857
vt 0.360632 0.514550
vt 0.379600 0.507362
vt 0.380254 0.493299
vt 0.383197 0.485124
vt 0.383523 0.485778
vt 0.393045 0.524271
vt 0.354418 0.516839
vt 0.363575 0.511934
vt 0.381992 0.521576
vt 0.382320 0.530587
vt 0.383523 0.495589
vt 0.390087 0.512236
vt 0.353110 0.484469
vt 0.358343 0.510953
vt 0.358997 0.510300
vt 0.367172 0.513569
vt 0.387718 0.510329
vt 0.389759 0.494868
vt 0.363835 0.525850
vt 0.366192 0.491663
vt 0.381203 0.530587
vt 0.387391 0.515393
vt 0.358997 0.488720
vt 0.370770 0.493624
vt 0.371097 0.492970
vt 0.372732 0.502125
vt 0.374694 0.511934
vt 0.387718 0.496447
vt 0.390876 0.492499
vt 0.353110 0.526312
vt 0.354362 0.520324
vt 0.359426 0.526640
vt 0.375675 0.513569
vt 0.376657 0.514877
vt 0.396864 0.491383
vt 0.372732 0.494278
vt 0.372732 0.496240
vt 0.382320 0.521113
vt 0.384504 0.508016
vt 0.386139 0.514604
vt 0.386601 0.511446
vt 0.391338 0.485067
vt 0.354418 0.483815
vt 0.355941 0.525850
vt 0.359098 0.525850
vt 0.369462 0.493625
vt 0.372405 0.502779
vt 0.377965 0.514877
vt 0.388180 0.515393
vt 0.354418 0.498529
vt 0.364556 0.511608
vt 0.368808 0.499183
vt 0.368808 0.501144
vt 0.385477 0.526312
vt 0.390087 0.509078
vt 0.390876 0.505920
vt 0.356380 0.510953
vt 0.365537 0.487412
vt 0.372846 0.526640
vt 0.379927 0.500494
vt 0.380581 0.488394
vt 0.383571 0.519997
vt 0.394496 0.484278
vt 0.353110 0.486431
vt 0.366192 0.485777
vt 0.367782 0.520324
vt 0.369462 0.491663
vt 0.396402 0.504014
vt 0.396864 0.504803
vt 0.357361 0.498856
vt 0.363902 0.501799
vt 0.368808 0.498529
vt 0.381235 0.501148
vt 0.387718 0.504341
vt 0.390876 0.506382
vt 0.361005 0.525850
vt 0.366518 0.491989
vt 0.374098 0.517628
vt 0.382216 0.513569
vt 0.385812 0.507689
vt 0.386929 0.515393
vt 0.396402 0.507961
vt 0.396402 0.510657
vt 0.366531 0.530587
vt 0.373308 0.530587
vt 0.380581 0.502129
vt 0.386601 0.491710
vt 0.394823 0.520920
vt 0.394951 0.531049
vt 0.357519 0.520786
vt 0.358636 0.525850
vt 0.363046 0.520324
vt 0.372078 0.503106
vt 0.385485 0.506708
vt 0.354418 0.510953
vt 0.359324 0.510627
vt 0.364625 0.517166
vt 0.365537 0.488720
vt 0.366192 0.513896
vt 0.371730 0.526640
vt 0.388180 0.509867
vt 0.373713 0.514550
vt 0.379162 0.517956
vt 0.388180 0.513814
vt 0.389759 0.503552
vt 0.393045 0.526640
vt 0.369688 0.521903
vt 0.381992 0.521903
vt 0.396075 0.500394
vt 0.397192 0.519013
vt 0.353110 0.486758
vt 0.369462 0.500164
vt 0.376794 0.519534
vt 0.384831 0.484142
vt 0.385485 0.508670
vt 0.364625 0.526312
vt 0.366518 0.486104
vt 0.369462 0.497548
vt 0.378835 0.530587
vt 0.386601 0.495657
vt 0.396402 0.504341
vt 0.354745 0.484142
vt 0.373386 0.514223
vt 0.377311 0.514223
vt 0.387718 0.515393
vt 0.389297 0.510657
vt 0.392582 0.527102
vt 0.396402 0.494868
vt 0.353764 0.499510
vt 0.355478 0.530587
vt 0.357034 0.510953
vt 0.386601 0.490593
vt 0.389297 0.486184
vt 0.389297 0.504341
vt 0.365537 0.489374
vt 0.371730 0.527102
vt 0.379273 0.507689
vt 0.380581 0.492972
vt 0.389297 0.489342
vt 0.394034 0.484605
vt 0.365537 0.488393
vt 0.380254 0.488721
vt 0.394034 0.483815
vt 0.395285 0.503224
vt 0.354418 0.515204
vt 0.357847 0.521903
vt 0.359651 0.498529
vt 0.372519 0.522365
vt 0.397192 0.511446
vt 0.365537 0.487739
vt 0.371097 0.504741
vt 0.379927 0.507689
vt 0.389759 0.489342
vt 0.392583 0.524733
vt 0.395285 0.502762
vt 0.358997 0.510953
vt 0.364162 0.517628
vt 0.367500 0.513243
vt 0.389759 0.495330
vt 0.394823 0.513025
vt 0.358343 0.498529
vt 0.360305 0.491335
vt 0.363902 0.495913
vt 0.366993 0.522365
vt 0.385478 0.521903
vt 0.395613 0.501183
vt 0.397654 0.522171
vt 0.355941 0.524733
vt 0.359098 0.518418
vt 0.366846 0.506376
vt 0.373636 0.526312
vt 0.377311 0.502125
vt 0.390087 0.495657
vt 0.390549 0.494868
vt 0.358669 0.514550
vt 0.376657 0.516839
vt 0.382320 0.531049
vt 0.383850 0.486759
vt 0.390549 0.512236
vt 0.353899 0.527891
vt 0.361467 0.517956
vt 0.366203 0.529470
vt 0.366531 0.529008
vt 0.381992 0.525850
vt 0.390549 0.513815
vt 0.353110 0.485777
vt 0.356053 0.486104
vt 0.380254 0.509651
vt 0.380908 0.507689
vt 0.383571 0.518418
vt 0.396864 0.504014
vt 0.354362 0.520786
vt 0.359888 0.520324
vt 0.359888 0.527102
vt 0.360677 0.520786
vt 0.363575 0.496567
vt 0.364556 0.496894
vt 0.375215 0.531049
vt 0.354091 0.499837
vt 0.366191 0.514877
vt 0.374425 0.517956
vt 0.389297 0.501646
vt 0.389759 0.486646
vt 0.391466 0.526640
vt 0.394161 0.527102
vt 0.361467 0.526312
vt 0.369462 0.499183
vt 0.379951 0.530587
vt 0.384688 0.517956
vt 0.386929 0.516183
vt 0.396402 0.507499
vt 0.366846 0.513896
vt 0.368808 0.513243
vt 0.378372 0.518418
vt 0.379624 0.517956
vt 0.389297 0.494868
vt 0.389297 0.503552
vt 0.389297 0.506710
vt 0.389759 0.494078
vt 0.395285 0.513487
vt 0.364625 0.517628
vt 0.367826 0.513569
vt 0.371267 0.526640
vt 0.379162 0.526640
vt 0.389759 0.500067
vt 0.394496 0.485067
vt 0.355399 0.501799
vt 0.377256 0.517166
vt 0.381235 0.501802
vt 0.397192 0.496119
vt 0.398770 0.492499
vt 0.361794 0.527429
vt 0.362583 0.527429
vt 0.363575 0.502125
vt 0.385940 0.526312
vt 0.390549 0.513025
vt 0.391338 0.506382
vt 0.355478 0.531049
vt 0.356707 0.510627
vt 0.357034 0.510300
vt 0.367826 0.499837
vt 0.369135 0.487085
vt 0.373308 0.526640
vt 0.378835 0.522365
vt 0.381888 0.499840
vt 0.381888 0.501802
vt 0.383197 0.507035
vt 0.390876 0.498815
vt 0.390876 0.501183
vt 0.397192 0.495657
vt 0.363575 0.511281
vt 0.381992 0.521113
vt 0.384177 0.508343
vt 0.386601 0.511908
vt 0.388180 0.490593
vt 0.363046 0.520786
vt 0.370151 0.520324
vt 0.380414 0.530587
vt 0.385158 0.507035
vt 0.387391 0.516645
vt 0.359978 0.514550
vt 0.367500 0.513896
vt 0.378372 0.517956
vt 0.379162 0.527102
vt 0.395285 0.513025
vt 0.354418 0.484469
vt 0.362594 0.496894
vt 0.368808 0.494605
vt 0.369789 0.493951
vt 0.396402 0.495330
vt 0.368572 0.530587
vt 0.380254 0.502456
vt 0.389759 0.501183
vt 0.394161 0.526640
vt 0.395413 0.530587
vt 0.355726 0.485450
vt 0.364162 0.526312
vt 0.369462 0.496567
vt 0.369462 0.498202
vt 0.379600 0.492318
vt 0.394823 0.489342
vt 0.396864 0.509867
vt 0.359324 0.489047
vt 0.370770 0.494278
vt 0.387519 0.521576
vt 0.391004 0.529470
vt 0.393045 0.527429
vt 0.366192 0.494605
vt 0.368899 0.520786
vt 0.369462 0.497221
vt 0.374694 0.510300
vt 0.395285 0.489342
vt 0.371424 0.513243
vt 0.373386 0.514877
vt 0.377638 0.514550
vt 0.379624 0.518418
vt 0.380254 0.503764
vt 0.389759 0.507172
vt 0.353764 0.483815
vt 0.370770 0.504414
vt 0.389297 0.500067
vt 0.389759 0.489804
vt 0.394496 0.484605
vt 0.394823 0.514604
vt 0.355478 0.525850
vt 0.359098 0.526312
vt 0.361794 0.525850
vt 0.370151 0.520786
vt 0.370940 0.520324
vt 0.385812 0.507035
vt 0.353572 0.525850
vt 0.356730 0.525850
vt 0.369462 0.488393
vt 0.375349 0.513243
vt 0.396402 0.498026
vt 0.396864 0.490593
vt 0.354418 0.515858
vt 0.362267 0.502125
vt 0.371097 0.484142
vt 0.375349 0.511281
vt 0.382782 0.517166
vt 0.397192 0.514604
vt 0.397654 0.511908
vt 0.355151 0.523944
vt 0.357847 0.530260
vt 0.358997 0.495259
vt 0.373386 0.487739
vt 0.373386 0.490355
vt 0.374040 0.516839
vt 0.382216 0.488067
vt 0.382542 0.487086
vt 0.382869 0.490683
vt 0.385485 0.493627
vt 0.398443 0.515066
vt 0.400349 0.503552
vt 0.901730 0.098270
vt 0.354689 0.530260
vt 0.385158 0.493953
vt 0.385812 0.494607
vt 0.397981 0.515393
vt 0.901730 0.198702
vt 0.397981 0.515856
vt 0.901730 0.299135
vt 0.385485 0.494281
vt 0.385812 0.493299
vt 0.398443 0.515856
vt 0.901730 0.399567
vt 0.382869 0.488721
vt 0.385485 0.492972
vt 0.901730 0.500000
vt 0.382542 0.488394
vt 0.901730 0.600433
vt 0.355151 0.529797
vt 0.382216 0.488721
vt 0.385158 0.493299
vt 0.385158 0.494607
vt 0.901730 0.700865
vt 0.354689 0.529797
vt 0.382869 0.488067
vt 0.385812 0.493953
vt 0.901730 0.801298
vt 0.357057 0.530260
vt 0.358309 0.529797
vt 0.371424 0.502453
vt 0.374694 0.516185
vt 0.381043 0.516647
vt 0.382542 0.487740
vt 0.398443 0.524867
vt 0.901730 0.901730
vt 0.354091 0.484142
vt 0.368808 0.486758
vt 0.370770 0.505068
vt 0.373308 0.527102
vt 0.380908 0.488721
vt 0.382782 0.527102
vt 0.389097 0.527102
vt 0.394823 0.502762
vt 0.394823 0.515856
vt 0.359978 0.498856
vt 0.360305 0.488393
vt 0.361286 0.513569
vt 0.366192 0.497548
vt 0.372519 0.521903
vt 0.397192 0.520592
vt 0.399233 0.491710
vt 0.361613 0.510300
vt 0.377311 0.507030
vt 0.378835 0.526312
vt 0.383571 0.529008
vt 0.390087 0.503552
vt 0.390087 0.504341
vt 0.354362 0.527429
vt 0.366203 0.529008
vt 0.371729 0.530260
vt 0.387056 0.525850
vt 0.387718 0.517762
vt 0.363046 0.517956
vt 0.366531 0.522365
vt 0.370151 0.522365
vt 0.381992 0.522365
vt 0.385478 0.522365
vt 0.391338 0.505593
vt 0.360959 0.513896
vt 0.362583 0.517956
vt 0.381530 0.521903
vt 0.390876 0.499604
vt 0.396075 0.500856
vt 0.397654 0.520130
vt 0.358997 0.484796
vt 0.370770 0.493297
vt 0.382782 0.521113
vt 0.384177 0.508997
vt 0.386601 0.515066
vt 0.387718 0.496909
vt 0.368808 0.513896
vt 0.372078 0.500491
vt 0.380581 0.503438
vt 0.389759 0.506710
vt 0.359651 0.488393
vt 0.371097 0.497875
vt 0.384177 0.514230
vt 0.391338 0.485394
vt 0.395613 0.490921
vt 0.397192 0.489804
vt 0.397781 0.531049
vt 0.355941 0.526312
vt 0.362256 0.525850
vt 0.362267 0.496567
vt 0.369462 0.494278
vt 0.396402 0.500067
vt 0.396402 0.505131
vt 0.366531 0.531049
vt 0.369462 0.484796
vt 0.369462 0.487739
vt 0.369462 0.488720
vt 0.374367 0.513569
vt 0.378946 0.514550
vt 0.395285 0.520920
vt 0.396402 0.498488
vt 0.357034 0.499183
vt 0.358343 0.499183
vt 0.362256 0.527891
vt 0.363575 0.496240
vt 0.363575 0.501472
vt 0.365537 0.511281
vt 0.370151 0.531049
vt 0.377638 0.511608
vt 0.377638 0.499837
vt 0.377638 0.501799
vt 0.386601 0.500067
vt 0.386601 0.500856
vt 0.390549 0.495330
vt 0.356053 0.484142
vt 0.364625 0.525850
vt 0.383523 0.483815
vt 0.386601 0.496119
vt 0.396402 0.509867
vt 0.353899 0.520324
vt 0.354091 0.486104
vt 0.356730 0.526312
vt 0.364229 0.496567
vt 0.375349 0.513896
vt 0.381992 0.517956
vt 0.387846 0.530587
vt 0.355726 0.485777
vt 0.359426 0.520786
vt 0.360215 0.520786
vt 0.364952 0.520324
vt 0.380254 0.507689
vt 0.380581 0.508670
vt 0.383524 0.514550
vt 0.359651 0.514877
vt 0.369462 0.513243
vt 0.372078 0.499510
vt 0.379624 0.526640
vt 0.380414 0.517956
vt 0.389297 0.499604
vt 0.394823 0.515066
vt 0.359651 0.484796
vt 0.363575 0.495586
vt 0.377311 0.511281
vt 0.385940 0.521903
vt 0.386929 0.492962
vt 0.390876 0.505593
vt 0.397654 0.488552
vt 0.355478 0.520324
vt 0.365537 0.496567
vt 0.369135 0.494932
vt 0.371424 0.513896
vt 0.377311 0.514877
vt 0.396402 0.496119
vt 0.396864 0.494868
vt 0.366192 0.492316
vt 0.374040 0.505068
vt 0.381203 0.531049
vt 0.396402 0.511119
vt 0.400022 0.501973
vt 0.374040 0.504414
vt 0.380908 0.484142
vt 0.381889 0.513243
vt 0.393707 0.511119
vt 0.396864 0.510657
vt 0.367500 0.499510
vt 0.368808 0.487412
vt 0.393372 0.526640
vt 0.394823 0.515393
vt 0.354418 0.488393
vt 0.363835 0.526312
vt 0.373636 0.520786
vt 0.380741 0.530587
vt 0.384504 0.496243
vt 0.384831 0.484796
vt 0.399560 0.501973
vt 0.355726 0.486758
vt 0.365210 0.504741
vt 0.369688 0.520786
vt 0.370478 0.520786
vt 0.380414 0.531049
vt 0.385150 0.517956
vt 0.359651 0.514223
vt 0.369135 0.513569
vt 0.369462 0.483815
vt 0.372078 0.500164
vt 0.372405 0.500818
vt 0.378835 0.517956
vt 0.396864 0.485067
vt 0.358997 0.489374
vt 0.359324 0.485123
vt 0.374040 0.511281
vt 0.387519 0.521113
vt 0.388180 0.496447
vt 0.353764 0.484469
vt 0.365210 0.499837
vt 0.369789 0.513569
vt 0.389097 0.526640
vt 0.395285 0.514604
vt 0.357361 0.488066
vt 0.380414 0.525850
vt 0.382782 0.521576
vt 0.384831 0.508343
vt 0.384831 0.508997
vt 0.387718 0.490593
vt 0.353110 0.487412
vt 0.354745 0.488066
vt 0.374098 0.520324
vt 0.377256 0.519534
vt 0.379624 0.531049
vt 0.384831 0.495916
vt 0.358997 0.490355
vt 0.370770 0.498202
vt 0.386601 0.486184
vt 0.386601 0.512236
vt 0.390876 0.485394
vt 0.391466 0.529008
vt 0.393045 0.527891
vt 0.364883 0.504414
vt 0.379273 0.510300
vt 0.380254 0.484142
vt 0.381889 0.513896
vt 0.385150 0.518418
vt 0.391003 0.529797
vt 0.396864 0.507499
vt 0.362921 0.495586
vt 0.366518 0.489047
vt 0.367320 0.520324
vt 0.380581 0.509324
vt 0.386601 0.495330
vt 0.396402 0.503552
vt 0.361613 0.496894
vt 0.369462 0.484469
vt 0.371751 0.513569
vt 0.372078 0.501144
vt 0.380908 0.503764
vt 0.389297 0.516972
vt 0.396402 0.495657
vt 0.377311 0.499510
vt 0.377311 0.501144
vt 0.386139 0.499604
vt 0.387718 0.488552
vt 0.390087 0.497236
vt 0.360677 0.520324
vt 0.364229 0.497221
vt 0.380254 0.513569
vt 0.383197 0.514223
vt 0.388308 0.530587
vt 0.367782 0.519207
vt 0.374367 0.504741
vt 0.377311 0.488720
vt 0.377638 0.491989
vt 0.384831 0.496570
vt 0.393707 0.510657
vt 0.399560 0.502435
vt 0.355726 0.483815
vt 0.363248 0.495913
vt 0.366192 0.486431
vt 0.367782 0.520786
vt 0.386139 0.495657
vt 0.396402 0.509078
vt 0.365537 0.500491
vt 0.366192 0.495259
vt 0.367172 0.500818
vt 0.375021 0.510627
vt 0.377256 0.519997
vt 0.384504 0.495589
vt 0.385812 0.508997
vt 0.355941 0.530587
vt 0.367500 0.500164
vt 0.389297 0.504803
vt 0.389297 0.511908
vt 0.393834 0.526640
vt 0.395285 0.523288
vt 0.355072 0.502125
vt 0.355726 0.489701
vt 0.372732 0.494605
vt 0.376794 0.517628
vt 0.384504 0.513903
vt 0.391338 0.486184
vt 0.397654 0.489342
vt 0.360305 0.514223
vt 0.361940 0.510627
vt 0.379162 0.526312
vt 0.379624 0.518745
vt 0.383850 0.485124
vt 0.390549 0.504803
vt 0.356053 0.487085
vt 0.362256 0.526312
vt 0.370940 0.520786
vt 0.379600 0.492972
vt 0.396402 0.505593
vt 0.396402 0.511908
vt 0.365537 0.511934
vt 0.377311 0.511934
vt 0.381530 0.531049
vt 0.383850 0.487413
vt 0.397654 0.489014
vt 0.358343 0.514877
vt 0.363902 0.511608
vt 0.367782 0.529008
vt 0.379951 0.525850
vt 0.382782 0.530587
vt 0.387718 0.490131
vt 0.375675 0.504741
vt 0.377638 0.489047
vt 0.380581 0.483815
vt 0.380581 0.484470
vt 0.391466 0.530260
vt 0.393244 0.510657
vt 0.360305 0.514877
vt 0.377638 0.500818
vt 0.379624 0.519207
vt 0.383197 0.486104
vt 0.387718 0.485394
vt 0.388180 0.489014
vt 0.366846 0.500491
vt 0.374694 0.510953
vt 0.379927 0.492645
vt 0.387718 0.489804
vt 0.395285 0.489804
vt 0.356053 0.490028
vt 0.358343 0.516185
vt 0.377256 0.517628
vt 0.391338 0.499277
vt 0.397654 0.495657
vt 0.354418 0.487739
vt 0.363248 0.506703
vt 0.365864 0.500818
vt 0.367782 0.518745
vt 0.384177 0.495916
vt 0.384177 0.496570
vt 0.394496 0.489342
vt 0.364883 0.500164
vt 0.375021 0.514550
vt 0.382782 0.526640
vt 0.388635 0.527102
vt 0.389297 0.510329
vt 0.356268 0.525850
vt 0.358309 0.525850
vt 0.369789 0.489047
vt 0.381530 0.517956
vt 0.386929 0.513814
vt 0.396864 0.498026
vt 0.363046 0.518418
vt 0.387391 0.492962
vt 0.390876 0.493751
vt 0.390876 0.505131
vt 0.391338 0.499604
vt 0.355726 0.487412
vt 0.364883 0.505068
vt 0.379273 0.493299
vt 0.379600 0.510627
vt 0.394496 0.486184
vt 0.364229 0.511281
vt 0.365210 0.488066
vt 0.365414 0.529008
vt 0.368808 0.500491
vt 0.371729 0.529797
vt 0.387519 0.525850
vt 0.368154 0.498202
vt 0.385812 0.495261
vt 0.386267 0.523482
vt 0.395613 0.514277
vt 0.397981 0.520130
vt 0.397981 0.521382
vt 0.369789 0.484142
vt 0.380254 0.505073
vt 0.389759 0.516972
vt 0.396402 0.484605
vt 0.396402 0.496447
vt 0.362256 0.520324
vt 0.362267 0.497221
vt 0.365537 0.497221
vt 0.365741 0.520324
vt 0.368808 0.495259
vt 0.380581 0.509978
vt 0.396402 0.499604
vt 0.385150 0.525850
vt 0.385940 0.525850
vt 0.390549 0.509540
vt 0.390549 0.513487
vt 0.361940 0.514550
vt 0.382320 0.527102
vt 0.389297 0.509867
vt 0.389297 0.514604
vt 0.393372 0.527102
vt 0.394823 0.523288
vt 0.395285 0.515393
vt 0.355726 0.486431
vt 0.365414 0.520324
vt 0.380908 0.509651
vt 0.386601 0.494868
vt 0.396402 0.505920
vt 0.372405 0.499837
vt 0.379951 0.517956
vt 0.380581 0.504746
vt 0.389297 0.513487
vt 0.396402 0.485067
vt 0.353764 0.500164
vt 0.377638 0.513569
vt 0.379927 0.514223
vt 0.389297 0.511446
vt 0.389759 0.504341
vt 0.391004 0.526640
vt 0.396402 0.497236
vt 0.359888 0.517956
vt 0.366191 0.501144
vt 0.379273 0.492645
vt 0.383850 0.484142
vt 0.388180 0.489804
vt 0.396402 0.510329
vt 0.359324 0.484142
vt 0.374367 0.511608
vt 0.383571 0.521113
vt 0.386139 0.486184
vt 0.387056 0.521576
vt 0.392582 0.527891
vt 0.365414 0.525850
vt 0.380254 0.510305
vt 0.383523 0.484796
vt 0.396402 0.511446
vt 0.396864 0.499604
vt 0.396864 0.505131
vt 0.355941 0.520786
vt 0.362256 0.520786
vt 0.365864 0.496894
vt 0.369462 0.492644
vt 0.355941 0.520324
vt 0.357847 0.520324
vt 0.361940 0.497221
vt 0.369789 0.492970
vt 0.386929 0.514604
vt 0.396864 0.495657
vt 0.364883 0.499510
vt 0.369462 0.513896
vt 0.374694 0.514223
vt 0.380414 0.518418
vt 0.387718 0.516645
vt 0.389297 0.513025
vt 0.395285 0.524077
vt 0.359888 0.518745
vt 0.362594 0.506703
vt 0.365537 0.501144
vt 0.366191 0.500491
vt 0.366846 0.501144
vt 0.387718 0.489342
vt 0.394034 0.489342
vt 0.360959 0.510300
vt 0.379273 0.510953
vt 0.380908 0.484796
vt 0.391466 0.529797
vt 0.394034 0.486184
vt 0.394496 0.485394
vt 0.359978 0.485123
vt 0.381992 0.530587
vt 0.386729 0.526312
vt 0.397192 0.488552
vt 0.357034 0.488393
vt 0.358997 0.485450
vt 0.372732 0.489701
vt 0.374040 0.511934
vt 0.383109 0.521113
vt 0.384504 0.508670
vt 0.390087 0.515066
vt 0.390549 0.511446
vt 0.354745 0.515531
vt 0.359651 0.499183
vt 0.366192 0.498202
vt 0.371097 0.498856
vt 0.375675 0.511608
vt 0.393834 0.527429
vt 0.379927 0.493299
vt 0.383850 0.484470
vt 0.390214 0.529797
vt 0.394034 0.486646
vt 0.394496 0.485857
vt 0.396864 0.511446
vt 0.384831 0.514230
vt 0.386601 0.513025
vt 0.390876 0.486184
vt 0.396075 0.490920
vt 0.353110 0.487739
vt 0.355726 0.484469
vt 0.359426 0.517956
vt 0.383197 0.484142
vt 0.390214 0.531049
vt 0.396864 0.509078
vt 0.362256 0.527429
vt 0.363046 0.527891
vt 0.364625 0.527891
vt 0.369688 0.530587
vt 0.382782 0.526312
vt 0.390549 0.509867
vt 0.368572 0.531049
vt 0.369789 0.494932
vt 0.378619 0.514223
vt 0.380908 0.502456
vt 0.382543 0.514223
vt 0.394823 0.521382
vt 0.358309 0.520324
vt 0.361940 0.496567
vt 0.364883 0.496567
vt 0.376466 0.530587
vt 0.389759 0.517435
vt 0.396402 0.496909
vt 0.363902 0.497875
vt 0.370770 0.483815
vt 0.371097 0.491009
vt 0.382320 0.517628
vt 0.383850 0.507035
vt 0.391338 0.501183
vt 0.360959 0.513243
vt 0.366518 0.497875
vt 0.384504 0.511286
vt 0.390876 0.486973
vt 0.391338 0.493289
vt 0.391338 0.500067
vt 0.393834 0.527891
vt 0.356268 0.520324
vt 0.365210 0.496894
vt 0.380581 0.505400
vt 0.380908 0.505073
vt 0.389759 0.513025
vt 0.394823 0.524077
vt 0.396864 0.496447
vt 0.353572 0.518418
vt 0.368110 0.530587
vt 0.369462 0.494605
vt 0.380254 0.514550
vt 0.380581 0.508016
vt 0.387718 0.517434
vt 0.391466 0.527102
vt 0.394624 0.526640
vt 0.353764 0.486431
vt 0.363046 0.525850
vt 0.366993 0.520324
vt 0.379927 0.513243
vt 0.388308 0.531049
vt 0.353764 0.485777
vt 0.362583 0.525850
vt 0.364625 0.520324
vt 0.379600 0.513569
vt 0.381992 0.518418
vt 0.387391 0.513814
vt 0.353437 0.488066
vt 0.359426 0.518418
vt 0.361286 0.506703
vt 0.361940 0.506703
vt 0.362267 0.506376
vt 0.366518 0.500818
vt 0.364625 0.529008
vt 0.364952 0.529008
vt 0.369135 0.500818
vt 0.384688 0.526312
vt 0.390549 0.509078
vt 0.362921 0.496240
vt 0.366192 0.489374
vt 0.384831 0.495261
vt 0.385485 0.512595
vt 0.390676 0.530587
vt 0.396402 0.509540
vt 0.355399 0.486104
vt 0.361613 0.514223
vt 0.374694 0.513243
vt 0.374694 0.514877
vt 0.387718 0.516183
vt 0.389759 0.509867
vt 0.358309 0.526312
vt 0.379273 0.513243
vt 0.386929 0.514277
vt 0.389097 0.530587
vt 0.396402 0.502762
vt 0.357847 0.525850
vt 0.369462 0.489374
vt 0.374040 0.513896
vt 0.380581 0.506708
vt 0.388635 0.530587
vt 0.396402 0.502435
vt 0.365414 0.526312
vt 0.366203 0.520786
vt 0.375677 0.520324
vt 0.380908 0.510305
vt 0.396402 0.513025
vt 0.358669 0.516512
vt 0.370770 0.490682
vt 0.385150 0.521113
vt 0.391338 0.498815
vt 0.391338 0.501646
vt 0.359651 0.485450
vt 0.383850 0.488067
vt 0.384361 0.526312
vt 0.386729 0.525850
vt 0.386929 0.492499
vt 0.390876 0.493289
vt 0.391338 0.486973
vt 0.361794 0.520786
vt 0.366203 0.520324
vt 0.369462 0.493297
vt 0.371730 0.520786
vt 0.375677 0.520786
vt 0.385158 0.508343
vt 0.386929 0.515066
vt 0.366993 0.520786
vt 0.369462 0.495586
vt 0.379927 0.513896
vt 0.380254 0.508997
vt 0.383197 0.514877
vt 0.389887 0.530587
vt 0.355726 0.490355
vt 0.358343 0.516839
vt 0.359324 0.486104
vt 0.373059 0.494932
vt 0.384504 0.510632
vt 0.384688 0.521113
vt 0.374040 0.513243
vt 0.378619 0.514877
vt 0.380254 0.507035
vt 0.382870 0.514550
vt 0.396402 0.501183
vt 0.361286 0.510627
vt 0.374694 0.484469
vt 0.377311 0.487739
vt 0.390676 0.530260
vt 0.394034 0.485394
vt 0.364625 0.527429
vt 0.365864 0.511608
vt 0.370151 0.530587
vt 0.383197 0.487413
vt 0.390549 0.510657
vt 0.371424 0.511281
vt 0.384504 0.507362
vt 0.386139 0.513025
vt 0.386601 0.512698
vt 0.391338 0.485857
vt 0.396075 0.491383
vt 0.358309 0.520786
vt 0.376004 0.530587
vt 0.385485 0.508016
vt 0.386139 0.493751
vt 0.387391 0.514604
vt 0.355072 0.499510
vt 0.377311 0.513243
vt 0.381203 0.517956
vt 0.389759 0.511446
vt 0.389759 0.514604
vt 0.395285 0.523750
vt 0.365414 0.520786
vt 0.365537 0.484142
vt 0.369789 0.495913
vt 0.374887 0.520786
vt 0.380908 0.508997
vt 0.396402 0.506382
vt 0.358997 0.483815
vt 0.366531 0.527429
vt 0.383571 0.521576
vt 0.390087 0.514604
vt 0.364952 0.526312
vt 0.374694 0.483815
vt 0.374694 0.485450
vt 0.383197 0.484470
vt 0.390676 0.529797
vt 0.396402 0.513487
vt 0.353110 0.488393
vt 0.360959 0.506376
vt 0.377638 0.492970
vt 0.384177 0.495261
vt 0.390214 0.530587
vt 0.355072 0.485777
vt 0.356730 0.520324
vt 0.380581 0.506054
vt 0.388180 0.516183
vt 0.395285 0.524540
vt 0.369789 0.500818
vt 0.383109 0.526312
vt 0.383523 0.487740
vt 0.384831 0.511613
vt 0.391338 0.487435
vt 0.363046 0.527429
vt 0.364162 0.529008
vt 0.370940 0.529008
vt 0.382320 0.526312
vt 0.384688 0.525850
vt 0.390087 0.513025
vt 0.357034 0.487739
vt 0.367782 0.529470
vt 0.372057 0.529008
vt 0.372732 0.490355
vt 0.380414 0.526312
vt 0.385150 0.523482
vt 0.354091 0.497875
vt 0.355072 0.488393
vt 0.366192 0.488720
vt 0.374425 0.520786
vt 0.385158 0.512921
vt 0.386139 0.494868
vt 0.396864 0.505920
vt 0.364883 0.497221
vt 0.376466 0.531049
vt 0.380254 0.505727
vt 0.380581 0.513243
vt 0.381992 0.529008
vt 0.386139 0.493289
vt 0.371751 0.511608
vt 0.372732 0.495259
vt 0.379624 0.521576
vt 0.384177 0.510959
vt 0.386601 0.513487
vt 0.391338 0.486646
vt 0.361613 0.514877
vt 0.373059 0.484142
vt 0.375021 0.513569
vt 0.378619 0.513243
vt 0.380741 0.517956
vt 0.389759 0.515066
vt 0.355072 0.487739
vt 0.377311 0.492644
vt 0.378045 0.519207
vt 0.384504 0.494935
vt 0.385812 0.512921
vt 0.358997 0.484469
vt 0.362921 0.511934
vt 0.366993 0.527429
vt 0.384177 0.507689
vt 0.386139 0.512236
vt 0.386601 0.486646
vt 0.390087 0.515393
vt 0.361467 0.527891
vt 0.361613 0.511934
vt 0.368481 0.500818
vt 0.370770 0.499183
vt 0.383571 0.526312
vt 0.384177 0.511613
vt 0.393372 0.527891
vt 0.356730 0.520786
vt 0.360677 0.525850
vt 0.369462 0.490682
vt 0.380254 0.506381
vt 0.380908 0.505727
vt 0.380908 0.513569
vt 0.360305 0.510953
vt 0.372078 0.510300
vt 0.374367 0.503760
vt 0.375021 0.484142
vt 0.375021 0.485123
vt 0.377638 0.488066
vt 0.363373 0.527429
vt 0.381530 0.530587
vt 0.383523 0.487086
vt 0.383899 0.526312
vt 0.386267 0.526312
vt 0.390087 0.510657
vt 0.354745 0.486104
vt 0.355399 0.499837
vt 0.377311 0.513896
vt 0.396402 0.497698
vt 0.396402 0.500394
vt 0.355072 0.486431
vt 0.360677 0.526312
vt 0.372732 0.483815
vt 0.374694 0.513896
vt 0.380908 0.506381
vt 0.369789 0.504741
vt 0.371730 0.520324
vt 0.374040 0.504087
vt 0.374040 0.508011
vt 0.374694 0.484796
vt 0.375215 0.520786
vt 0.396864 0.513025
vt 0.396864 0.513814
vt 0.355151 0.518418
vt 0.363835 0.520324
vt 0.364162 0.520324
vt 0.368572 0.520324
vt 0.379273 0.513896
vt 0.396864 0.502762
vt 0.362267 0.511934
vt 0.366203 0.527891
vt 0.371424 0.511934
vt 0.379624 0.521113
vt 0.384831 0.507689
vt 0.390549 0.515393
vt 0.371267 0.520786
vt 0.376466 0.520324
vt 0.381530 0.529008
vt 0.385812 0.508343
vt 0.386601 0.493289
vt 0.396402 0.514277
vt 0.369688 0.529008
vt 0.370478 0.529008
vt 0.382782 0.525850
vt 0.390549 0.510329
vt 0.357689 0.488393
vt 0.361467 0.527429
vt 0.363575 0.498202
vt 0.370770 0.484469
vt 0.370770 0.498529
vt 0.375349 0.511934
vt 0.353764 0.497548
vt 0.365864 0.483815
vt 0.366846 0.496567
vt 0.374887 0.520324
vt 0.396402 0.524867
vt 0.353764 0.498202
vt 0.355399 0.488066
vt 0.367172 0.496894
vt 0.369462 0.510953
vt 0.378045 0.518745
vt 0.394496 0.490593
vt 0.353437 0.511608
vt 0.355941 0.517956
vt 0.363373 0.520324
vt 0.389097 0.531049
vt 0.396402 0.501973
vt 0.396402 0.503224
vt 0.363046 0.526312
vt 0.364625 0.520786
vt 0.366518 0.485123
vt 0.366531 0.520324
vt 0.368572 0.520786
vt 0.389425 0.530587
vt 0.358997 0.485777
vt 0.364952 0.527429
vt 0.365741 0.527429
vt 0.370116 0.484469
vt 0.379162 0.521113
vt 0.384831 0.510959
vt 0.372519 0.529008
vt 0.373059 0.490028
vt 0.383899 0.523482
vt 0.390087 0.511446
vt 0.358015 0.488066
vt 0.358997 0.486431
vt 0.360677 0.517956
vt 0.363575 0.497548
vt 0.365414 0.527429
vt 0.370770 0.491335
vt 0.385150 0.521576
vt 0.354418 0.486431
vt 0.379927 0.514877
vt 0.380254 0.508343
vt 0.387391 0.516972
vt 0.396864 0.497236
vt 0.353110 0.511281
vt 0.354362 0.518418
vt 0.380908 0.507035
vt 0.396864 0.501183
vt 0.396864 0.501973
vt 0.353764 0.511281
vt 0.369462 0.491335
vt 0.376466 0.520786
vt 0.380581 0.513896
vt 0.381992 0.529470
vt 0.386729 0.519534
vt 0.396402 0.512236
vt 0.369462 0.505068
vt 0.370116 0.507357
vt 0.376004 0.520786
vt 0.386267 0.519534
vt 0.396402 0.513814
vt 0.354091 0.511608
vt 0.360215 0.526312
vt 0.369789 0.491009
vt 0.372732 0.484469
vt 0.378619 0.513896
vt 0.386139 0.497236
vt 0.386601 0.496447
vt 0.355072 0.500164
vt 0.372519 0.520324
vt 0.378946 0.513569
vt 0.381203 0.518418
vt 0.386601 0.497236
vt 0.396402 0.500856
vt 0.371730 0.518745
vt 0.372405 0.510627
vt 0.374040 0.503434
vt 0.374367 0.507684
vt 0.377638 0.490028
vt 0.363835 0.527429
vt 0.364162 0.527429
vt 0.369688 0.529470
vt 0.382320 0.523944
vt 0.390087 0.509867
vt 0.390549 0.511119
vt 0.354362 0.517956
vt 0.360677 0.527102
vt 0.369462 0.495259
vt 0.373309 0.520324
vt 0.382543 0.514877
vt 0.387718 0.516972
vt 0.396402 0.501646
vt 0.355726 0.514877
vt 0.373386 0.489701
vt 0.374367 0.516512
vt 0.386729 0.523944
vt 0.398443 0.520130
vt 0.400349 0.490593
vt 0.365864 0.484469
vt 0.366192 0.484469
vt 0.366192 0.485450
vt 0.369462 0.496240
vt 0.387718 0.501183
vt 0.389887 0.531049
vt 0.390087 0.505131
vt 0.396402 0.525329
vt 0.355151 0.517956
vt 0.355941 0.518418
vt 0.363835 0.520786
vt 0.377256 0.520786
vt 0.396402 0.507172
vt 0.354689 0.518418
vt 0.366192 0.484796
vt 0.366518 0.484142
vt 0.368110 0.520786
vt 0.372519 0.517956
vt 0.396402 0.506709
vt 0.366846 0.497221
vt 0.369789 0.510627
vt 0.390549 0.505131
vt 0.393244 0.521709
vt 0.393707 0.522498
vt 0.396864 0.524867
vt 0.372078 0.488720
vt 0.382869 0.489375
vt 0.386729 0.523482
vt 0.392455 0.522171
vt 0.396075 0.513815
vt 0.400349 0.490131
vt 0.363248 0.511608
vt 0.366531 0.527891
vt 0.368899 0.529008
vt 0.384361 0.523482
vt 0.390549 0.511908
vt 0.390549 0.514604
vt 0.353764 0.511934
vt 0.386139 0.496447
vt 0.387519 0.519997
vt 0.396402 0.514604
vt 0.396864 0.512236
vt 0.354418 0.485777
vt 0.372519 0.520786
vt 0.386139 0.494078
vt 0.386929 0.516972
vt 0.396402 0.508288
vt 0.396864 0.500394
vt 0.370443 0.507684
vt 0.386729 0.519997
vt 0.396402 0.512698
vt 0.396402 0.515066
vt 0.399560 0.492499
vt 0.399560 0.498815
vt 0.353110 0.518418
vt 0.360677 0.526640
vt 0.364883 0.513243
vt 0.380254 0.487413
vt 0.384504 0.485124
vt 0.388180 0.516972
vt 0.353110 0.497548
vt 0.366192 0.483815
vt 0.367172 0.491989
vt 0.372519 0.518418
vt 0.387718 0.501646
vt 0.363835 0.527891
vt 0.369462 0.501144
vt 0.382782 0.523944
vt 0.383197 0.488067
vt 0.383571 0.523944
vt 0.384361 0.525850
vt 0.353110 0.511934
vt 0.353900 0.518418
vt 0.355478 0.517956
vt 0.367826 0.504741
vt 0.369361 0.526640
vt 0.373309 0.520786
vt 0.377256 0.520324
vt 0.387519 0.519534
vt 0.394823 0.497236
vt 0.396864 0.514604
vt 0.399560 0.501646
vt 0.400022 0.492499
vt 0.364556 0.513569
vt 0.372057 0.520786
vt 0.386601 0.496909
vt 0.386601 0.497698
vt 0.387056 0.519997
vt 0.395285 0.497236
vt 0.396402 0.508750
vt 0.369462 0.504414
vt 0.370116 0.508011
vt 0.371730 0.519207
vt 0.374040 0.507357
vt 0.375675 0.499837
vt 0.400022 0.499277
vt 0.353572 0.517956
vt 0.361940 0.507684
vt 0.380908 0.508343
vt 0.384177 0.485450
vt 0.386601 0.494078
vt 0.387391 0.517434
vt 0.366846 0.492316
vt 0.368572 0.519207
vt 0.388180 0.501646
vt 0.390087 0.505593
vt 0.393244 0.522498
vt 0.362594 0.511608
vt 0.362921 0.511281
vt 0.369361 0.529008
vt 0.382216 0.507035
vt 0.390087 0.515856
vt 0.368154 0.501144
vt 0.369462 0.500491
vt 0.370940 0.529797
vt 0.383571 0.523482
vt 0.383571 0.525850
vt 0.360215 0.527102
vt 0.367500 0.504414
vt 0.372846 0.520786
vt 0.380581 0.487086
vt 0.364229 0.513243
vt 0.382319 0.530260
vt 0.395285 0.497698
vt 0.399560 0.501183
vt 0.400022 0.499604
vt 0.353110 0.498202
vt 0.357057 0.530587
vt 0.369361 0.527102
vt 0.372057 0.517956
vt 0.376794 0.520786
vt 0.384831 0.493953
vt 0.384831 0.494607
vt 0.396864 0.506709
vt 0.361613 0.511281
vt 0.368154 0.500491
vt 0.370478 0.529797
vt 0.372519 0.530260
vt 0.361613 0.507357
vt 0.364229 0.513896
vt 0.367826 0.500818
vt 0.382782 0.529797
vt 0.386601 0.494540
vt 0.396864 0.508288
vt 0.400022 0.500394
vt 0.353437 0.497875
vt 0.357519 0.530587
vt 0.366846 0.491663
vt 0.368572 0.518745
vt 0.393707 0.514277
vt 0.362267 0.511281
vt 0.365210 0.493951
vt 0.366203 0.527429
vt 0.370443 0.484142
vt 0.382542 0.506708
vt 0.357689 0.487739
vt 0.360677 0.518418
vt 0.361005 0.527429
vt 0.361940 0.511608
vt 0.365210 0.490028
vt 0.372519 0.529797
vt 0.375349 0.500164
vt 0.375349 0.501472
vt 0.399560 0.492962
vt 0.399560 0.499604
vt 0.400022 0.498815
vt 0.400022 0.501183
vt 0.353764 0.488393
vt 0.365210 0.513569
vt 0.367500 0.505068
vt 0.368899 0.526640
vt 0.380908 0.487413
vt 0.384504 0.493627
vt 0.396402 0.526118
vt 0.361613 0.508011
vt 0.364883 0.501144
vt 0.364883 0.513896
vt 0.367500 0.501144
vt 0.384831 0.485450
vt 0.396864 0.525656
vt 0.360215 0.517956
vt 0.364883 0.489701
vt 0.364883 0.494278
vt 0.365210 0.492970
vt 0.365414 0.527891
vt 0.370116 0.483815
vt 0.357057 0.531049
vt 0.376329 0.510627
vt 0.384177 0.494607
vt 0.393707 0.513815
vt 0.393707 0.514604
vt 0.372078 0.489374
vt 0.373713 0.488066
vt 0.373713 0.490028
vt 0.382216 0.507689
vt 0.400812 0.490131
vt 0.372078 0.490682
vt 0.372405 0.489047
vt 0.372732 0.516185
vt 0.382542 0.507362
vt 0.382869 0.490029
vt 0.392917 0.521709
vt 0.375675 0.498856
vt 0.375675 0.501799
vt 0.382782 0.530260
vt 0.393244 0.517762
vt 0.399560 0.500394
vt 0.400022 0.500067
vt 0.358343 0.507030
vt 0.366993 0.519207
vt 0.372078 0.506049
vt 0.377256 0.518745
vt 0.393707 0.512698
vt 0.393707 0.520130
vt 0.393707 0.520920
vt 0.394034 0.488552
vt 0.399560 0.524540
vt 0.354418 0.513896
vt 0.355941 0.526640
vt 0.357034 0.495586
vt 0.358343 0.495586
vt 0.364625 0.529470
vt 0.364883 0.487739
vt 0.364883 0.490355
vt 0.364883 0.493297
vt 0.365414 0.529470
vt 0.370151 0.529008
vt 0.370940 0.529470
vt 0.370940 0.530260
vt 0.372057 0.529797
vt 0.372078 0.495586
vt 0.372846 0.517628
vt 0.372846 0.530260
vt 0.374098 0.529797
vt 0.375214 0.529797
vt 0.375677 0.529470
vt 0.378045 0.529008
vt 0.378619 0.516185
vt 0.379162 0.529470
vt 0.379273 0.516839
vt 0.379927 0.516839
vt 0.382216 0.502456
vt 0.382782 0.523482
vt 0.383109 0.523944
vt 0.385158 0.505073
vt 0.393707 0.494541
vt 0.393707 0.496119
vt 0.393707 0.499277
vt 0.393707 0.507499
vt 0.393707 0.508288
vt 0.353572 0.524271
vt 0.365210 0.500818
vt 0.367500 0.500491
vt 0.393707 0.517762
vt 0.399560 0.500856
vt 0.353764 0.487739
vt 0.378835 0.519207
vt 0.384177 0.493953
vt 0.384504 0.494281
vt 0.393244 0.514604
vt 0.353572 0.524733
vt 0.354091 0.488066
vt 0.364883 0.500491
vt 0.378835 0.518745
vt 0.393707 0.523288
vt 0.396402 0.525656
vt 0.362594 0.494932
vt 0.364883 0.491663
vt 0.382216 0.491337
vt 0.382542 0.502129
vt 0.393244 0.508288
vt 0.397981 0.516972
vt 0.355941 0.529797
vt 0.372405 0.491009
vt 0.372732 0.516839
vt 0.385158 0.502456
vt 0.392455 0.522961
vt 0.363902 0.506703
vt 0.376657 0.508011
vt 0.376794 0.519207
vt 0.394496 0.488552
vt 0.358997 0.494605
vt 0.372078 0.491335
vt 0.373386 0.488393
vt 0.382869 0.507689
vt 0.385158 0.503110
vt 0.385812 0.502456
vt 0.355941 0.524271
vt 0.360305 0.510300
vt 0.361613 0.510953
vt 0.372078 0.510953
vt 0.377311 0.489701
vt 0.377311 0.500164
vt 0.377311 0.500491
vt 0.377311 0.501472
vt 0.377311 0.504087
vt 0.377311 0.506376
vt 0.379162 0.519207
vt 0.399560 0.494541
vt 0.373386 0.486431
vt 0.385485 0.502129
vt 0.385485 0.502784
vt 0.387056 0.523944
vt 0.392917 0.522498
vt 0.393372 0.531049
vt 0.358669 0.506703
vt 0.360632 0.506703
vt 0.363575 0.507030
vt 0.377256 0.519207
vt 0.393244 0.513025
vt 0.354689 0.523482
vt 0.359324 0.494932
vt 0.382216 0.508343
vt 0.385812 0.503110
vt 0.387519 0.523482
vt 0.371267 0.519207
vt 0.375349 0.498529
vt 0.375349 0.499510
vt 0.375349 0.502125
vt 0.377311 0.490355
vt 0.399560 0.494078
vt 0.399560 0.495330
vt 0.399560 0.503552
vt 0.400022 0.502762
vt 0.353572 0.523944
vt 0.382542 0.508016
vt 0.387056 0.523482
vt 0.393834 0.530587
vt 0.394161 0.531049
vt 0.395613 0.526118
vt 0.358343 0.506376
vt 0.367500 0.508011
vt 0.369462 0.510300
vt 0.393244 0.520920
vt 0.393707 0.513025
vt 0.393707 0.521709
vt 0.394496 0.490131
vt 0.355151 0.523482
vt 0.373636 0.529008
vt 0.382869 0.508343
vt 0.396075 0.525656
vt 0.400812 0.504014
vt 0.367826 0.507684
vt 0.368110 0.518745
vt 0.375021 0.489047
vt 0.376003 0.510953
vt 0.393244 0.513815
vt 0.393244 0.522171
vt 0.393707 0.522961
vt 0.364883 0.484469
vt 0.364883 0.492316
vt 0.364883 0.492644
vt 0.364883 0.493625
vt 0.369361 0.529470
vt 0.372519 0.529470
vt 0.382869 0.502456
vt 0.382869 0.507035
vt 0.384361 0.523944
vt 0.385150 0.523944
vt 0.393244 0.506710
vt 0.353110 0.526640
vt 0.353899 0.523482
vt 0.356730 0.529797
vt 0.374098 0.529008
vt 0.394624 0.530587
vt 0.395613 0.525656
vt 0.356380 0.513243
vt 0.359978 0.494932
vt 0.362267 0.494605
vt 0.365210 0.491989
vt 0.375021 0.516512
vt 0.378834 0.529797
vt 0.381043 0.516185
vt 0.393707 0.506710
vt 0.364883 0.483815
vt 0.376002 0.516185
vt 0.378372 0.529797
vt 0.381203 0.523944
vt 0.382869 0.501802
vt 0.393244 0.507172
vt 0.353572 0.527102
vt 0.356707 0.513569
vt 0.357847 0.529797
vt 0.374098 0.529470
vt 0.380581 0.516185
vt 0.400349 0.504014
vt 0.353572 0.526640
vt 0.354362 0.523944
vt 0.356380 0.513896
vt 0.376329 0.516512
vt 0.378834 0.530260
vt 0.353110 0.524733
vt 0.368481 0.507684
vt 0.375349 0.499183
vt 0.393244 0.523288
vt 0.393707 0.518224
vt 0.400022 0.503552
vt 0.368154 0.508011
vt 0.374694 0.488720
vt 0.376003 0.510300
vt 0.378372 0.518745
vt 0.393707 0.515066
vt 0.393707 0.523750
f 814/814 680/680 598/598
f 603/603 783/783 817/817
f 942/942 1105/1105 998/998
f 1192/1192 1107/1107 1045/1045
f 996/996 896/896 780/780
f 901/901 818/818 785/785
f 784/784 946/946 999/999
f 1043/1043 1104/1104 941/941
f 1047/1047 1101/1101 1196/1196
f 1193/1193 1099/1099 1206/1206
f 157/157 202/202 267/267
f 263/263 197/197 294/294
f 258/258 319/319 369/369
f 198/198 256/256 295/295
f 315/315 259/259 370/370
f 368/368 318/318 447/447
f 394/394 448/448 317/317
f 555/555 451/451 398/398
f 260/260 316/316 298/298
f 602/602 684/684 399/399
f 395/395 681/681 552/552
f 329/329 372/372 458/458
f 209/209 291/291 334/334
f 335/335 374/374 284/284
f 283/283 373/373 330/330
f 213/213 195/195 292/292
f 191/191 270/270 290/290
f 148/148 238/238 192/192
f 240/240 271/271 196/196
f 385/385 577/577 502/502
f 460/460 387/387 332/332
f 285/285 210/210 336/336
f 147/147 153/153 243/243
f 152/152 251/251 242/242
f 1096/1096 1014/1014 1173/1173
f 1177/1177 1017/1017 1094/1094
f 1016/1016 932/932 1092/1092
f 826/826 920/920 991/991
f 919/919 827/827 723/723
f 918/918 724/724 837/837
f 640/640 503/503 666/666
f 1067/1067 1093/1093 933/933
f 1095/1095 1171/1171 1204/1204
f 1065/1065 931/931 992/992
f 840/840 643/643 745/745
f 725/725 642/642 839/839
f 934/934 828/828 994/994
f 246/246 154/154 264/264
f 463/463 581/581 388/388
f 505/505 580/580 671/671
f 667/667 742/742 641/641
f 10254/10254 10121/10121 10143/10143
f 10369/10369 10255/10255 10144/10144
f 10329/10329 10441/10441 10371/10371
f 10440/10440 10401/10401 10483/10483
f 10417/10417 10480/10480 10398/10398
f 10530/10530 10482/10482 10420/10420
f 10439/10439 10328/10328 10358/10358
f 10366/10366 10141/10141 10234/10234
f 10235/10235 10324/10324 10367/10367
f 10357/10357 10400/10400 10442/10442
f 9633/9633 9554/9554 9538/9538
f 9598/9598 9731/9731 9828/9828
f 9853/9853 10040/10040 10002/10002
f 9599/9599 9685/9685 9540/9540
f 9602/9602 9830/9830 9687/9687
f 9688/9688 9632/9632 9542/9542
f 9539/9539 9628/9628 9535/9535
f 10003/10003 9832/9832 9855/9855
f 10037/10037 10122/10122 10000/10000
f 9854/9854 9831/9831 9732/9732
f 10145/10145 10123/10123 10038/10038
f 7009/7009 5444/5444 7466/7466
f 5440/5440 5478/5478 7464/7464
f 5482/5482 7097/7097 7320/7320
f 5477/5477 7319/7319 7413/7413
f 5476/5476 7414/7414 7463/7463
f 5944/5944 10599/10599 5938/5938
f 10598/10598 10672/10672 5939/5939
f 5932/5932 10618/10618 10607/10607
f 10674/10674 10620/10620 5934/5934
f 5933/5933 10668/10668 10673/10673
f 10574/10574 10596/10596 5902/5902
f 10597/10597 5943/5943 5903/5903
f 5446/5446 5335/5335 215/215
f 5339/5339 69/69 223/223
f 63/63 89/89 214/214
f 222/222 93/93 134/134
f 5456/5456 5250/5250 5340/5340
f 5251/5251 5180/5180 5341/5341
f 5338/5338 5178/5178 5344/5344
f 5179/5179 5187/5187 5346/5346
f 5342/5342 5181/5181 5464/5464
f 5186/5186 5398/5398 5465/5465
f 5463/5463 5396/5396 5859/5859
f 5399/5399 5872/5872 5866/5866
f 5864/5864 5871/5871 5890/5890
f 5870/5870 5955/5955 5889/5889
f 5886/5886 5952/5952 5880/5880
f 5951/5951 5948/5948 5879/5879
f 5883/5883 5949/5949 5850/5850
f 5947/5947 5927/5927 5843/5843
f 5882/5882 5849/5849 3645/3645
f 5844/5844 4075/4075 3643/3643
f 3673/3673 3647/3647 4080/4080
f 3804/3804 3671/3671 4073/4073
f 115/115 3282/3282 600/600
f 599/599 397/397 114/114
f 113/113 396/396 83/83
f 86/86 321/321 261/261
f 3280/3280 944/944 781/781
f 3295/3295 1098/1098 3743/3743
f 199/199 155/155 4/4
f 82/82 200/200 3/3
f 3281/3281 782/782 601/601
f 1100/1100 1046/1046 3745/3745
f 3741/3741 1044/1044 943/943
f 3742/3742 945/945 3284/3284
f 400/400 320/320 87/87
f 257/257 201/201 84/84
f 5466/5466 119/119 5345/5345
f 121/121 88/88 5347/5347
f 5873/5873 5928/5928 5935/5935
f 5926/5926 5945/5945 5930/5930
f 5662/5662 5582/5582 5855/5855
f 3982/3982 3474/3474 5079/5079
f 5156/5156 5252/5252 3270/3270
f 5856/5856 5747/5747 5663/5663
f 5865/5865 5586/5586 5467/5467
f 5509/5509 5380/5380 5458/5458
f 4928/4928 5004/5004 3470/3470
f 4547/4547 4472/4472 5082/5082
f 5583/5583 5510/5510 5460/5460
f 5381/5381 5204/5204 5459/5459
f 4469/4469 4250/4250 5072/5072
f 4916/4916 4934/4934 122/122
f 5073/5073 5157/5157 3271/3271
f 5857/5857 5652/5652 5720/5720
f 5721/5721 5750/5750 5860/5860
f 4991/4991 4917/4917 123/123
f 5254/5254 5412/5412 3285/3285
f 4485/4485 4569/4569 5083/5083
f 3475/3475 5007/5007 5084/5084
f 5081/5081 4570/4570 4620/4620
f 3476/3476 2840/2840 4935/4935
f 3287/3287 5546/5546 5863/5863
f 4602/4602 4548/4548 5085/5085
f 5080/5080 4619/4619 4603/4603
f 5415/5415 5547/5547 3288/3288
f 5208/5208 5129/5129 5468/5468
f 106/106 4929/4929 2221/2221
f 5074/5074 3272/3272 4479/4479
f 2220/2220 1725/1725 105/105
f 116/116 1457/1457 3283/3283
f 5545/5545 5654/5654 5858/5858
f 5044/5044 4987/4987 108/108
f 4257/4257 4480/4480 3273/3273
f 5075/5075 4251/4251 3979/3979
f 5461/5461 5043/5043 107/107
f 4930/4930 2837/2837 2222/2222
f 1808/1808 2204/2204 3274/3274
f 120/120 1728/1728 1332/1332
f 1455/1455 1809/1809 3275/3275
f 871/871 956/956 117/117
f 109/109 953/953 1215/1215
f 5128/5128 5045/5045 5462/5462
f 110/110 1217/1217 1456/1456
f 3279/3279 2206/2206 2733/2733
f 2735/2735 3064/3064 3289/3289
f 1330/1330 1027/1027 111/111
f 3506/3506 3885/3885 3277/3277
f 3276/3276 3884/3884 4259/4259
f 3278/3278 3062/3062 3507/3507
f 1028/1028 907/907 118/118
f 112/112 904/904 868/868
f 5343/5343 85/85 5337/5337
f 81/81 1/1 5332/5332
f 62/62 67/67 5336/5336
f 2/2 8/8 5334/5334
f 7/7 58/58 5333/5333
f 5590/5590 5249/5249 5453/5453
f 6692/6692 5588/5588 10486/10486
f 5591/5591 5454/5454 10488/10488
f 10492/10492 5457/5457 5877/5877
f 5455/5455 5851/5851 5876/5876
f 5875/5875 5853/5853 5929/5929
f 4082/4082 5090/5090 224/224
f 5171/5171 5087/5087 4074/4074
f 5376/5376 5497/5497 5447/5447
f 5495/5495 5605/5605 5445/5445
f 5845/5845 5607/5607 5694/5694
f 5695/5695 5755/5755 5846/5846
f 5448/5448 5218/5218 5377/5377
f 221/221 5088/5088 4997/4997
f 217/217 4996/4996 4907/4907
f 5450/5450 5608/5608 5847/5847
f 4906/4906 4958/4958 216/216
f 5449/5449 5111/5111 5217/5217
f 5754/5754 5704/5704 5848/5848
f 4959/4959 5015/5015 218/218
f 5360/5360 5172/5172 4077/4077
f 219/219 5016/5016 5451/5451
f 4076/4076 5506/5506 5359/5359
f 5014/5014 5112/5112 5452/5452
f 5852/5852 5708/5708 5621/5621
f 4081/4081 5854/5854 5622/5622
f 5620/5620 5508/5508 4083/4083
f 3747/3747 5891/5891 3296/3296
f 5887/5887 5881/5881 3293/3293
f 5884/5884 3649/3649 3422/3422
f 3304/3304 3292/3292 5878/5878
f 3423/3423 3305/3305 5885/5885
f 5481/5481 5592/5592 7096/7096
f 5589/5589 6694/6694 7090/7090
f 7078/7078 7091/7091 6693/6693
f 6929/6929 7080/7080 6695/6695
f 10564/10564 7446/7446 10119/10119
f 9827/9827 9999/9999 7447/7447
f 10120/10120 10253/10253 10566/10566
f 10567/10567 10256/10256 10595/10595
f 9629/9629 9684/9684 7007/7007
f 10001/10001 10124/10124 7455/7455
f 7456/7456 9686/9686 9829/9829
f 7465/7465 9630/9630 7008/7008
f 10593/10593 10370/10370 10437/10437
f 10592/10592 10478/10478 10669/10669
f 10481/10481 10529/10529 10671/10671
f 10252/10252 10368/10368 10591/10591
f 7006/7006 9683/9683 7454/7454
f 10438/10438 10479/10479 10594/10594
f 7005/7005 7450/7450 5439/5439
f 7458/7458 5603/5603 5443/5443
f 220/220 131/131 4078/4078
f 3674/3674 91/91 3648/3648
f 90/90 65/65 3644/3644
f 92/92 3675/3675 133/133
f 3672/3672 3805/3805 130/130
f 4079/4079 132/132 3806/3806
f 1015/1015 1097/1097 3294/3294
f 1013/1013 3290/3290 927/927
f 3302/3302 928/928 3291/3291
f 824/824 929/929 3418/3418
f 3420/3420 930/930 3303/3303
f 3419/3419 720/720 825/825
f 639/639 722/722 3642/3642
f 3641/3641 721/721 3421/3421
f 500/500 638/638 3640/3640
f 384/384 501/501 64/64
f 61/61 386/386 68/68
f 56/56 328/328 383/383
f 59/59 286/286 331/331
f 57/57 208/208 282/282
f 9/9 211/211 60/60
f 194/194 212/212 10/10
f 11/11 149/149 193/193
f 5/5 150/150 12/12
f 156/156 151/151 6/6
f 66/66 504/504 3646/3646
f 5397/5397 5182/5182 5598/5598
f 5600/5600 5183/5183 5441/5441
f 5874/5874 5936/5936 10489/10489
f 5937/5937 10609/10609 10490/10490
f 10606/10606 10581/10581 10484/10484
f 10487/10487 10584/10584 10555/10555
f 5176/5176 5248/5248 5475/5475
f 5474/5474 5247/5247 5587/5587
f 7076/7076 10582/10582 7087/7087
f 10585/10585 10610/10610 7094/7094
f 7077/7077 10553/10553 10583/10583
f 7079/7079 6927/6927 10554/10554
f 6928/6928 10491/10491 10556/10556
f 6926/6926 6691/6691 10485/10485
f 7462/7462 9708/9708 9627/9627
f 7412/7412 9706/9706 7461/7461
f 7415/7415 9826/9826 9711/9711
f 7316/7316 9820/9820 7411/7411
f 9928/9928 9821/9821 7318/7318
f 10043/10043 9926/9926 7088/7088
f 7089/7089 9927/9927 7317/7317
f 10095/10095 10044/10044 7092/7092
f 7093/7093 10186/10186 10096/10096
f 10608/10608 10296/10296 10185/10185
f 10623/10623 10298/10298 10611/10611
f 10382/10382 10299/10299 10624/10624
f 10619/10619 10424/10424 10379/10379
f 10622/10622 10465/10465 10425/10425
f 10675/10675 10463/10463 10621/10621
f 10535/10535 10466/10466 10677/10677
f 10676/10676 10539/10539 10532/10532
f 10670/10670 10540/10540 10678/10678
f 10526/10526 10536/10536 10667/10667
f 10612/10612 10187/10187 7095/7095
f 5601/5601 6216/6216 6167/6167
f 6546/6546 7273/7273 5892/5892
f 9427/9427 9661/9661 10565/10565
f 6200/6200 6286/6286 5599/5599
f 8318/8318 8995/8995 5895/5895
f 5897/5897 8996/8996 10571/10571
f 7276/7276 7777/7777 5896/5896
f 10570/10570 9490/9490 9213/9213
f 7776/7776 8317/8317 5894/5894
f 10569/10569 9690/9690 9618/9618
f 9617/9617 9489/9489 10568/10568
f 10572/10572 8997/8997 9428/9428
f 9663/9663 9691/9691 10573/10573
f 5602/5602 6287/6287 5900/5900
f 5594/5594 6364/6364 6215/6215
f 6285/6285 6550/6550 5898/5898
f 10563/10563 9209/9209 7445/7445
f 9211/9211 8825/8825 7452/7452
f 5596/5596 7448/7448 6365/6365
f 6166/6166 6197/6197 5595/5595
f 7799/7799 7540/7540 7460/7460
f 7457/7457 8826/8826 8235/8235
f 8234/8234 7795/7795 7449/7449
f 7539/7539 7166/7166 7459/7459
f 7451/7451 6802/6802 6366/6366
f 7164/7164 6803/6803 7453/7453
f 5888/5888 3744/3744 5861/5861
f 3746/3746 3286/3286 5862/5862
f 1106/1106 1191/1191 1386/1386
f 450/450 554/554 510/510
f 265/265 297/297 352/352
f 3396/3396 3465/3465 3185/3185
f 3991/3991 4155/4155 4129/4129
f 3093/3093 2940/2940 2789/2789
f 1489/1489 1617/1617 1606/1606
f 1091/1091 1597/1597 1175/1175
f 1596/1596 2253/2253 1174/1174
f 1207/1207 1503/1503 1197/1197
f 835/835 1223/1223 917/917
f 916/916 1222/1222 989/989
f 1170/1170 1729/1729 1203/1203
f 1102/1102 1240/1240 995/995
f 3324/3324 3718/3718 3565/3565
f 3719/3719 3987/3987 3778/3778
f 4126/4126 4150/4150 4225/4225
f 4151/4151 4304/4304 4227/4227
f 4226/4226 4303/4303 4291/4291
f 4305/4305 4350/4350 4292/4292
f 2939/2939 3090/3090 3326/3326
f 3779/3779 3988/3988 3917/3917
f 3992/3992 4127/4127 3922/3922
f 4349/4349 4332/4332 4326/4326
f 3567/3567 3723/3723 3781/3781
f 4328/4328 4333/4333 4287/4287
f 4336/4336 4269/4269 4290/4290
f 2327/2327 2571/2571 2247/2247
f 4295/4295 4354/4354 4331/4331
f 3566/3566 3780/3780 3485/3485
f 3329/3329 3568/3568 3488/3488
f 2941/2941 3328/3328 3197/3197
f 3199/3199 3330/3330 3489/3489
f 3921/3921 4130/4130 4060/4060
f 4128/4128 4230/4230 4061/4061
f 4229/4229 4296/4296 4167/4167
f 4329/4329 4288/4288 4241/4241
f 4069/4069 3925/3925 3875/3875
f 241/241 250/250 359/359
f 1945/1945 2124/2124 1923/1923
f 2127/2127 2330/2330 1702/1702
f 3486/3486 3782/3782 3669/3669
f 3783/3783 3919/3919 3670/3670
f 4175/4175 4070/4070 3877/3877
f 3874/3874 3923/3923 3834/3834
f 2570/2570 2785/2785 2380/2380
f 4293/4293 4327/4327 4243/4243
f 1947/1947 1926/1926 1813/1813
f 1927/1927 2128/2128 1703/1703
f 2248/2248 2574/2574 2384/2384
f 2909/2909 2942/2942 3198/3198
f 4057/4057 4228/4228 4166/4166
f 4246/4246 4330/4330 4242/4242
f 4240/4240 4289/4289 4191/4191
f 4286/4286 4262/4262 4185/4185
f 4263/4263 4174/4174 4035/4035
f 3929/3929 3614/3614 3702/3702
f 2331/2331 2249/2249 1704/1704
f 2790/2790 2943/2943 2689/2689
f 3918/3918 4056/4056 3829/3829
f 4163/4163 4294/4294 4245/4245
f 3835/3835 3926/3926 3700/3700
f 3703/3703 3615/3615 3466/3466
f 237/237 323/323 268/268
f 1686/1686 1814/1814 1646/1646
f 2381/2381 2786/2786 2686/2686
f 3668/3668 3920/3920 3833/3833
f 3831/3831 4059/4059 3960/3960
f 4190/4190 4268/4268 4038/4038
f 4177/4177 3880/3880 4039/4039
f 2688/2688 2944/2944 2911/2911
f 3484/3484 3666/3666 3542/3542
f 1540/1540 1634/1634 1688/1688
f 3195/3195 3483/3483 3207/3207
f 4058/4058 4164/4164 3961/3961
f 4165/4165 4247/4247 4098/4098
f 4145/4145 4244/4244 4238/4238
f 3468/3468 3127/3127 3188/3188
f 348/348 338/338 262/262
f 3210/3210 3487/3487 3547/3547
f 3959/3959 4162/4162 3953/3953
f 3699/3699 3464/3464 3554/3554
f 3463/3463 3393/3393 3553/3553
f 1603/1603 1638/1638 1543/1543
f 1649/1649 1816/1816 1479/1479
f 1812/1812 1924/1924 1472/1472
f 2908/2908 3196/3196 3208/3208
f 3667/3667 3830/3830 3545/3545
f 3754/3754 3828/3828 3957/3957
f 1602/1602 1542/1542 1487/1487
f 3546/3546 3832/3832 3759/3759
f 3956/3956 4168/4168 4101/4101
f 4100/4100 4248/4248 4054/4054
f 4249/4249 4148/4148 4055/4055
f 1541/1541 1692/1692 1405/1405
f 4237/4237 4187/4187 4114/4114
f 2246/2246 2382/2382 2046/2046
f 2385/2385 2690/2690 2580/2580
f 2687/2687 2907/2907 2576/2576
f 4186/4186 4036/4036 3905/3905
f 3394/3394 3183/3183 3307/3307
f 342/342 249/249 266/266
f 324/324 289/289 269/269
f 1687/1687 1648/1648 1404/1404
f 2910/2910 3211/3211 2862/2862
f 3206/3206 3541/3541 3118/3118
f 3755/3755 3958/3958 3950/3950
f 4147/4147 4239/4239 4118/4118
f 2906/2906 2858/2858 2575/2575
f 2859/2859 3209/3209 3121/3121
f 3385/3385 3544/3544 3758/3758
f 3126/3126 2854/2854 3184/3184
f 1663/1663 1612/1612 1486/1486
f 1699/1699 2245/2245 2045/2045
f 3955/3955 4099/4099 3894/3894
f 4116/4116 4189/4189 3999/3999
f 1488/1488 1544/1544 1357/1357
f 1354/1354 1539/1539 1402/1402
f 1403/1403 1647/1647 1414/1414
f 1650/1650 1477/1477 1417/1417
f 3120/3120 3543/3543 3384/3384
f 3383/3383 3756/3756 3660/3660
f 3757/3757 3952/3952 3661/3661
f 3889/3889 4097/4097 4052/4052
f 4053/4053 4144/4144 3974/3974
f 3998/3998 4188/4188 3907/3907
f 3514/3514 3836/3836 3701/3701
f 3520/3520 3704/3704 3557/3557
f 446/446 430/430 365/365
f 366/366 389/389 310/310
f 3976/3976 4149/4149 3942/3942
f 4146/4146 4115/4115 3937/3937
f 4034/4034 3876/3876 3682/3682
f 3311/3311 3186/3186 3033/3033
f 1478/1478 1928/1928 1035/1035
f 2383/2383 2577/2577 2048/2048
f 3387/3387 3665/3665 3412/3412
f 3664/3664 3954/3954 3770/3770
f 3767/3767 3951/3951 3891/3891
f 3878/3878 3837/3837 3515/3515
f 3187/3187 2857/2857 3036/3036
f 2852/2852 2584/2584 2743/2743
f 3938/3938 4117/4117 4000/4000
f 2742/2742 2583/2583 2499/2499
f 2586/2586 2288/2288 2501/2501
f 1938/1938 1796/1796 1720/1720
f 1925/1925 1700/1700 1030/1030
f 2579/2579 2864/2864 2367/2367
f 2986/2986 3119/3119 3382/3382
f 3908/3908 4037/4037 3683/3683
f 3032/3032 2855/2855 2744/2744
f 2083/2083 1937/1937 1718/1718
f 1668/1668 1491/1491 1445/1445
f 2861/2861 3122/3122 2990/2990
f 3386/3386 3410/3410 3080/3080
f 3411/3411 3663/3663 3540/3540
f 3555/3555 3395/3395 3310/3310
f 1797/1797 1666/1666 1443/1443
f 1446/1446 1492/1492 1325/1325
f 1490/1490 1358/1358 1323/1323
f 2051/2051 2578/2578 2365/2365
f 2627/2627 2860/2860 2987/2987
f 3662/3662 3768/3768 3537/3537
f 3888/3888 4051/4051 3973/3973
f 3306/3306 3031/3031 2997/2997
f 2366/2366 2863/2863 2629/2629
f 2985/2985 3381/3381 3077/3077
f 3539/3539 3769/3769 3639/3639
f 3766/3766 3890/3890 3634/3634
f 3892/3892 3975/3975 3707/3707
f 2500/2500 2287/2287 2162/2162
f 2289/2289 2084/2084 1931/1931
f 1717/1717 1793/1793 1480/1480
f 2677/2677 2988/2988 3083/3083
f 3163/3163 3408/3408 3535/3535
f 3637/3637 3893/3893 3708/3708
f 2362/2362 2625/2625 2088/2088
f 2628/2628 2989/2989 2678/2678
f 3079/3079 3409/3409 3164/3164
f 3536/3536 3635/3635 3424/3424
f 3710/3710 3977/3977 3680/3680
f 3939/3939 4002/4002 3751/3751
f 3997/3997 3906/3906 3725/3725
f 3519/3519 3556/3556 3312/3312
f 2166/2166 2291/2291 1933/1933
f 1481/1481 1795/1795 1441/1441
f 1326/1326 1360/1360 1213/1213
f 1701/1701 2049/2049 1552/1552
f 2047/2047 2363/2363 1779/1779
f 2364/2364 2091/2091 1781/1781
f 3165/3165 3538/3538 3425/3425
f 3978/3978 3940/3940 3681/3681
f 3748/3748 4001/4001 3727/3727
f 3308/3308 2999/2999 3105/3105
f 1415/1415 1474/1474 1070/1070
f 1554/1554 2050/2050 1782/1782
f 3679/3679 3941/3941 3753/3753
f 3684/3684 3879/3879 3264/3264
f 1932/1932 2087/2087 1723/1723
f 1234/1234 1442/1442 1322/1322
f 1355/1355 1406/1406 1108/1108
f 1109/1109 1407/1407 1071/1071
f 1408/1408 1416/1416 1072/1072
f 3881/3881 3521/3521 3269/3269
f 3518/3518 3309/3309 3108/3108
f 3035/3035 2746/2746 2646/2646
f 1482/1482 1444/1444 1235/1235
f 1209/1209 1356/1356 1009/1009
f 1359/1359 1112/1112 1012/1012
f 3426/3426 3638/3638 3337/3337
f 3332/3332 3636/3636 3705/3705
f 3034/3034 2645/2645 3001/3001
f 2502/2502 2165/2165 2280/2280
f 2090/2090 2626/2626 2674/2674
f 3709/3709 3678/3678 3400/3400
f 3726/3726 3909/3909 3450/3450
f 3910/3910 3687/3687 3453/3453
f 2745/2745 2503/2503 2644/2644
f 2647/2647 2504/2504 2283/2283
f 1722/1722 1485/1485 1567/1567
f 1208/1208 1008/1008 970/970
f 2093/2093 2679/2679 1986/1986
f 2676/2676 3081/3081 2359/2359
f 2633/2633 3082/3082 3168/3168
f 3169/3169 3427/3427 3338/3338
f 3333/3333 3706/3706 3397/3397
f 3752/3752 3728/3728 3495/3495
f 1238/1238 1324/1324 1211/1211
f 2356/2356 3078/3078 2630/2630
f 1483/1483 1236/1236 1319/1319
f 1034/1034 764/764 1475/1475
f 1705/1705 1555/1555 1036/1036
f 3166/3166 3335/3335 2890/2890
f 3676/3676 3749/3749 3363/3363
f 3100/3100 3516/3516 3106/3106
f 1802/1802 1929/1929 1719/1719
f 2631/2631 3167/3167 2891/2891
f 3334/3334 3398/3398 3236/3236
f 3364/3364 3750/3750 3492/3492
f 3452/3452 3686/3686 3226/3226
f 3685/3685 3265/3265 3227/3227
f 2284/2284 2167/2167 2014/2014
f 2011/2011 2164/2164 1803/1803
f 2163/2163 1930/1930 1804/1804
f 1473/1473 857/857 820/820
f 1983/1983 2675/2675 2358/2358
f 2993/2993 3336/3336 3237/3237
f 3399/3399 3677/3677 3365/3365
f 3266/3266 3517/3517 3101/3101
f 3107/3107 3000/3000 2761/2761
f 1805/1805 1721/1721 1564/1564
f 1316/1316 1233/1233 1151/1151
f 1783/1783 2092/2092 1419/1419
f 2089/2089 1982/1982 1418/1418
f 2889/2889 3331/3331 2992/2992
f 3494/3494 3729/3729 3456/3456
f 1239/1239 1212/1212 940/940
f 1010/1010 1111/1111 811/811
f 1110/1110 1073/1073 812/812
f 1075/1075 1476/1476 823/823
f 2998/2998 2643/2643 2526/2526
f 1484/1484 1320/1320 1565/1565
f 937/937 1210/1210 971/971
f 1551/1551 1780/1780 1121/1121
f 2634/2634 2893/2893 2296/2296
f 2525/2525 2642/2642 2279/2279
f 1123/1123 1784/1784 1420/1420
f 1421/1421 1985/1985 1513/1513
f 1984/1984 2360/2360 1868/1868
f 3493/3493 3455/3455 3251/3251
f 2763/2763 3002/3002 2528/2528
f 1318/1318 1152/1152 1168/1168
f 1154/1154 1237/1237 939/939
f 710/710 1074/1074 821/821
f 1511/1511 1981/1981 1865/1865
f 2295/2295 2892/2892 2391/2391
f 2994/2994 3239/3239 2936/2936
f 3076/3076 3402/3402 3368/3368
f 972/972 1011/1011 719/719
f 1076/1076 711/711 813/813
f 2361/2361 2635/2635 1771/1771
f 2392/2392 2894/2894 2996/2996
f 2938/2938 3240/3240 3075/3075
f 3238/3238 3401/3401 3072/3072
f 3362/3362 3490/3490 3052/3052
f 3053/3053 3491/3491 3250/3250
f 3047/3047 3454/3454 3229/3229
f 3102/3102 3110/3110 2818/2818
f 3109/3109 2762/2762 2819/2819
f 2281/2281 2013/2013 1778/1778
f 1370/1370 1566/1566 1321/1321
f 1032/1032 1553/1553 1122/1122
f 1867/1867 2357/2357 1767/1767
f 1768/1768 2632/2632 2293/2293
f 1584/1584 1562/1562 1365/1365
f 714/714 1007/1007 808/808
f 2390/2390 2995/2995 2569/2569
f 3071/3071 3366/3366 2983/2983
f 3231/3231 3267/3267 2557/2557
f 2527/2527 2282/2282 1944/1944
f 2010/2010 1800/1800 1586/1586
f 1801/1801 1563/1563 1587/1587
f 1366/1366 1317/1317 1167/1167
f 855/855 1471/1471 760/760
f 3249/3249 3451/3451 3044/3044
f 2278/2278 1772/1772 1940/1940
f 1369/1369 1169/1169 1149/1149
f 1165/1165 1150/1150 921/921
f 968/968 712/712 731/731
f 1512/1512 1866/1866 1374/1374
f 1372/1372 1864/1864 1766/1766
f 2991/2991 2934/2934 2565/2565
f 2984/2984 3367/3367 3054/3054
f 2136/2136 2524/2524 1941/1941
f 1776/1776 2012/2012 1589/1589
f 925/925 1153/1153 936/936
f 935/935 969/969 732/732
f 1031/1031 1119/1119 633/633
f 884/884 1423/1423 1514/1514
f 2937/2937 3073/3073 2702/2702
f 715/715 809/809 658/658
f 1770/1770 2294/2294 1848/1848
f 2388/2388 2566/2566 2150/2150
f 2567/2567 2935/2935 2700/2700
f 3070/3070 2980/2980 2619/2619
f 3268/3268 3104/3104 2255/2255
f 3103/3103 2820/2820 2254/2254
f 1124/1124 1422/1422 883/883
f 1509/1509 1371/1371 886/886
f 2292/2292 2386/2386 1845/1845
f 2703/2703 3074/3074 2624/2624
f 3049/3049 3248/3248 3042/3042
f 2816/2816 2759/2759 2469/2469
f 2758/2758 2522/2522 2231/2231
f 926/926 938/938 736/736
f 763/763 1033/1033 483/483
f 2153/2153 2568/2568 2704/2704
f 2523/2523 2135/2135 2232/2232
f 659/659 810/810 709/709
f 822/822 859/859 518/518
f 481/481 1029/1029 632/632
f 878/878 1510/1510 885/885
f 1765/1765 1844/1844 1425/1425
f 1846/1846 2387/2387 1711/1711
f 2389/2389 2152/2152 1715/1715
f 3051/3051 3043/3043 2707/2707
f 3048/3048 3230/3230 2415/2415
f 2310/2310 2815/2815 2468/2468
f 2234/2234 2470/2470 2760/2760
f 1144/1144 1166/1166 922/922
f 706/706 819/819 512/512
f 2147/2147 2699/2699 2094/2094
f 1061/1061 1367/1367 1147/1147
f 1120/1120 881/881 635/635
f 888/888 1373/1373 979/979
f 1375/1375 1769/1769 1428/1428
f 1427/1427 1847/1847 1714/1714
f 1588/1588 1368/1368 1062/1062
f 517/517 858/858 473/473
f 1376/1376 1429/1429 982/982
f 2098/2098 2701/2701 2623/2623
f 2981/2981 3050/3050 2706/2706
f 2711/2711 3045/3045 2464/2464
f 2465/2465 3046/3046 2412/2412
f 2411/2411 3228/3228 2555/2555
f 2252/2252 2817/2817 2312/2312
f 1777/1777 1590/1590 1264/1264
f 1261/1261 1585/1585 1059/1059
f 923/923 733/733 754/754
f 470/470 856/856 761/761
f 2621/2621 2982/2982 2305/2305
f 2304/2304 2979/2979 2705/2705
f 657/657 708/708 521/521
f 707/707 513/513 520/520
f 1710/1710 2148/2148 1493/1493
f 1755/1755 2139/2139 1677/1677
f 2137/2137 1942/1942 1675/1675
f 1943/1943 1775/1775 1676/1676
f 662/662 734/734 716/716
f 713/713 656/656 565/565
f 882/882 890/890 584/584
f 1426/1426 1712/1712 1001/1001
f 1494/1494 2149/2149 1706/1706
f 2095/2095 2620/2620 2015/2015
f 2554/2554 3263/3263 2250/2250
f 2235/2235 2138/2138 1754/1754
f 1060/1060 1145/1145 829/829
f 757/757 735/735 665/665
f 977/977 1424/1424 1000/1000
f 1709/1709 2151/2151 2099/2099
f 1674/1674 1773/1773 1349/1349
f 1774/1774 1262/1262 1350/1350
f 1146/1146 924/924 753/753
f 566/566 660/660 522/522
f 1005/1005 1716/1716 1128/1128
f 1713/1713 1496/1496 1126/1126
f 2017/2017 2622/2622 2307/2307
f 1916/1916 2314/2314 2472/2472
f 2233/2233 1753/1753 1681/1681
f 663/663 717/717 558/558
f 634/634 879/879 452/452
f 880/880 582/582 453/453
f 887/887 980/980 627/627
f 626/626 978/978 737/737
f 830/830 1148/1148 756/756
f 718/718 567/567 559/559
f 2309/2309 2708/2708 1970/1970
f 2709/2709 2100/2100 1971/1971
f 2101/2101 2710/2710 2463/2463
f 2471/2471 2236/2236 1912/1912
f 1757/1757 1679/1679 1462/1462
f 1678/1678 1353/1353 1461/1461
f 419/419 523/523 515/515
f 889/889 628/628 583/583
f 981/981 1002/1002 739/739
f 1497/1497 1707/1707 1390/1390
f 1708/1708 2097/2097 1391/1391
f 2096/2096 2018/2018 1389/1389
f 1394/1394 2020/2020 1576/1576
f 1913/1913 2237/2237 1682/1682
f 755/755 661/661 609/609
f 765/765 485/485 248/248
f 484/484 637/637 357/357
f 1125/1125 1495/1495 1037/1037
f 2016/2016 2306/2306 1640/1640
f 424/424 568/568 524/524
f 2019/2019 1642/1642 1574/1574
f 2308/2308 1969/1969 1641/1641
f 1352/1352 1263/1263 1157/1157
f 472/472 762/762 245/245
f 1498/1498 1392/1392 1040/1040
f 697/697 758/758 612/612
f 611/611 664/664 560/560
f 586/586 629/629 443/443
f 1004/1004 1127/1127 703/703
f 1973/1973 2102/2102 1608/1608
f 2466/2466 2413/2413 1787/1787
f 1915/1915 1683/1683 1500/1500
f 1460/1460 1351/1351 1156/1156
f 851/851 1265/1265 1064/1064
f 832/832 759/759 698/698
f 561/561 569/569 428/428
f 420/420 516/516 349/349
f 740/740 1006/1006 535/535
f 1129/1129 1041/1041 704/704
f 2315/2315 1917/1917 1733/1733
f 1160/1160 1266/1266 852/852
f 425/425 525/525 421/421
f 514/514 471/471 339/339
f 636/636 454/454 355/355
f 625/625 738/738 532/532
f 533/533 1003/1003 702/702
f 1643/1643 1972/1972 1397/1397
f 2105/2105 2467/2467 1790/1790
f 2416/2416 2556/2556 1599/1599
f 1063/1063 831/831 848/848
f 353/353 519/519 341/341
f 416/416 444/444 630/630
f 786/786 1038/1038 1388/1388
f 1459/1459 1155/1155 1241/1241
f 700/700 613/613 617/617
f 455/455 585/585 442/442
f 631/631 536/536 417/417
f 1395/1395 1577/1577 864/864
f 865/865 1578/1578 1183/1183
f 1575/1575 1644/1644 1180/1180
f 1400/1400 1974/1974 1610/1610
f 1758/1758 1463/1463 1246/1246
f 853/853 833/833 699/699
f 563/563 429/429 392/392
f 705/705 1042/1042 596/596
f 593/593 1039/1039 787/787
f 789/789 1393/1393 861/861
f 2104/2104 1789/1789 1571/1571
f 358/358 457/457 327/327
f 456/456 445/445 326/326
f 531/531 701/701 592/592
f 1609/1609 2103/2103 1570/1570
f 608/608 557/557 506/506
f 511/511 562/562 433/433
f 564/564 393/393 434/434
f 340/340 474/474 247/247
f 1182/1182 1645/1645 1399/1399
f 1788/1788 2414/2414 1598/1598
f 2313/2313 1731/1731 1176/1176
f 1385/1385 1756/1756 1244/1244
f 1158/1158 850/850 898/898
f 615/615 610/610 507/507
f 1179/1179 1398/1398 838/838
f 2558/2558 2256/2256 1600/1600
f 426/426 422/422 311/311
f 312/312 423/423 350/350
f 415/415 534/534 375/375
f 860/860 1181/1181 743/743
f 1401/1401 1611/1611 1226/1226
f 2251/2251 2311/2311 1172/1172
f 1730/1730 1914/1914 1499/1499
f 1680/1680 1752/1752 1383/1383
f 322/322 441/441 288/288
f 287/287 440/440 413/413
f 741/741 1178/1178 834/834
f 1607/1607 1568/1568 1221/1221
f 1572/1572 1791/1791 1068/1068
f 678/678 695/695 614/614
f 427/427 314/314 391/391
f 836/836 1396/1396 1224/1224
f 1785/1785 1595/1595 1089/1089
f 1245/1245 1159/1159 899/899
f 847/847 696/696 679/679
f 482/482 354/354 244/244
f 376/376 537/537 461/461
f 538/538 597/597 462/462
f 459/459 595/595 578/578
f 594/594 788/788 576/576
f 579/579 791/791 670/670
f 790/790 862/862 669/669
f 668/668 863/863 744/744
f 1225/1225 1569/1569 990/990
f 993/993 1573/1573 1069/1069
f 1205/1205 1732/1732 1501/1501
f 1384/1384 1242/1242 1103/1103
f 1243/1243 897/897 997/997
f 900/900 854/854 816/816
f 683/683 618/618 556/556
f 508/508 432/432 449/449
f 313/313 351/351 296/296
f 1066/1066 1786/1786 1090/1090
f 1502/1502 1685/1685 1195/1195
f 1684/1684 1387/1387 1194/1194
f 815/815 849/849 682/682
f 616/616 509/509 553/553
f 431/431 390/390 367/367
f 356/356 325/325 239/239
f 293/293 418/418 337/337
f 333/333 414/414 371/371
f 5953/5953 5941/5941 5950/5950
f 5940/5940 5931/5931 5946/5946
f 5942/5942 5956/5956 5901/5901
f 5954/5954 5869/5869 5899/5899
f 9597/9597 9556/9556 9729/9729
f 8959/8959 8841/8841 8973/8973
f 6398/6398 6412/6412 6419/6419
f 9154/9154 9587/9587 9644/9644
f 9787/9787 9321/9321 9697/9697
f 9322/9322 9333/9333 9699/9699
f 9332/9332 9643/9643 9696/9696
f 9730/9730 9669/9669 9851/9851
f 7391/7391 7225/7225 7161/7161
f 7224/7224 6908/6908 7162/7162
f 6770/6770 6575/6575 6610/6610
f 6572/6572 6448/6448 6608/6608
f 7160/7160 6909/6909 6873/6873
f 6907/6907 6769/6769 6871/6871
f 6446/6446 6404/6404 6454/6454
f 6456/6456 6405/6405 6426/6426
f 7845/7845 7772/7772 7638/7638
f 7771/7771 7389/7389 7639/7639
f 6607/6607 6447/6447 6514/6514
f 6403/6403 6399/6399 6423/6423
f 6411/6411 6499/6499 6418/6418
f 6515/6515 6450/6450 6455/6455
f 6501/6501 6613/6613 6654/6654
f 8195/8195 8109/8109 7842/7842
f 8110/8110 7770/7770 7844/7844
f 7498/7498 7388/7388 7158/7158
f 7155/7155 6868/6868 6995/6995
f 6869/6869 6768/6768 6606/6606
f 6726/6726 6781/6781 6831/6831
f 10414/10414 10373/10373 10450/10450
f 8843/8843 8669/8669 8914/8914
f 8488/8488 8108/8108 8194/8194
f 7387/7387 7496/7496 7636/7636
f 8974/8974 8842/8842 8913/8913
f 6872/6872 6609/6609 6818/6818
f 6604/6604 6510/6510 6659/6659
f 6396/6396 6416/6416 6480/6480
f 6653/6653 6611/6611 6723/6723
f 6615/6615 6780/6780 6727/6727
f 6827/6827 7131/7131 7036/7036
f 6421/6421 6395/6395 6479/6479
f 6417/6417 6498/6498 6554/6554
f 10397/10397 10359/10359 10415/10415
f 10332/10332 10444/10444 10452/10452
f 8196/8196 7843/7843 7975/7975
f 7846/7846 7641/7641 7981/7981
f 7497/7497 7157/7157 7425/7425
f 7159/7159 6998/6998 7194/7194
f 6996/6996 6870/6870 6816/6816
f 6813/6813 6605/6605 6660/6660
f 6661/6661 6512/6512 6673/6673
f 6535/6535 6452/6452 6424/6424
f 6502/6502 6655/6655 6557/6557
f 10355/10355 10364/10364 10399/10399
f 10446/10446 10351/10351 10404/10404
f 7978/7978 7640/7640 7680/7680
f 7637/7637 7499/7499 7678/7678
f 7424/7424 7156/7156 7193/7193
f 6482/6482 6420/6420 6558/6558
f 9007/9007 8961/8961 9101/9101
f 8963/8963 8975/8975 9103/9103
f 8363/8363 8197/8197 7977/7977
f 6817/6817 6663/6663 6860/6860
f 6511/6511 6453/6453 6537/6537
f 6425/6425 6483/6483 6531/6531
f 8490/8490 8198/8198 8752/8752
f 6997/6997 6814/6814 7057/7057
f 7056/7056 6815/6815 6859/6859
f 6536/6536 6422/6422 6530/6530
f 10333/10333 10396/10396 10447/10447
f 10394/10394 10350/10350 10445/10445
f 9178/9178 9043/9043 9193/9193
f 7679/7679 7500/7500 7426/7426
f 6858/6858 6662/6662 6674/6674
f 6672/6672 6513/6513 6538/6538
f 7038/7038 7134/7134 7329/7329
f 7136/7136 7487/7487 7331/7331
f 7486/7486 7731/7731 7655/7655
f 9044/9044 9179/9179 9039/9039
f 9047/9047 9010/9010 9195/9195
f 9184/9184 9011/9011 9104/9104
f 7190/7190 6994/6994 7055/7055
f 7327/7327 7483/7483 7559/7559
f 7563/7563 7489/7489 7656/7656
f 9012/9012 9037/9037 9136/9136
f 8916/8916 8672/8672 8493/8493
f 8199/8199 8365/8365 8753/8753
f 7868/7868 7732/7732 7965/7965
f 10237/10237 10232/10232 10325/10325
f 10354/10354 10315/10315 10363/10363
f 10405/10405 10293/10293 10339/10339
f 9139/9139 9038/9038 9176/9176
f 9191/9191 9006/9006 9182/9182
f 8972/8972 8912/8912 9099/9099
f 6671/6671 6534/6534 6730/6730
f 6528/6528 6478/6478 6628/6628
f 6481/6481 6555/6555 6594/6594
f 6722/6722 6826/6826 7100/7100
f 7037/7037 7328/7328 7241/7241
f 7653/7653 7729/7729 7867/7867
f 8949/8949 9013/9013 9140/9140
f 7979/7979 7682/7682 7822/7822
f 7681/7681 7427/7427 7605/7605
f 7423/7423 7191/7191 7600/7600
f 7601/7601 7192/7192 7368/7368
f 6539/6539 6532/6532 6732/6732
f 6631/6631 6484/6484 6598/6598
f 8209/8209 8578/8578 8476/8476
f 8915/8915 8491/8491 9173/9173
f 7195/7195 7059/7059 7372/7372
f 6861/6861 6675/6675 6837/6837
f 6670/6670 6729/6729 6832/6832
f 6830/6830 7039/7039 7103/7103
f 8151/8151 8206/8206 8474/8474
f 9058/9058 8952/8952 9142/9142
f 8489/8489 8750/8750 9241/9241
f 8366/8366 7980/7980 8310/8310
f 7976/7976 7818/7818 8307/8307
f 7062/7062 6862/6862 6970/6970
f 6857/6857 6833/6833 6967/6967
f 7869/7869 7967/7967 8153/8153
f 7964/7964 8207/8207 8152/8152
f 8580/8580 8732/8732 8767/8767
f 8762/8762 8729/8729 8895/8895
f 8893/8893 8948/8948 9054/9054
f 7819/7819 7677/7677 7603/7603
f 6733/6733 6533/6533 6684/6684
f 8475/8475 8577/8577 8763/8763
f 9174/9174 8492/8492 9244/9244
f 6681/6681 6529/6529 6629/6629
f 6553/6553 6652/6652 6819/6819
f 7099/7099 7035/7035 7239/7239
f 9183/9183 9102/9102 9415/9415
f 7371/7371 7058/7058 7419/7419
f 7060/7060 6969/6969 7205/7205
f 6597/6597 6556/6556 6824/6824
f 8910/8910 9280/9280 9098/9098
f 9281/9281 8911/8911 9172/9172
f 8749/8749 8362/8362 8876/8876
f 8308/8308 7820/7820 8286/8286
f 7420/7420 7061/7061 7206/7206
f 7043/7043 6968/6968 6834/6834
f 8760/8760 8894/8894 9055/9055
f 9056/9056 9137/9137 9197/9197
f 9138/9138 9262/9262 9198/9198
f 9264/9264 9141/9141 9177/9177
f 9341/9341 9192/9192 9413/9413
f 9418/9418 9196/9196 9185/9185
f 8364/8364 8309/8309 8879/8879
f 7604/7604 7369/7369 7649/7649
f 6966/6966 7041/7041 7203/7203
f 7045/7045 6835/6835 6934/6934
f 6836/6836 6735/6735 6935/6935
f 6630/6630 6595/6595 6810/6810
f 6656/6656 6728/6728 6992/6992
f 7438/7438 7332/7332 7564/7564
f 9180/9180 9194/9194 9343/9343
f 7823/7823 7606/7606 7996/7996
f 6734/6734 6683/6683 6886/6886
f 6685/6685 6632/6632 6850/6850
f 6725/6725 7102/7102 7261/7261
f 7940/7940 7870/7870 8143/8143
f 8142/8142 7871/7871 8155/8155
f 9181/9181 9344/9344 9267/9267
f 9100/9100 9284/9284 9414/9414
f 8287/8287 7821/7821 7993/7993
f 7989/7989 7602/7602 7648/7648
f 7651/7651 7370/7370 7418/7418
f 6731/6731 6882/6882 6932/6932
f 6682/6682 6846/6846 6883/6883
f 6811/6811 6596/6596 6823/6823
f 7941/7941 7657/7657 7872/7872
f 6825/6825 6657/6657 7034/7034
f 7242/7242 7330/7330 7437/7437
f 7435/7435 7560/7560 7713/7713
f 7561/7561 7654/7654 7935/7935
f 8761/8761 9057/9057 9253/9253
f 9199/9199 9263/9263 9303/9303
f 6849/6849 6633/6633 6812/6812
f 7562/7562 7939/7939 7718/7718
f 8554/8554 8478/8478 8727/8727
f 8477/8477 8765/8765 8728/8728
f 8766/8766 9260/9260 8958/8958
f 9257/9257 9059/9059 9200/9200
f 7992/7992 7650/7650 7739/7739
f 7204/7204 7044/7044 7383/7383
f 7040/7040 6931/6931 7198/7198
f 6930/6930 6881/6881 7046/7046
f 7032/7032 6658/6658 6993/6993
f 8140/8140 8154/8154 8556/8556
f 8150/8150 8473/8473 8551/8551
f 8726/8726 8764/8764 8956/8956
f 7422/7422 7207/7207 7385/7385
f 7381/7381 7042/7042 7199/7199
f 9242/9242 8751/8751 8877/8877
f 8285/8285 7990/7990 8622/8622
f 8080/8080 7991/7991 7738/7738
f 7652/7652 7421/7421 7740/7740
f 6809/6809 6822/6822 6949/6949
f 7436/7436 7715/7715 7621/7621
f 9201/9201 9306/9306 9261/9261
f 9340/9340 9411/9411 9573/9573
f 8311/8311 8288/8288 8627/8627
f 8626/8626 7995/7995 8402/8402
f 7200/7200 6933/6933 7048/7048
f 7257/7257 7098/7098 7468/7468
f 9412/9412 9283/9283 9545/9545
f 9170/9170 9240/9240 9778/9778
f 8306/8306 8621/8621 8875/8875
f 8400/8400 7994/7994 8081/8081
f 7735/7735 7417/7417 7673/7673
f 7416/7416 7380/7380 7672/7672
f 7049/7049 6884/6884 7213/7213
f 6880/6880 6845/6845 7104/7104
f 6948/6948 6821/6821 7071/7071
f 6820/6820 7029/7029 7070/7070
f 7101/7101 7243/7243 7470/7470
f 7240/7240 7434/7434 7619/7619
f 9305/9305 9265/9265 9516/9516
f 9266/9266 9342/9342 9518/9518
f 9279/9279 9171/9171 9647/9647
f 7212/7212 6885/6885 7109/7109
f 6844/6844 6808/6808 6947/6947
f 7030/7030 6987/6987 7363/7363
f 6989/6989 6724/6724 7259/7259
f 7938/7938 8139/8139 8334/8334
f 9544/9544 9282/9282 9648/9648
f 9243/9243 8880/8880 9314/9314
f 7382/7382 7596/7596 7675/7675
f 7384/7384 7202/7202 7598/7598
f 7467/7467 7238/7238 7618/7618
f 7714/7714 7936/7936 8048/8048
f 8050/8050 7937/7937 8333/8333
f 8141/8141 8555/8555 8336/8336
f 8780/8780 8724/8724 8954/8954
f 9519/9519 9345/9345 9577/9577
f 8079/8079 7736/7736 7958/7958
f 7737/7737 7674/7674 7959/7959
f 7108/7108 6848/6848 7123/7123
f 9419/9419 9547/9547 9767/9767
f 7594/7594 7196/7196 7520/7520
f 6847/6847 6950/6950 7121/7121
f 8957/8957 9258/9258 9146/9146
f 9255/9255 9304/9304 9566/9566
f 9649/9649 9175/9175 9782/9782
f 7197/7197 7047/7047 7208/7208
f 8552/8552 8725/8725 8781/8781
f 9561/9561 9302/9302 9513/9513
f 9714/9714 9416/9416 9762/9762
f 9126/9126 8624/8624 8839/8839
f 7960/7960 7676/7676 7597/7597
f 7523/7523 7201/7201 7211/7211
f 7124/7124 6951/6951 7075/7075
f 7074/7074 7031/7031 7335/7335
f 7716/7716 7954/7954 7623/7623
f 8878/8878 8625/8625 9128/9128
f 8623/8623 8399/8399 8838/8838
f 7107/7107 7122/7122 7323/7323
f 7717/7717 8051/8051 7955/7955
f 8335/8335 8553/8553 8783/8783
f 9254/9254 9562/9562 9456/9456
f 9576/9576 9417/9417 9715/9715
f 9316/9316 8881/8881 9130/9130
f 8403/8403 8084/8084 8607/8607
f 7210/7210 7105/7105 7359/7359
f 8052/8052 8338/8338 8541/8541
f 8401/8401 8605/8605 8840/8840
f 7360/7360 7106/7106 7322/7322
f 8782/8782 8955/8955 9145/9145
f 8606/8606 8083/8083 8482/8482
f 8082/8082 7963/7963 8483/8483
f 7961/7961 7599/7599 8010/8010
f 7595/7595 7522/7522 7944/7944
f 7524/7524 7214/7214 7610/7610
f 7624/7624 7956/7956 7932/7932
f 9259/9259 9459/9459 9339/9339
f 9813/9813 9574/9574 9712/9712
f 9783/9783 9245/9245 9911/9911
f 8008/8008 7593/7593 7942/7942
f 7209/7209 7358/7358 7608/7608
f 7120/7120 7072/7072 7439/7439
f 8053/8053 8542/8542 8161/8161
f 8539/8539 8337/8337 8785/8785
f 9144/9144 9256/9256 9337/9337
f 9515/9515 9773/9773 9564/9564
f 9774/9774 9517/9517 9816/9816
f 9514/9514 9575/9575 9814/9814
f 8835/8835 8602/8602 9022/9022
f 7325/7325 7125/7125 7442/7442
f 7953/7953 8049/8049 8157/8157
f 9168/9168 8786/8786 9147/9147
f 9765/9765 9546/9546 9651/9651
f 9246/9246 9315/9315 9912/9912
f 9473/9473 9125/9125 8836/8836
f 7962/7962 8011/8011 8484/8484
f 7521/7521 7607/7607 7790/7790
f 7336/7336 7033/7033 7367/7367
f 7471/7471 7625/7625 8091/8091
f 8160/8160 8540/8540 8466/8466
f 9716/9716 9763/9763 9946/9946
f 7947/7947 7525/7525 7793/7793
f 7357/7357 7321/7321 7701/7701
f 7440/7440 7073/7073 7333/7333
f 8784/8784 9167/9167 8934/8934
f 9567/9567 9777/9777 9748/9748
f 9474/9474 8837/8837 9023/9023
f 8485/8485 8012/8012 8422/8422
f 8009/8009 7943/7943 8418/8418
f 7364/7364 6988/6988 8430/8430
f 9164/9164 9143/9143 9335/9335
f 9650/9650 9781/9781 10023/10023
f 9313/9313 9127/9127 9876/9876
f 7611/7611 7362/7362 7811/7811
f 7809/7809 7361/7361 7703/7703
f 6990/6990 7260/7260 8092/8092
f 7258/7258 7469/7469 8086/8086
f 9776/9776 9818/9818 9902/9902
f 9815/9815 9713/9713 9944/9944
f 9878/9878 9129/9129 9479/9479
f 9025/9025 8603/8603 9002/9002
f 9003/9003 8604/8604 8481/8481
f 7334/7334 7365/7365 7764/7764
f 8085/8085 7620/7620 8044/8044
f 8046/8046 7622/7622 7931/7931
f 8538/8538 8779/8779 8931/8931
f 9338/9338 9458/9458 9614/9614
f 9457/9457 9565/9565 9613/9613
f 7791/7791 7609/7609 7807/7807
f 9906/9906 9312/9312 9873/9873
f 7706/7706 7324/7324 7722/7722
f 7326/7326 7443/7443 7723/7723
f 7337/7337 7768/7768 7895/7895
f 7933/7933 7957/7957 8162/8162
f 8467/8467 8543/8543 8813/8813
f 8544/8544 8935/8935 8814/8814
f 9334/9334 9612/9612 9530/9530
f 9942/9942 9761/9761 10088/10088
f 9026/9026 9005/9005 9357/9357
f 9004/9004 8486/8486 9076/9076
f 8479/8479 8420/8420 8795/8795
f 8421/8421 7945/7945 8213/8213
f 7946/7946 7794/7794 8218/8218
f 8214/8214 7792/7792 7808/7808
f 7444/7444 7338/7338 7896/7896
f 6991/6991 8093/8093 8435/8435
f 9766/9766 9652/9652 10025/10025
f 8480/8480 8797/8797 9075/9075
f 8933/8933 9166/9166 9090/9090
f 9165/9165 9336/9336 9531/9531
f 9563/9563 9745/9745 9611/9611
f 9817/9817 9945/9945 10050/10050
f 9764/9764 10024/10024 10093/10093
f 9475/9475 9024/9024 9354/9354
f 8216/8216 7810/7810 8348/8348
f 8122/8122 7806/7806 7702/7702
f 8810/8810 8932/8932 9089/9089
f 9084/9084 9163/9163 9307/9307
f 9903/9903 9819/9819 10051/10051
f 9875/9875 9478/9478 9995/9995
f 8350/8350 7812/7812 8123/8123
f 7720/7720 7441/7441 7893/7893
f 7765/7765 7366/7366 8433/8433
f 9746/9746 9775/9775 9901/9901
f 9352/9352 9001/9001 9071/9071
f 8794/8794 8419/8419 8885/8885
f 8417/8417 8212/8212 8882/8882
f 7704/7704 7721/7721 8058/8058
f 7930/7930 8159/8159 8549/8549
f 9615/9615 9747/9747 9883/9883
f 9994/9994 9477/9477 9954/9954
f 8698/8698 8215/8215 8347/8347
f 8047/8047 7934/7934 8550/8550
f 8468/8468 8812/8812 8736/8736
f 9311/9311 9169/9169 9533/9533
f 9532/9532 9616/9616 9812/9812
f 9884/9884 9749/9749 9904/9904
f 9943/9943 10090/10090 10139/10139
f 10134/10134 9784/9784 10221/10221
f 9480/9480 9356/9356 9722/9722
f 9355/9355 9074/9074 9503/9503
f 8887/8887 8217/8217 8699/8699
f 8119/8119 7700/7700 8313/8313
f 7705/7705 8057/8057 8316/8316
f 8055/8055 7719/7719 7891/7891
f 8223/8223 7767/7767 8434/8434
f 8158/8158 8464/8464 8666/8666
f 9809/9809 9610/9610 9880/9880
f 10021/10021 9779/9779 10133/10133
f 9476/9476 9719/9719 9953/9953
f 9073/9073 8793/8793 9235/9235
f 9239/9239 8796/8796 8886/8886
f 8545/8545 8156/8156 8661/8661
f 9780/9780 9908/9908 10218/10218
f 8043/8043 8546/8546 8569/8569
f 9346/9346 9085/9085 9467/9467
f 9087/9087 9310/9310 9470/9470
f 9717/9717 9353/9353 9501/9501
f 8345/8345 8121/8121 8713/8713
f 10047/10047 9941/9941 10136/10136
f 9499/9499 9072/9072 9233/9233
f 8696/8696 8346/8346 8981/8981
f 8986/8986 8349/8349 8715/8715
f 8712/8712 8120/8120 8312/8312
f 7892/7892 7766/7766 8325/8325
f 8323/8323 7763/7763 8219/8219
f 8667/8667 8465/8465 8734/8734
f 9527/9527 9807/9807 9803/9803
f 10078/10078 9900/9900 10117/10117
f 9898/9898 10048/10048 10113/10113
f 9952/9952 9718/9718 9947/9947
f 8809/8809 9088/9088 9134/9134
f 9132/9132 9086/9086 9347/9347
f 9469/9469 9308/9308 9751/9751
f 9309/9309 9529/9529 9754/9754
f 9881/9881 9899/9899 10076/10076
f 10020/10020 10132/10132 10246/10246
f 9502/9502 9238/9238 9623/9623
f 9237/9237 8884/8884 8984/8984
f 8883/8883 8697/8697 8983/8983
f 8735/8735 8811/8811 9031/9031
f 9528/9528 9805/9805 9752/9752
f 10016/10016 9882/9882 10077/10077
f 10092/10092 10022/10022 10249/10249
f 9949/9949 9721/9721 9923/9923
f 9720/9720 9504/9504 9922/9922
f 8314/8314 8056/8056 8657/8657
f 8059/8059 7894/7894 8620/8620
f 9027/9027 8808/8808 9131/9131
f 9808/9808 9879/9879 10015/10015
f 8716/8716 8315/8315 8659/8659
f 8655/8655 8054/8054 8615/8615
f 8088/8088 8045/8045 8571/8571
f 10116/10116 10049/10049 10140/10140
f 9907/9907 9874/9874 10265/10265
f 9877/9877 9997/9997 10267/10267
f 9234/9234 8982/8982 9507/9507
f 7890/7890 8322/8322 8616/8616
f 9910/9910 10268/10268 10335/10335
f 9996/9996 9955/9955 10224/10224
f 9918/9918 9500/9500 9913/9913
f 9505/9505 9626/9626 9917/9917
f 9622/9622 9236/9236 9508/9508
f 8987/8987 8717/8717 9231/9231
f 9806/9806 9810/9810 9977/9977
f 9981/9981 9811/9811 10019/10019
f 10318/10318 10131/10131 10217/10217
f 9956/9956 9950/9950 10191/10191
f 9108/9108 8714/8714 8656/8656
f 8327/8327 8221/8221 8908/8908
f 8662/8662 8733/8733 9028/9028
f 9510/9510 8985/8985 9230/9230
f 9227/9227 8711/8711 9105/9105
f 9300/9300 9135/9135 9351/9351
f 9750/9750 9804/9804 9975/9975
f 10114/10114 10137/10137 10240/10240
f 10138/10138 10089/10089 10242/10242
f 10091/10091 10248/10248 10243/10243
f 8618/8618 8324/8324 8891/8891
f 9471/9471 9756/9756 9801/9801
f 10251/10251 10135/10135 10323/10323
f 10269/10269 9998/9998 10225/10225
f 9957/9957 10192/10192 10226/10226
f 10193/10193 9951/9951 10154/10154
f 9948/9948 9921/9921 10153/10153
f 9916/9916 9624/9624 9984/9984
f 9232/9232 9109/9109 9609/9609
f 8658/8658 8619/8619 9160/9160
f 10079/10079 10118/10118 10230/10230
f 9110/9110 8660/8660 9162/9162
f 8892/8892 8326/8326 8906/8906
f 8547/8547 8665/8665 9119/9119
f 9029/9029 9133/9133 9297/9297
f 9670/9670 9472/9472 9802/9802
f 10018/10018 10081/10081 10165/10165
f 10163/10163 10080/10080 10231/10231
f 10115/10115 10241/10241 10228/10228
f 10219/10219 9909/9909 10374/10374
f 9625/9625 9512/9512 9986/9986
f 9506/9506 9228/9228 9768/9768
f 8907/8907 8222/8222 9155/9155
f 8220/8220 8431/8431 9153/9153
f 9117/9117 8663/8663 9247/9247
f 8664/8664 9030/9030 9248/9248
f 9348/9348 9468/9468 9667/9667
f 10190/10190 10150/10150 10286/10286
f 9985/9985 9511/9511 10030/10030
f 9229/9229 9607/9607 9770/9770
f 8614/8614 8888/8888 9317/9317
f 10151/10151 9920/9920 10195/10195
f 9919/9919 9914/9914 10194/10194
f 9509/9509 9769/9769 10026/10026
f 9159/9159 8617/8617 9320/9320
f 8090/8090 8572/8572 9553/9553
f 8573/8573 8548/8548 9121/9121
f 9798/9798 9755/9755 9961/9961
f 9753/9753 9976/9976 9959/9959
f 9980/9980 10017/10017 10164/10164
f 10222/10222 10188/10188 10347/10347
f 10197/10197 9915/9915 9982/9982
f 9606/9606 9107/9107 9637/9637
f 9106/9106 9158/9158 9636/9636
f 8574/8574 9122/9122 9063/9063
f 9251/9251 9032/9032 9301/9301
f 10321/10321 10220/10220 10377/10377
f 10372/10372 9905/9905 10330/10330
f 10263/10263 10223/10223 10348/10348
f 10284/10284 10149/10149 10289/10289
f 8570/8570 9060/9060 9549/9549
f 10320/10320 10376/10376 10418/10418
f 10152/10152 10198/10198 10292/10292
f 10074/10074 9771/9771 9608/9608
f 9638/9638 9161/9161 9497/9497
f 8889/8889 8905/8905 9330/9330
f 9298/9298 9349/9349 9557/9557
f 9350/9350 9668/9668 9558/9558
f 10142/10142 9978/9978 10161/10161
f 10314/10314 10245/10245 10361/10361
f 10244/10244 10250/10250 10362/10362
f 10247/10247 10319/10319 10360/10360
f 10331/10331 10264/10264 10393/10393
f 10266/10266 10352/10352 10395/10395
f 10349/10349 10189/10189 10285/10285
f 9319/9319 8890/8890 9331/9331
f 8432/8432 8089/8089 9588/9588
f 9586/9586 8087/8087 9550/9550
f 9249/9249 9299/9299 9559/9559
f 10227/10227 10239/10239 10313/10313
f 10199/10199 9987/9987 10281/10281
f 9983/9983 10028/10028 10279/10279
f 10031/10031 9772/9772 10075/10075
f 9495/9495 9157/9157 9318/9318
f 9551/9551 9062/9062 9536/9536
f 10180/10180 10029/10029 10072/10072
f 9250/9250 9560/9560 9601/9601
f 9797/9797 9958/9958 10036/10036
f 9960/9960 9979/9979 10146/10146
f 10162/10162 10229/10229 10236/10236
f 10288/10288 10294/10294 10409/10409
f 9634/9634 9494/9494 9862/9862
f 8909/8909 9156/9156 9646/9646
f 9152/9152 8429/8429 9584/9584
f 9123/9123 9252/9252 9603/9603
f 9555/9555 9666/9666 9728/9728
f 10365/10365 10322/10322 10419/10419
f 10353/10353 10287/10287 10406/10406
f 10337/10337 10291/10291 10277/10277
f 10290/10290 10196/10196 10278/10278
f 10276/10276 10027/10027 10178/10178
f 10071/10071 9605/9605 9936/9936
f 9604/9604 9635/9635 9935/9935
f 9329/9329 8904/8904 9641/9641
f 9061/9061 9118/9118 9534/9534
f 9940/9940 9639/9639 9866/9866
f 9790/9790 9498/9498 9323/9323
f 9537/9537 9124/9124 9543/9543
f 9541/9541 9120/9120 9600/9600
f 9671/9671 9800/9800 9856/9856
f 10326/10326 10233/10233 10317/10317
f 9864/9864 9496/9496 9788/9788
f 9852/9852 9799/9799 10039/10039
f 10041/10041 9962/9962 10147/10147
f 10166/10166 10238/10238 10148/10148
f 10327/10327 10316/10316 10356/10356
f 10375/10375 10334/10334 10454/10454
f 5395/5395 5597/5597 5868/5868
f 5593/5593 5893/5893 5867/5867
f 5177/5177 5479/5479 5184/5184
f 5480/5480 5442/5442 5185/5185
f 1377/1377 952/952 1333/1333
f 1313/1313 1605/1605 1615/1615
f 2328/2328 2223/2223 2572/2572
f 869/869 905/905 1315/1315
f 4545/4545 4302/4302 4468/4468
f 4254/4254 4471/4471 4154/4154
f 2326/2326 1724/1724 2218/2218
f 2125/2125 1328/1328 1726/1726
f 2836/2836 2784/2784 2219/2219
f 1364/1364 1314/1314 906/906
f 1327/1327 1946/1946 1545/1545
f 1026/1026 1329/1329 1549/1549
f 902/902 1024/1024 1344/1344
f 3990/3990 4253/4253 4153/4153
f 3989/3989 3721/3721 4252/4252
f 3089/3089 3469/3469 3325/3325
f 3327/3327 3473/3473 3722/3722
f 2788/2788 2573/2573 2224/2224
f 2126/2126 1727/1727 2329/2329
f 1639/1639 908/908 1348/1348
f 3092/3092 2787/2787 2839/2839
f 1949/1949 1817/1817 1550/1550
f 2129/2129 1948/1948 1331/1331
f 1347/1347 1548/1548 1690/1690
f 903/903 1637/1637 1361/1361
f 1815/1815 1691/1691 1546/1546
f 1025/1025 1547/1547 1346/1346
f 1689/1689 1636/1636 1345/1345
f 1635/1635 1601/1601 1362/1362
f 1363/1363 1604/1604 1312/1312
f 1522/1522 1798/1798 1218/1218
f 4335/4335 4351/4351 4617/4617
f 4352/4352 4600/4600 4618/4618
f 4353/4353 4307/4307 4601/4601
f 4308/4308 4152/4152 4470/4470
f 1616/1616 1667/1667 1337/1337
f 1794/1794 1936/1936 1216/1216
f 1311/1311 1614/1614 867/867
f 1380/1380 1335/1335 1665/1665
f 1381/1381 1799/1799 1523/1523
f 2075/2075 2086/2086 2290/2290
f 2474/2474 2286/2286 2581/2581
f 2582/2582 2747/2747 2475/2475
f 2473/2473 2071/2071 2285/2285
f 2585/2585 2853/2853 2750/2750
f 3006/3006 2851/2851 3124/3124
f 2751/2751 2856/2856 3008/3008
f 3462/3462 3313/3313 3123/3123
f 3613/3613 3928/3928 3850/3850
f 4256/4256 3924/3924 4068/4068
f 1336/1336 954/954 870/870
f 1454/1454 1935/1935 1807/1807
f 1219/1219 1939/1939 1458/1458
f 2732/2732 2205/2205 2478/2478
f 3007/3007 3317/3317 3508/3508
f 1214/1214 1379/1379 1521/1521
f 866/866 1613/1613 1334/1334
f 955/955 1382/1382 1220/1220
f 2085/2085 2074/2074 1811/1811
f 1664/1664 1792/1792 1378/1378
f 2082/2082 1806/1806 1934/1934
f 3061/3061 3003/3003 3504/3504
f 2073/2073 2207/2207 1810/1810
f 2476/2476 2203/2203 2072/2072
f 2749/2749 2731/2731 2477/2477
f 3004/3004 2730/2730 2748/2748
f 3009/3009 3063/3063 2734/2734
f 3005/3005 3125/3125 3314/3314
f 3851/3851 4260/4260 3886/3886
f 4483/4483 4261/4261 4071/4071
f 4258/4258 3849/3849 3927/3927
f 4567/4567 4481/4481 4267/4267
f 4615/4615 4568/4568 4266/4266
f 3505/3505 3316/3316 3883/3883
f 3882/3882 3315/3315 3612/3612
f 4072/4072 4178/4178 4484/4484
f 4264/4264 4482/4482 4176/4176
f 3852/3852 3887/3887 3617/3617
f 3616/3616 3318/3318 3467/3467
f 2838/2838 3472/3472 3091/3091
f 3471/3471 3980/3980 3720/3720
f 3724/3724 3981/3981 4255/4255
f 4546/4546 4599/4599 4306/4306
f 4334/4334 4616/4616 4265/4265
f 5089/5089 5174/5174 5078/5078
f 5077/5077 5173/5173 5158/5158
f 5159/5159 5175/5175 5255/5255
f 5170/5170 5358/5358 5253/5253
f 5256/5256 5362/5362 5414/5414
f 5361/5361 5507/5507 5413/5413
f 5411/5411 5505/5505 5543/5543
f 5504/5504 5617/5617 5542/5542
f 5544/5544 5618/5618 5653/5653
f 5619/5619 5703/5703 5655/5655
f 5656/5656 5706/5706 5723/5723
f 5722/5722 5705/5705 5751/5751
f 5707/5707 5756/5756 5752/5752
f 5753/5753 5692/5692 5748/5748
f 5749/5749 5693/5693 5664/5664
f 5696/5696 5609/5609 5665/5665
f 5666/5666 5610/5610 5585/5585
f 5584/5584 5604/5604 5511/5511
f 5606/5606 5496/5496 5513/5513
f 5512/5512 5494/5494 5383/5383
f 5498/5498 5378/5378 5384/5384
f 5379/5379 5219/5219 5385/5385
f 5382/5382 5215/5215 5206/5206
f 5216/5216 5110/5110 5207/5207
f 5205/5205 5108/5108 5126/5126
f 5127/5127 5109/5109 5042/5042
f 5113/5113 5017/5017 5046/5046
f 5047/5047 5018/5018 4990/4990
f 5013/5013 4956/4956 4988/4988
f 4989/4989 4960/4960 4915/4915
f 4957/4957 4903/4903 4913/4913
f 4914/4914 4904/4904 4932/4932
f 4905/4905 4995/4995 4933/4933
f 4931/4931 4993/4993 5005/5005
f 5006/5006 4994/4994 5076/5076
f 4992/4992 5086/5086 5071/5071
f 7769/7769 7274/7274 7386/7386
f 8824/8824 9210/9210 8575/8575
f 8237/8237 8827/8827 8210/8210
f 6829/6829 6777/6777 6805/6805
f 6368/6368 6807/6807 6778/6778
f 6806/6806 7165/7165 7309/7309
f 6369/6369 6504/6504 6218/6218
f 6614/6614 6370/6370 6779/6779
f 8897/8897 9215/9215 9493/9493
f 9619/9619 8951/8951 9491/9491
f 8950/8950 8896/8896 9492/9492
f 9214/9214 8898/8898 8731/8731
f 7968/7968 7733/7733 7797/7797
f 9621/9621 9016/9016 8953/8953
f 9212/9212 8730/8730 8576/8576
f 8828/8828 8579/8579 8211/8211
f 8236/8236 8208/8208 7966/7966
f 7308/7308 7537/7537 7488/7488
f 6503/6503 6414/6414 6219/6219
f 7730/7730 7484/7484 7535/7535
f 7536/7536 7305/7305 7163/7163
f 7796/7796 7734/7734 7538/7538
f 7306/7306 7485/7485 7132/7132
f 7307/7307 7135/7135 6804/6804
f 6828/6828 6801/6801 7133/7133
f 6367/6367 6612/6612 6500/6500
f 7969/7969 7798/7798 8238/8238
f 6449/6449 6573/6573 6288/6288
f 6397/6397 6402/6402 6198/6198
f 6406/6406 6451/6451 6202/6202
f 8487/8487 8668/8668 8994/8994
f 6201/6201 6168/6168 6400/6400
f 6199/6199 6445/6445 6284/6284
f 6766/6766 6548/6548 6571/6571
f 6552/6552 6289/6289 6574/6574
f 6549/6549 6767/6767 6905/6905
f 7275/7275 6547/6547 7221/7221
f 7222/7222 6551/6551 6906/6906
f 7278/7278 7775/7775 7779/7779
f 8319/8319 7778/7778 7773/7773
f 9431/9431 8999/8999 8671/8671
f 8998/8998 8320/8320 8111/8111
f 9432/9432 8964/8964 9665/9665
f 8960/8960 9429/9429 8844/8844
f 8962/8962 9008/9008 9662/9662
f 9041/9041 9014/9014 9693/9693
f 8113/8113 8494/8494 9000/9000
f 8670/8670 8845/8845 9430/9430
f 9664/9664 9009/9009 9045/9045
f 9660/9660 9042/9042 9689/9689
f 8112/8112 8321/8321 7774/7774
f 7390/7390 7277/7277 7223/7223
f 6415/6415 6401/6401 6170/6170
f 6169/6169 6217/6217 6413/6413
f 9694/9694 9015/9015 9620/9620
f 9692/9692 9046/9046 9040/9040
f 10380/10380 10340/10340 10280/10280
f 10423/10423 10338/10338 10378/10378
f 10179/10179 10184/10184 10295/10295
f 10177/10177 10069/10069 10182/10182
f 10381/10381 10282/10282 10297/10297
f 10283/10283 10181/10181 10300/10300
f 10336/10336 10421/10421 10402/10402
f 10533/10533 10448/10448 10407/10407
f 10531/10531 10537/10537 10443/10443
f 10449/10449 10541/10541 10455/10455
f 10538/10538 10527/10527 10451/10451
f 10464/10464 10534/10534 10408/10408
f 10462/10462 10403/10403 10422/10422
f 9640/9640 9707/9707 9822/9822
f 9789/9789 9698/9698 9825/9825
f 9823/9823 9929/9929 9786/9786
f 9925/9925 9863/9863 9785/9785
f 9861/9861 9924/9924 10042/10042
f 10045/10045 10097/10097 9937/9937
f 10094/10094 10183/10183 10070/10070
f 9709/9709 9645/9645 9589/9589
f 9695/9695 9642/9642 9824/9824
f 9710/9710 9552/9552 9631/9631
f 9705/9705 9585/9585 9548/9548
f 9402/9402 9410/9410 6036/6036
f 9402/9402 6036/6036 5985/5985
f 9398/9398 9402/9402 5985/5985
f 9398/9398 5985/5985 5969/5969
f 9393/9393 9398/9398 5969/5969
f 9393/9393 5969/5969 5816/5816
f 9391/9391 9393/9393 5816/5816
f 9391/9391 5816/5816 4945/4945
f 9388/9388 9391/9391 4945/4945
f 9388/9388 4945/4945 4791/4791
f 9384/9384 9388/9388 4791/4791
f 4778/4778 4759/4759 4756/4756
f 9384/9384 4791/4791 4778/4778
f 6031/6031 9377/9377 9382/9382
f 9382/9382 9384/9384 4778/4778
f 4778/4778 4756/4756 4753/4753
f 4778/4778 4753/4753 4751/4751
f 6031/6031 9382/9382 4778/4778
f 5983/5983 6031/6031 4778/4778
f 4778/4778 4751/4751 4745/4745
f 4778/4778 4745/4745 4743/4743
f 5965/5965 5983/5983 4778/4778
f 5813/5813 5965/5965 4778/4778
f 4778/4778 4743/4743 4738/4738
f 4736/4736 4723/4723 4775/4775
f 4778/4778 4738/4738 4736/4736
f 4943/4943 5813/5813 4778/4778
f 4736/4736 4775/4775 4788/4788
f 4788/4788 4943/4943 4778/4778
f 4778/4778 4736/4736 4788/4788
f 9865/9865 10046/10046 9939/9939
f 10528/10528 10416/10416 10453/10453
f 10073/10073 9938/9938 10098/10098
f 10063/10063 9578/9578 9837/9837
f 9296/9296 9583/9583 9682/9682
f 8426/8426 8559/8559 8594/8594
f 8341/8341 8246/8246 8385/8385
f 8564/8564 8393/8393 8339/8339
f 8709/8709 8636/8636 8527/8527
f 8257/8257 8224/8224 8200/8200
f 8181/8181 8281/8281 8275/8275
f 8523/8523 8394/8394 8609/8609
f 8267/8267 8427/8427 8408/8408
f 9680/9680 9579/9579 10067/10067
f 8902/8902 8775/8775 9219/9219
f 8562/8562 8778/8778 8903/8903
f 8899/8899 8593/8593 8557/8557
f 8592/8592 8404/8404 8424/8424
f 8226/8226 8284/8284 8183/8183
f 8277/8277 8248/8248 8182/8182
f 9433/9433 8787/8787 9221/9221
f 8976/8976 8706/8706 8608/8608
f 8201/8201 8264/8264 8256/8256
f 8259/8259 8265/8265 8405/8405
f 8279/8279 8225/8225 8258/8258
f 8274/8274 8280/8280 8459/8459
f 8386/8386 8641/8641 8567/8567
f 8565/8565 8340/8340 8382/8382
f 8566/8566 8638/8638 8610/8610
f 8612/8612 8397/8397 8568/8568
f 8639/8639 8383/8383 8460/8460
f 8613/8613 8642/8642 8980/8980
f 8384/8384 8245/8245 8276/8276
f 8184/8184 8204/8204 8227/8227
f 9225/9225 8708/8708 8979/8979
f 9096/9096 9934/9934 9759/9759
f 10169/10169 9871/9871 10060/10060
f 10411/10411 10108/10108 10388/10388
f 10392/10392 10110/10110 10053/10053
f 10346/10346 9970/9970 10128/10128
f 8792/8792 9437/9437 8941/8941
f 9736/9736 9932/9932 9094/9094
f 9933/9933 10061/10061 9757/9757
f 10261/10261 9872/9872 10170/10170
f 10130/10130 10008/10008 10262/10262
f 10389/10389 10052/10052 10342/10342
f 10410/10410 10434/10434 10107/10107
f 10431/10431 10210/10210 10171/10171
f 10456/10456 10212/10212 10432/10432
f 10461/10461 10429/10429 10203/10203
f 10426/10426 10383/10383 10155/10155
f 10209/10209 9844/9844 10311/10311
f 10384/10384 10307/10307 10100/10100
f 9839/9839 10207/10207 10066/10066
f 9292/9292 9678/9678 9049/9049
f 9053/9053 9220/9220 8777/8777
f 9733/9733 9092/9092 8938/8938
f 10062/10062 9277/9277 9760/9760
f 8611/8611 8707/8707 8525/8525
f 8710/8710 9226/9226 8637/8637
f 8634/8634 9222/9222 8788/8788
f 9758/9758 9276/9276 9095/9095
f 9486/9486 10005/10005 9672/9672
f 9971/9971 9835/9835 10129/10129
f 10433/10433 10172/10172 10106/10106
f 9870/9870 10006/10006 9487/9487
f 10007/10007 10127/10127 9675/9675
f 9674/9674 10126/10126 9834/9834
f 9273/9273 9867/9867 9483/9483
f 9274/9274 10057/10057 9868/9868
f 10125/10125 10257/10257 10341/10341
f 10258/10258 10004/10004 9869/9869
f 10201/10201 10214/10214 10460/10460
f 10202/10202 10428/10428 10156/10156
f 10344/10344 10054/10054 9969/9969
f 9436/9436 9738/9738 8940/8940
f 8387/8387 8278/8278 8462/8462
f 9218/9218 9051/9051 9681/9681
f 9843/9843 10035/10035 10312/10312
f 10308/10308 10033/10033 10101/10101
f 10387/10387 10105/10105 10160/10160
f 2439/2439 2461/2461 2484/2484
f 1743/1743 1118/1118 800/800
f 489/489 252/252 227/227
f 624/624 845/845 438/438
f 235/235 468/468 228/228
f 604/604 407/407 570/570
f 346/346 573/573 411/411
f 344/344 306/306 748/748
f 1260/1260 530/530 795/795
f 685/685 1255/1255 1409/1409
f 673/673 437/437 843/843
f 302/302 548/548 498/498
f 495/495 477/477 233/233
f 232/232 476/476 466/466
f 465/465 488/488 225/225
f 308/308 694/694 750/750
f 275/275 253/253 492/492
f 273/273 541/541 589/589
f 276/276 591/591 309/309
f 1742/1742 1893/1893 1117/1117
f 794/794 529/529 412/412
f 490/490 542/542 274/274
f 607/607 1134/1134 796/796
f 606/606 571/571 1132/1132
f 1131/1131 1258/1258 792/792
f 793/793 409/409 605/605
f 751/751 894/894 574/574
f 572/572 892/892 1133/1133
f 347/347 752/752 575/575
f 1256/1256 686/686 526/526
f 797/797 1579/1579 1740/1740
f 801/801 690/690 1581/1581
f 687/687 1410/1410 1580/1580
f 307/307 590/590 693/693
f 2496/2496 2462/2462 2457/2457
f 1890/1890 2040/2040 1430/1430
f 1855/1855 2042/2042 2175/2175
f 2208/2208 2345/2345 2130/2130
f 2132/2132 2346/2346 2258/2258
f 2259/2259 2348/2348 2369/2369
f 2443/2443 2497/2497 2458/2458
f 2370/2370 2441/2441 2456/2456
f 2494/2494 2482/2482 2460/2460
f 2371/2371 2349/2349 2442/2442
f 2339/2339 2193/2193 2115/2115
f 622/622 1137/1137 842/842
f 1861/1861 1527/1527 1507/1507
f 1526/1526 1138/1138 950/950
f 1431/1431 1854/1854 1745/1745
f 1952/1952 2260/2260 2183/2183
f 2351/2351 2453/2453 2434/2434
f 2184/2184 2372/2372 2354/2354
f 2459/2459 2436/2436 2454/2454
f 1892/1892 1434/1434 1116/1116
f 2043/2043 1856/1856 1435/1435
f 2176/2176 1749/1749 1857/1857
f 2373/2373 2185/2185 2261/2261
f 2437/2437 2483/2483 2319/2319
f 2134/2134 1953/1953 1750/1750
f 2131/2131 2257/2257 1950/1950
f 2133/2133 1747/1747 2209/2209
f 2210/2210 1748/1748 2174/2174
f 2117/2117 2320/2320 2342/2342
f 1877/1877 2113/2113 2034/2034
f 951/951 1139/1139 623/623
f 949/949 1506/1506 1524/1524
f 2338/2338 2317/2317 2480/2480
f 2455/2455 2353/2353 2368/2368
f 234/234 279/279 496/496
f 280/280 301/301 497/497
f 303/303 363/363 549/549
f 546/546 361/361 672/672
f 364/364 439/439 675/675
f 1504/1504 1876/1876 1859/1859
f 1863/1863 1879/1879 2038/2038
f 2035/2035 2114/2114 2192/2192
f 7688/7688 7534/7534 7142/7142
f 6293/6293 6228/6228 6442/6442
f 6068/6068 6079/6079 6151/6151
f 6171/6171 6070/6070 6131/6131
f 6133/6133 6060/6060 6104/6104
f 6071/6071 6061/6061 6134/6134
f 6103/6103 6059/6059 6064/6064
f 6073/6073 6174/6174 6082/6082
f 6080/6080 6248/6248 6111/6111
f 6069/6069 6120/6120 6109/6109
f 6094/6094 6211/6211 6076/6076
f 6209/6209 6147/6147 6075/6075
f 6065/6065 6148/6148 6116/6116
f 6092/6092 6290/6290 6210/6210
f 6227/6227 6291/6291 6093/6093
f 7129/7129 7685/7685 7140/7140
f 7684/7684 8176/8176 7527/7527
f 8177/8177 7780/7780 7528/7528
f 6565/6565 6782/6782 6634/6634
f 8629/8629 7984/7984 8179/8179
f 8178/8178 7983/7983 7782/7782
f 8858/8858 8928/8928 8471/8471
f 8929/8929 8854/8854 8455/8455
f 8930/8930 8454/8454 8098/8098
f 8036/8036 8851/8851 8673/8673
f 7839/7839 7518/7518 7660/7660
f 7343/7343 7355/7355 7519/7519
f 8305/8305 7841/7841 7663/7663
f 7837/7837 7342/7342 7515/7515
f 7345/7345 6925/6925 7113/7113
f 6637/6637 6335/6335 6569/6569
f 6331/6331 6239/6239 6377/6377
f 6241/6241 6114/6114 6380/6380
f 6113/6113 6250/6250 6376/6376
f 8094/8094 8062/8062 8470/8470
f 7801/7801 7949/7949 8584/8584
f 8069/8069 8458/8458 8039/8039
f 8744/8744 8856/8856 8061/8061
f 7988/7988 8748/8748 8065/8065
f 8037/8037 8675/8675 7948/7948
f 8068/8068 8099/8099 8457/8457
f 8469/8469 8925/8925 8095/8095
f 7952/7952 8677/8677 8585/8585
f 8303/8303 7802/7802 8583/8583
f 8038/8038 8456/8456 8855/8855
f 6959/6959 7180/7180 7110/7110
f 6379/6379 6568/6568 6334/6334
f 7658/7658 7800/7800 8302/8302
f 7356/7356 7344/7344 7184/7184
f 7340/7340 7111/7111 7181/7181
f 6964/6964 6639/6639 6786/6786
f 6960/6960 6922/6922 6635/6635
f 6924/6924 6965/6965 7112/7112
f 6254/6254 6083/6083 6175/6175
f 6231/6231 6409/6409 6444/6444
f 6437/6437 6407/6407 6688/6688
f 6787/6787 6687/6687 7127/7127
f 6438/6438 6689/6689 6790/6790
f 6788/6788 7128/7128 7138/7138
f 8630/8630 8746/8746 7986/7986
f 8860/8860 8472/8472 8066/8066
f 4527/4527 4585/4585 4674/4674
f 2827/2827 1959/1959 2274/2274
f 2668/2668 1918/1918 1818/1818
f 2322/2322 2680/2680 2606/2606
f 3460/3460 3593/3593 3372/3372
f 2683/2683 1960/1960 2755/2755
f 1958/1958 2684/2684 2325/2325
f 2596/2596 1842/1842 2611/2611
f 2923/2923 3190/3190 3171/3171
f 3193/3193 3373/3373 3173/3173
f 3458/3458 3731/3731 3591/3591
f 4210/4210 3969/3969 3808/3808
f 4211/4211 4200/4200 3970/3970
f 4537/4537 4447/4447 4611/4611
f 3027/3027 2895/2895 2662/2662
f 2663/2663 2896/2896 2275/2275
f 2754/2754 1957/1957 2826/2826
f 2053/2053 1919/1919 2726/2726
f 2420/2420 2055/2055 2794/2794
f 2671/2671 1820/1820 2599/2599
f 2795/2795 2056/2056 2728/2728
f 2598/2598 1819/1819 2593/2593
f 1823/1823 1841/1841 2595/2595
f 1838/1838 1956/1956 2323/2323
f 1840/1840 2324/2324 2610/2610
f 2830/2830 2277/2277 2899/2899
f 3028/3028 2665/2665 2924/2924
f 4533/4533 4610/4610 4669/4669
f 3732/3732 3461/3461 3786/3786
f 2925/2925 3174/3174 3029/3029
f 3371/3371 3192/3192 3459/3459
f 3191/3191 3785/3785 3457/3457
f 3733/3733 3787/3787 4206/4206
f 3811/3811 3734/3734 4207/4207
f 3810/3810 4204/4204 4212/4212
f 3590/3590 3730/3730 3809/3809
f 4205/4205 4464/4464 4213/4213
f 4444/4444 4342/4342 4609/4609
f 4346/4346 4465/4465 4612/4612
f 4198/4198 4209/4209 4463/4463
f 4201/4201 4466/4466 4347/4347
f 4646/4646 4606/4606 4679/4679
f 4690/4690 4654/4654 4694/4694
f 4675/4675 4586/4586 4685/4685
f 3949/3949 4273/4273 4413/4413
f 3984/3984 3945/3945 4409/4409
f 4691/4691 4648/4648 4680/4680
f 4595/4595 4529/4529 4676/4676
f 4411/4411 4432/4432 4596/4596
f 3585/3585 3131/3131 3582/3582
f 2764/2764 2417/2417 2973/2973
f 3576/3576 3128/3128 3297/3297
f 3583/3583 3943/3943 3983/3983
f 2727/2727 1920/1920 2672/2672
f 4681/4681 4607/4607 4534/4534
f 4588/4588 4637/4637 4686/4686
f 4638/4638 4652/4652 4687/4687
f 4653/4653 4649/4649 4692/4692
f 3129/3129 3147/3147 3299/3299
f 2766/2766 3149/3149 3130/3130
f 2767/2767 2976/2976 3150/3150
f 4682/4682 4535/4535 4670/4670
f 2793/2793 2977/2977 2419/2419
f 3581/3581 3948/3948 3584/3584
f 4272/4272 4435/4435 4412/4412
f 4598/4598 4437/4437 4531/4531
f 8526/8526 8173/8173 8395/8395
f 8518/8518 9052/9052 8776/8776
f 10204/10204 10158/10158 10084/10084
f 6294/6294 6274/6274 6212/6212
f 6378/6378 6252/6252 6349/6349
f 7659/7659 7517/7517 7511/7511
f 8719/8719 9293/9293 9050/9050
f 10102/10102 10010/10010 10159/10159
f 6117/6117 6149/6149 6160/6160
f 6150/6150 6214/6214 6165/6165
f 6292/6292 6440/6440 6336/6336
f 6338/6338 6441/6441 6433/6433
f 6439/6439 6791/6791 6665/6665
f 9294/9294 9080/9080 9581/9581
f 9079/9079 9452/9452 9580/9580
f 9453/9453 9842/9842 9582/9582
f 9841/9841 9793/9793 10034/10034
f 10009/10009 10082/10082 10157/10157
f 6154/6154 6135/6135 6105/6105
f 6106/6106 6119/6119 6142/6142
f 6118/6118 6162/6162 6141/6141
f 6161/6161 6213/6213 6275/6275
f 6277/6277 6295/6295 6340/6340
f 6434/6434 6443/6443 6666/6666
f 6789/6789 7139/7139 6982/6982
f 8560/8560 8390/8390 8774/8774
f 8388/8388 8517/8517 8773/8773
f 8516/8516 8718/8718 9048/9048
f 9450/9450 9569/9569 9838/9838
f 9570/9570 9792/9792 9840/9840
f 10032/10032 9791/9791 10099/10099
f 10200/10200 9990/9990 10211/10211
f 9993/9993 9965/9965 10216/10216
f 6172/6172 6132/6132 6152/6152
f 7137/7137 7526/7526 7244/7244
f 6249/6249 6173/6173 6220/6220
f 6157/6157 6110/6110 6124/6124
f 6163/6163 6276/6276 6263/6263
f 6983/6983 7141/7141 7247/7247
f 10213/10213 9885/9885 10173/10173
f 6123/6123 6108/6108 6138/6138
f 6107/6107 6144/6144 6139/6139
f 6143/6143 6164/6164 6194/6194
f 7530/7530 7781/7781 7897/7897
f 8720/8720 9082/9082 9295/9295
f 9794/9794 9592/9592 10104/10104
f 10103/10103 9593/9593 10012/10012
f 10011/10011 9858/9858 10086/10086
f 6159/6159 6261/6261 6192/6192
f 6262/6262 6273/6273 6314/6314
f 6339/6339 6435/6435 6494/6494
f 6436/6436 6667/6667 6495/6495
f 7634/7634 7532/7532 8129/8129
f 8128/8128 7531/7531 7899/7899
f 8203/8203 7756/7756 8266/8266
f 9081/9081 9035/9035 9454/9454
f 9455/9455 9069/9069 9572/9572
f 9571/9571 9326/9326 9795/9795
f 10085/10085 9992/9992 10205/10205
f 9964/9964 9887/9887 10215/10215
f 9033/9033 9066/9066 9451/9451
f 6984/6984 6913/6913 6792/6792
f 6337/6337 6316/6316 6272/6272
f 6155/6155 6223/6223 6176/6176
f 7813/7813 7755/7755 8202/8202
f 7852/7852 8521/8521 8392/8392
f 9064/9064 9324/9324 9568/9568
f 10111/10111 9893/9893 10055/10055
f 6570/6570 6381/6381 6460/6460
f 6464/6464 6382/6382 6350/6350
f 6324/6324 6253/6253 6222/6222
f 6668/6668 6793/6793 6914/6914
f 7248/7248 7529/7529 7549/7549
f 7783/7783 7985/7985 8004/8004
f 8558/8558 7785/7785 8389/8389
f 7787/7787 7851/7851 8391/8391
f 8721/8721 8535/8535 9083/9083
f 9328/9328 9596/9596 9796/9796
f 9594/9594 9463/9463 10013/10013
f 9464/9464 9860/9860 10014/10014
f 9859/9859 9658/9658 10087/10087
f 9850/9850 9897/9897 10112/10112
f 9894/9894 9974/9974 10056/10056
f 6178/6178 6121/6121 6137/6137
f 6140/6140 6146/6146 6189/6189
f 6196/6196 6265/6265 6246/6246
f 6318/6318 6341/6341 6497/6497
f 8118/8118 7987/7987 8064/8064
f 8186/8186 7817/7817 8205/8205
f 8534/8534 8512/8512 9078/9078
f 8510/8510 9034/9034 9077/9077
f 9655/9655 9991/9991 10083/10083
f 6784/6784 6567/6567 6624/6624
f 6566/6566 6459/6459 6622/6622
f 6153/6153 6122/6122 6181/6181
f 6245/6245 6264/6264 6319/6319
f 6496/6496 6669/6669 6740/6740
f 7550/7550 7533/7533 7635/7635
f 7784/7784 8005/8005 7900/7900
f 7827/7827 7814/7814 8185/8185
f 7615/7615 8561/8561 8428/8428
f 8522/8522 8105/8105 8722/8722
f 8513/8513 9070/9070 9036/9036
f 9725/9725 9973/9973 9895/9895
f 6158/6158 6183/6183 6207/6207
f 6188/6188 6145/6145 6195/6195
f 6915/6915 6986/6986 7118/7118
f 6985/6985 7249/7249 7117/7117
f 7616/7616 7788/7788 8563/8563
f 7877/7877 8104/8104 8520/8520
f 8723/8723 8106/8106 8537/8537
f 9886/9886 9360/9360 10174/10174
f 8249/8249 7829/7829 8187/8187
f 7752/7752 7543/7543 8263/8263
f 7850/7850 7876/7876 8519/8519
f 9065/9065 8870/8870 9325/9325
f 8991/8991 9461/9461 9591/9591
f 9462/9462 9657/9657 9857/9857
f 9654/9654 9700/9700 9988/9988
f 6863/6863 6783/6783 6623/6623
f 6315/6315 6493/6493 6517/6517
f 6738/6738 6664/6664 6910/6910
f 8342/8342 7863/7863 8247/8247
f 7542/7542 8425/8425 8262/8262
f 7541/7541 7612/7612 8423/8423
f 9327/9327 8872/8872 9595/9595
f 10175/10175 9848/9848 10109/10109
f 6156/6156 6205/6205 6225/6225
f 6177/6177 6136/6136 6184/6184
f 6516/6516 6492/6492 6736/6736
f 7114/7114 7246/7246 7399/7399
f 7982/7982 8114/8114 8002/8002
f 7860/7860 7824/7824 8244/8244
f 8107/8107 8515/8515 8536/8536
f 8511/8511 8587/8587 9067/9067
f 8588/8588 8871/8871 9068/9068
f 8868/8868 8989/8989 9590/9590
f 9701/9701 9963/9963 9989/9989
f 9361/9361 9849/9849 10176/10176
f 6961/6961 6785/6785 6864/6864
f 6242/6242 6313/6313 6343/6343
f 7245/7245 7548/7548 7398/7398
f 8063/8063 8096/8096 8230/8230
f 7875/7875 7695/7695 8102/8102
f 9724/9724 9524/9524 9972/9972
f 9520/9520 9833/9833 9968/9968
f 6627/6627 6463/6463 6680/6680
f 6185/6185 6191/6191 6233/6233
f 6193/6193 6244/6244 6236/6236
f 8232/8232 8100/8100 8255/8255
f 8252/8252 8097/8097 8067/8067
f 9269/9269 9702/9702 9656/9656
f 6345/6345 6317/6317 6518/6518
f 6739/6739 6911/6911 7024/7024
f 7025/7025 6912/6912 7115/7115
f 7914/7914 8590/8590 8514/8514
f 9836/9836 9526/9526 9676/9676
f 7786/7786 7350/7350 7849/7849
f 7696/7696 7744/7744 8103/8103
f 8101/8101 7743/7743 8509/8509
f 7742/7742 7911/7911 8508/8508
f 8586/8586 8358/8358 8869/8869
f 9465/9465 8968/8968 9659/9659
f 9423/9423 9892/9892 9847/9847
f 6469/6469 6251/6251 6323/6323
f 6234/6234 6243/6243 6309/6309
f 6312/6312 6247/6247 6347/6347
f 8060/8060 8229/8229 8116/8116
f 7283/7283 7815/7815 7828/7828
f 7847/7847 7431/7431 7873/7873
f 7430/7430 7694/7694 7874/7874
f 8965/8965 9268/9268 9653/9653
f 9289/9289 9966/9966 9703/9703
f 9186/9186 9845/9845 9358/9358
f 9447/9447 9727/9727 9896/9896
f 7354/7354 7183/7183 7512/7512
f 6457/6457 6348/6348 6466/6466
f 6351/6351 6255/6255 6471/6471
f 6203/6203 6180/6180 6256/6256
f 6187/6187 6235/6235 6279/6279
f 6874/6874 6737/6737 7022/7022
f 7617/7617 7352/7352 7789/7789
f 7915/7915 7974/7974 8591/8591
f 7973/7973 8360/8360 8589/8589
f 8990/8990 8815/8815 9460/9460
f 8818/8818 8970/8970 9466/9466
f 9290/9290 9890/9890 9967/9967
f 9522/9522 9488/9488 9673/9673
f 7516/7516 7353/7353 7510/7510
f 6226/6226 6208/6208 6301/6301
f 6179/6179 6186/6186 6266/6266
f 6344/6344 6519/6519 6559/6559
f 6520/6520 6741/6741 6875/6875
f 7028/7028 7119/7119 7272/7272
f 8296/8296 8003/8003 8117/8117
f 8254/8254 8071/8071 8166/8166
f 8040/8040 7951/7951 8076/8076
f 8174/8174 7928/7928 8396/8396
f 7067/7067 7614/7614 7546/7546
f 7349/7349 7432/7432 7848/7848
f 8398/8398 7929/7929 8344/8344
f 7925/7925 7865/7865 8343/8343
f 7284/7284 7757/7757 7816/7816
f 7480/7480 7746/7746 7698/7698
f 8361/8361 8292/8292 8873/8873
f 8293/8293 8993/8993 8874/8874
f 9271/9271 9291/9291 9704/9704
f 9888/9888 8944/8944 9362/9362
f 9891/9891 9422/9422 9444/9444
f 9443/9443 9525/9525 9726/9726
f 9278/9278 9116/9116 9097/9097
f 6963/6963 6865/6865 7153/7153
f 6258/6258 6182/6182 6270/6270
f 7270/7270 7116/7116 7401/7401
f 7403/7403 7551/7551 7761/7761
f 8070/8070 8041/8041 8167/8167
f 7727/7727 7661/7661 7514/7514
f 6866/6866 6625/6625 6944/6944
f 6945/6945 6626/6626 6678/6678
f 6620/6620 6461/6461 6470/6470
f 6190/6190 6282/6282 6269/6269
f 6237/6237 6311/6311 6362/6362
f 6562/6562 6521/6521 6877/6877
f 7950/7950 7803/7803 8074/8074
f 7182/7182 6962/6962 7378/7378
f 6278/6278 6232/6232 6357/6357
f 6308/6308 6342/6342 6427/6427
f 6878/6878 7027/7027 6940/6940
f 8168/8168 8042/8042 8078/8078
f 7508/7508 7179/7179 7374/7374
f 7375/7375 6958/6958 7149/7149
f 6322/6322 6221/6221 6372/6372
f 6297/6297 6204/6204 6304/6304
f 6307/6307 6206/6206 6259/6259
f 6431/6431 6346/6346 6564/6564
f 6764/6764 6561/6561 6876/6876
f 8006/8006 8299/8299 8371/8371
f 8295/8295 8115/8115 8228/8228
f 6310/6310 6428/6428 6360/6360
f 7547/7547 7633/7633 8124/8124
f 7901/7901 8007/8007 8374/8374
f 6679/6679 6462/6462 6840/6840
f 6458/6458 6619/6619 6838/6838
f 6224/6224 6299/6299 6375/6375
f 6260/6260 6271/6271 6329/6329
f 6938/6938 7023/7023 7313/7313
f 7314/7314 7026/7026 7268/7268
f 7804/7804 7662/7662 8021/8021
f 8023/8023 7664/7664 7728/7728
f 7154/7154 6867/6867 6946/6946
f 6359/6359 6429/6429 6507/6507
f 6765/6765 6879/6879 6941/6941
f 7269/7269 7402/7402 7630/7630
f 7552/7552 8130/8130 7762/7762
f 8300/8300 8233/8233 8441/8441
f 8231/8231 8253/8253 8440/8440
f 8077/8077 7805/7805 8022/8022
f 7513/7513 7379/7379 7712/7712
f 6283/6283 6363/6363 6394/6394
f 6432/6432 6563/6563 6645/6645
f 6560/6560 6763/6763 6643/6643
f 7400/7400 7760/7760 7629/7629
f 8127/8127 7898/7898 8370/8370
f 8164/8164 8075/8075 8445/8445
f 6327/6327 6267/6267 6387/6387
f 6385/6385 6268/6268 6281/6281
f 6508/6508 6430/6430 6644/6644
f 7726/7726 7509/7509 7710/7710
f 6305/6305 6257/6257 6328/6328
f 6386/6386 6280/6280 6393/6393
f 7271/7271 7632/7632 7315/7315
f 8369/8369 8298/8298 8693/8693
f 8251/8251 8163/8163 8529/8529
f 8165/8165 8444/8444 8531/8531
f 8354/8354 8073/8073 8020/8020
f 6943/6943 6677/6677 7146/7146
f 6676/6676 6839/6839 7144/7144
f 6617/6617 6467/6467 6755/6755
f 6391/6391 6358/6358 6524/6524
f 6361/6361 6509/6509 6526/6526
f 6762/6762 6939/6939 6980/6980
f 7708/7708 7376/7376 7566/7566
f 6641/6641 6761/6761 6904/6904
f 8250/8250 8528/8528 8436/8436
f 8027/8027 7725/7725 7709/7709
f 6321/6321 6371/6371 6576/6576
f 6300/6300 6306/6306 6476/6476
f 6760/6760 6978/6978 6902/6902
f 6936/6936 7312/7312 7264/7264
f 7724/7724 8026/8026 8018/8018
f 7407/7407 7151/7151 7145/7145
f 7150/7150 6942/6942 7143/7143
f 6979/6979 6937/6937 7265/7265
f 7628/7628 7759/7759 8134/8134
f 8372/8372 8694/8694 8770/8770
f 8297/8297 8437/8437 8690/8690
f 8692/8692 8439/8439 8647/8647
f 8438/8438 8530/8530 8646/8646
f 7377/7377 7152/7152 7408/7408
f 6373/6373 6298/6298 6585/6585
f 6302/6302 6326/6326 6486/6486
f 6522/6522 6505/6505 6794/6794
f 6506/6506 6642/6642 6800/6800
f 8442/8442 8072/8072 8351/8351
f 7565/7565 7373/7373 7404/7404
f 6296/6296 6472/6472 6581/6581
f 6390/6390 6523/6523 6587/6587
f 7310/7310 7626/7626 7553/7553
f 7758/7758 8125/8125 8133/8133
f 6618/6618 6756/6756 6917/6917
f 6578/6578 6374/6374 6586/6586
f 6303/6303 6488/6488 6475/6475
f 6491/6491 6330/6330 6389/6389
f 6384/6384 6392/6392 6591/6591
f 6640/6640 6903/6903 6796/6796
f 7263/7263 7311/7311 7555/7555
f 7554/7554 7627/7627 7878/7878
f 7881/7881 7631/7631 8136/8136
f 8771/8771 8695/8695 8800/8800
f 7711/7711 7569/7569 7858/7858
f 6900/6900 6977/6977 7226/7226
f 7232/7232 6981/6981 7267/7267
f 8648/8648 8532/8532 8921/8921
f 8024/8024 8029/8029 8415/8415
f 7252/7252 6841/6841 7020/7020
f 6465/6465 6320/6320 6747/6747
f 6325/6325 6580/6580 6753/6753
f 6592/6592 6527/6527 6775/6775
f 6795/6795 6901/6901 7227/7227
f 8533/8533 8447/8447 8923/8923
f 8025/8025 7707/7707 7854/7854
f 7019/7019 6842/6842 6621/6621
f 6616/6616 6916/6916 7016/7016
f 6489/6489 6388/6388 6602/6602
f 6599/6599 6383/6383 6588/6588
f 6525/6525 6797/6797 6772/6772
f 7567/7567 7405/7405 7666/7666
f 7147/7147 6843/6843 7255/7255
f 6757/6757 6468/6468 6750/6750
f 6474/6474 6487/6487 6647/6647
f 6798/6798 7230/7230 7011/7011
f 7266/7266 7557/7557 7573/7573
f 8352/8352 8019/8019 8410/8410
f 8028/8028 7855/7855 8239/8239
f 7856/7856 7568/7568 7669/7669
f 7148/7148 7253/7253 7409/7409
f 6773/6773 6799/6799 7012/7012
f 7572/7572 7556/7556 7831/7831
f 7835/7835 7558/7558 7882/7882
f 8126/8126 8368/8368 9359/9359
f 8799/8799 8691/8691 8864/8864
f 8918/8918 8443/8443 8847/8847
f 8446/8446 8355/8355 8848/8848
f 8353/8353 8411/8411 8702/8702
f 8416/8416 8030/8030 8243/8243
f 7853/7853 7665/7665 8031/8031
f 9364/9364 8373/8373 9190/9190
f 9187/9187 8367/8367 8768/8768
f 6589/6589 6771/6771 6895/6895
f 7228/7228 7262/7262 7570/7570
f 8138/8138 8132/8132 8947/8947
f 8689/8689 8644/8644 8861/8861
f 8645/8645 8917/8917 8862/8862
f 6485/6485 6600/6600 6742/6742
f 7883/7883 8137/8137 8500/8500
f 8850/8850 8356/8356 8705/8705
f 7410/7410 7256/7256 7647/7647
f 7302/7302 7250/7250 7018/7018
f 6582/6582 6473/6473 6852/6852
f 6649/6649 6490/6490 6745/6745
f 7229/7229 7571/7571 7576/7576
f 6477/6477 6651/6651 6856/6856
f 6603/6603 6593/6593 6893/6893
f 6590/6590 6897/6897 6889/6889
f 6899/6899 6776/6776 7086/7086
f 6774/6774 7014/7014 7083/7083
f 7082/7082 7013/7013 7236/7236
f 7575/7575 7833/7833 7919/7919
f 7832/7832 7880/7880 8329/8329
f 8328/8328 7879/7879 8496/8496
f 8803/8803 8412/8412 8597/8597
f 8598/8598 8413/8413 8240/8240
f 8241/8241 7857/7857 8450/8450
f 8033/8033 7667/7667 7997/7997
f 7670/7670 7406/7406 7644/7644
f 6744/6744 6601/6601 6892/6892
f 7234/7234 7010/7010 7581/7581
f 7015/7015 7231/7231 7586/7586
f 7233/7233 7580/7580 7587/7587
f 7578/7578 7574/7574 7918/7918
f 8131/8131 9363/9363 8946/8946
f 8806/8806 8703/8703 8414/8414
f 7592/7592 7254/7254 7303/7303
f 6851/6851 6646/6646 6954/6954
f 8452/8452 7859/7859 8035/8035
f 8000/8000 7671/7671 7887/7887
f 7646/7646 7251/7251 7590/7590
f 7285/7285 6759/6759 6754/6754
f 7085/7085 7237/7237 7476/7476
f 6579/6579 6584/6584 7069/7069
f 6896/6896 7081/7081 7185/7185
f 7585/7585 7579/7579 7751/7751
f 7917/7917 7830/7830 8188/8188
f 7834/7834 8332/8332 8191/8191
f 8495/8495 8135/8135 8942/8942
f 9151/9151 8866/8866 8924/8924
f 7885/7885 7668/7668 7642/7642
f 6919/6919 6758/6758 7280/7280
f 6748/6748 6577/6577 7064/7064
f 6956/6956 6648/6648 6973/6973
f 6650/6650 6746/6746 6976/6976
f 6974/6974 6743/6743 6890/6890
f 6887/6887 6894/6894 7174/7174
f 7177/7177 6898/6898 7187/7187
f 7472/7472 7235/7235 7582/7582
f 7747/7747 7577/7577 7916/7916
f 8798/8798 8863/8863 9421/9421
f 9425/9425 8867/8867 9449/9449
f 8701/8701 8802/8802 9019/9019
f 8600/8600 8242/8242 8451/8451
f 8448/8448 8032/8032 8375/8375
f 6891/6891 7178/7178 7172/7172
f 7188/7188 7084/7084 7475/7475
f 8865/8865 9150/9150 9448/9448
f 9207/9207 8922/8922 8849/8849
f 8846/8846 8700/8700 9203/9203
f 7304/7304 7021/7021 7397/7397
f 7392/7392 7017/7017 6918/6918
f 6583/6583 6853/6853 7065/7065
f 7189/7189 7477/7477 7507/7507
f 8331/8331 8499/8499 8757/8757
f 8772/8772 8801/8801 9426/9426
f 8919/8919 9205/9205 9439/9439
f 8034/8034 7998/7998 8377/8377
f 7544/7544 6751/6751 7066/7066
f 6971/6971 6888/6888 7168/7168
f 7748/7748 7920/7920 8013/8013
f 9148/9148 8920/8920 9440/9440
f 8740/8740 8449/8449 8379/8379
f 8001/8001 7889/7889 8149/8149
f 7394/7394 6920/6920 7281/7281
f 8769/8769 9424/9424 9189/9189
f 9208/9208 8704/8704 9021/9021
f 8804/8804 8599/8599 8741/8741
f 7864/7864 7301/7301 7395/7395
f 7922/7922 8192/8192 8505/8505
f 8189/8189 8330/8330 8754/8754
f 8743/8743 8601/8601 8453/8453
f 7999/7999 8147/8147 8380/8380
f 6957/6957 6975/6975 7219/7219
f 7176/7176 7186/7186 7503/7503
f 7473/7473 7583/7583 7903/7903
f 7584/7584 7749/7749 7904/7904
f 8016/8016 7921/7921 8506/8506
f 8755/8755 8497/8497 9285/9285
f 8498/8498 8943/8943 9286/9286
f 7643/7643 7589/7589 7924/7924
f 7300/7300 7862/7862 7588/7588
f 6972/6972 7169/7169 7216/7216
f 7167/7167 7175/7175 7492/7492
f 7504/7504 7474/7474 7905/7905
f 7906/7906 7750/7750 8014/8014
f 9446/9446 9149/9149 9441/9441
f 8738/8738 8378/8378 8939/8939
f 7888/7888 7645/7645 7926/7926
f 7754/7754 6752/6752 7545/7545
f 7068/7068 6855/6855 7351/7351
f 7348/7348 6854/6854 6955/6955
f 8502/8502 8190/8190 8967/8967
f 8193/8193 8758/8758 8969/8969
f 9020/9020 8807/8807 9115/9115
f 7927/7927 7591/7591 7866/7866
f 7173/7173 7501/7501 7491/7491
f 7972/7972 7506/7506 7908/7908
f 9114/9114 8805/8805 8742/8742
f 8937/8937 8376/8376 8789/8789
f 8632/8632 8144/8144 8169/8169
f 8146/8146 7886/7886 8172/8172
f 7279/7279 6749/6749 7753/7753
f 6952/6952 7215/7215 7429/7429
f 7218/7218 7170/7170 7479/7479
f 7481/7481 7171/7171 7495/7495
f 8816/8816 8503/8503 8966/8966
f 8971/8971 8759/8759 9272/9272
f 9270/9270 8756/8756 9287/9287
f 8791/8791 8381/8381 8148/8148
f 8170/8170 7884/7884 7923/7923
f 7861/7861 7393/7393 7825/7825
f 7493/7493 7502/7502 7910/7910
f 7912/7912 7505/7505 7971/7971
f 7907/7907 8015/8015 8290/8290
f 8017/8017 8507/8507 8294/8294
f 9442/9442 9206/9206 9523/9523
f 7347/7347 6953/6953 7428/7428
f 9113/9113 8739/8739 9093/9093
f 9091/9091 8737/8737 8936/8936
f 7826/7826 7396/7396 7282/7282
f 7063/7063 7346/7346 7613/7613
f 7220/7220 7482/7482 7699/7699
f 7478/7478 7490/7490 7741/7741
f 7745/7745 7494/7494 7913/7913
f 9445/9445 9438/9438 9723/9723
f 9521/9521 9204/9204 9484/9484
f 9202/9202 9018/9018 9482/9482
f 9017/9017 9111/9111 9481/9481
f 7217/7217 7697/7697 7433/7433
f 7970/7970 7902/7902 8357/8357
f 8359/8359 7909/7909 8291/8291
f 8289/8289 8501/8501 8988/8988
f 9288/9288 8945/8945 9889/9889
f 9188/9188 9420/9420 9846/9846
f 8790/8790 8145/8145 8635/8635
f 8633/8633 8171/8171 8524/8524
f 8992/8992 8504/8504 8817/8817
f 9485/9485 9112/9112 9275/9275
f 2692/2692 2347/2347 2211/2211
f 1528/1528 1659/1659 1140/1140
f 1141/1141 1085/1085 844/844
f 1084/1084 872/872 841/841
f 846/846 874/874 674/674
f 676/676 729/729 551/551
f 4651/4651 4635/4635 4644/4644
f 4636/4636 4587/4587 4580/4580
f 4584/4584 4528/4528 4516/4516
f 4530/4530 4433/4433 4517/4517
f 4417/4417 4431/4431 4316/4316
f 4434/4434 4270/4270 4317/4317
f 4319/4319 4274/4274 4049/4049
f 4271/4271 3946/3946 4046/4046
f 1860/1860 2228/2228 1525/1525
f 1853/1853 1662/1662 1530/1530
f 1660/1660 1440/1440 1142/1142
f 1439/1439 1086/1086 1143/1143
f 4605/4605 4647/4647 4622/4622
f 4650/4650 4655/4655 4626/4626
f 4640/4640 4634/4634 4577/4577
f 4579/4579 4583/4583 4514/4514
f 4519/4519 4436/4436 4419/4419
f 4045/4045 3944/3944 3761/3761
f 3947/3947 3579/3579 3764/3764
f 2399/2399 2036/2036 2194/2194
f 2401/2401 2336/2336 2039/2039
f 2037/2037 2335/2335 1862/1862
f 2332/2332 2225/2225 1858/1858
f 2230/2230 1851/1851 1529/1529
f 876/876 730/730 677/677
f 655/655 480/480 499/499
f 478/478 648/648 469/469
f 4558/4558 4536/4536 4608/4608
f 4627/4627 4656/4656 4645/4645
f 3578/3578 3300/3300 3360/3360
f 2341/2341 2964/2964 2195/2195
f 545/545 649/649 494/494
f 464/464 802/802 486/486
f 4581/4581 4520/4520 4543/4543
f 2965/2965 2400/2400 2196/2196
f 913/913 547/547 728/728
f 4320/4320 4048/4048 4141/4141
f 2485/2485 2848/2848 2343/2343
f 2190/2190 1661/1661 1852/1852
f 1450/1450 875/875 1087/1087
f 1056/1056 727/727 873/873
f 914/914 653/653 550/550
f 4448/4448 4538/4538 4381/4381
f 4639/4639 4578/4578 4561/4561
f 4565/4565 4582/4582 4544/4544
f 4297/4297 4315/4315 4138/4138
f 3151/3151 2978/2978 2825/2825
f 1436/1436 1669/1669 1083/1083
f 1672/1672 1451/1451 1088/1088
f 1453/1453 1058/1058 877/877
f 654/654 770/770 479/479
f 766/766 644/644 475/475
f 1054/1054 910/910 726/726
f 646/646 805/805 467/467
f 4445/4445 4362/4362 4344/4344
f 4532/4532 4556/4556 4488/4488
f 4555/4555 4604/4604 4621/4621
f 4623/4623 4641/4641 4589/4589
f 4515/4515 4416/4416 4457/4457
f 4356/4356 4415/4415 4298/4298
f 4418/4418 4318/4318 4299/4299
f 2493/2493 2873/2873 2481/2481
f 2870/2870 2846/2846 2479/2479
f 2961/2961 2918/2918 2398/2398
f 2403/2403 2806/2806 2337/2337
f 912/912 975/975 652/652
f 4541/4541 4518/4518 4460/4460
f 4456/4456 4414/4414 4355/4355
f 3361/3361 3301/3301 3016/3016
f 3298/3298 3146/3146 3010/3010
f 2975/2975 2739/2739 2821/2821
f 2974/2974 2791/2791 2737/2737
f 2229/2229 2546/2546 1850/1850
f 2542/2542 2186/2186 1849/1849
f 1657/1657 2028/2028 1437/1437
f 2029/2029 1670/1670 1438/1438
f 1449/1449 1340/1340 1057/1057
f 974/974 1020/1020 650/650
f 588/588 776/776 692/692
f 4591/4591 4642/4642 4572/4572
f 4573/4573 4643/4643 4562/4562
f 4047/4047 3897/3897 4139/4139
f 4050/4050 3765/3765 3899/3899
f 3763/3763 3580/3580 3441/3441
f 2738/2738 2792/2792 2656/2656
f 2187/2187 2031/2031 1658/1658
f 1339/1339 911/911 1055/1055
f 1021/1021 767/767 651/651
f 4199/4199 4343/4343 4157/4157
f 4446/4446 4378/4378 4366/4366
f 3577/3577 3358/3358 3439/3439
f 2922/2922 2807/2807 2402/2402
f 487/487 983/983 539/539
f 3971/3971 4202/4202 4160/4160
f 4553/4553 4625/4625 4592/4592
f 3760/3760 3436/3436 3694/3694
f 2660/2660 2796/2796 2729/2729
f 2657/2657 2725/2725 2669/2669
f 2877/2877 2226/2226 2334/2334
f 2111/2111 1448/1448 1671/1671
f 540/540 774/774 587/587
f 2444/2444 2887/2887 2498/2498
f 2803/2803 2878/2878 2333/2333
f 1452/1452 1966/1966 1342/1342
f 1023/1023 1202/1202 771/771
f 775/775 747/747 691/691
f 1050/1050 893/893 749/749
f 4564/4564 4542/4542 4501/4501
f 4540/4540 4458/4458 4496/4496
f 4497/4497 4459/4459 4427/4427
f 3895/3895 3762/3762 3695/3695
f 2879/2879 2543/2543 2227/2227
f 1338/1338 1531/1531 909/909
f 1536/1536 976/976 915/915
f 1079/1079 778/778 543/543
f 4557/4557 4624/4624 4550/4550
f 4301/4301 4142/4142 4124/4124
f 4140/4140 3898/3898 3857/3857
f 3359/3359 3014/3014 3161/3161
f 2673/2673 2601/2601 2535/2535
f 2600/2600 2594/2594 2533/2533
f 2189/2189 2653/2653 2032/2032
f 2033/2033 2112/2112 1673/1673
f 2106/2106 1962/1962 1447/1447
f 1188/1188 647/647 768/768
f 544/544 985/985 1080/1080
f 4161/4161 4348/4348 4173/4173
f 4380/4380 4539/4539 4489/4489
f 4430/4430 4461/4461 4360/4360
f 4359/4359 4300/4300 4121/4121
f 4125/4125 4143/4143 3859/3859
f 2534/2534 2597/2597 2612/2612
f 2885/2885 2874/2874 2495/2495
f 2871/2871 3594/3594 2847/2847
f 2651/2651 2109/2109 2030/2030
f 2107/2107 2158/2158 1963/1963
f 1965/1965 1827/1827 1341/1341
f 1828/1828 1537/1537 1343/1343
f 1187/1187 804/804 645/645
f 773/773 1048/1048 746/746
f 895/895 1232/1232 1135/1135
f 3812/3812 3972/3972 3863/3863
f 3968/3968 4156/4156 3860/3860
f 4490/4490 4560/4560 4526/4526
f 4525/4525 4559/4559 4552/4552
f 2670/2670 2530/2530 2658/2658
f 2921/2921 3356/3356 2808/2808
f 2880/2880 2901/2901 2544/2544
f 2545/2545 2902/2902 2188/2188
f 2191/2191 2904/2904 2654/2654
f 1532/1532 1019/1019 973/973
f 1201/1201 1189/1189 769/769
f 806/806 1903/1903 493/493
f 1049/1049 1229/1229 891/891
f 4575/4575 4566/4566 4513/4513
f 4563/4563 4498/4498 4510/4510
f 4428/4428 4357/4357 4277/4277
f 3853/3853 3896/3896 3696/3696
f 3357/3357 3157/3157 3438/3438
f 3160/3160 3012/3012 2958/2958
f 2445/2445 2868/2868 2888/2888
f 3350/3350 2881/2881 2805/2805
f 2350/2350 2694/2694 2446/2446
f 2691/2691 2867/2867 2440/2440
f 3789/3789 2963/2963 2340/2340
f 3354/3354 3348/3348 2804/2804
f 2649/2649 2636/2636 2108/2108
f 1077/1077 1162/1162 777/777
f 1130/1130 1464/1464 1257/1257
f 4158/4158 4171/4171 4009/4009
f 4549/4549 4590/4590 4502/4502
f 4278/4278 4358/4358 4120/4120
f 3148/3148 2822/2822 3011/3011
f 2659/2659 2531/2531 2393/2393
f 2962/2962 3478/3478 2919/2919
f 3345/3345 3339/3339 2876/2876
f 3341/3341 2903/2903 2882/2882
f 2638/2638 2159/2159 2110/2110
f 1538/1538 1656/1656 1022/1022
f 1651/1651 1198/1198 1018/1018
f 1161/1161 1248/1248 772/772
f 1231/1231 1469/1469 1136/1136
f 1468/1468 1412/1412 1259/1259
f 4172/4172 4345/4345 4363/4363
f 4508/4508 4593/4593 4576/4576
f 4511/4511 4499/4499 4453/4453
f 4500/4500 4429/4429 4454/4454
f 3598/3598 3793/3793 2849/2849
f 3480/3480 3353/3353 2920/2920
f 2900/2900 3200/3200 2648/2648
f 3055/3055 2637/2637 2650/2650
f 1899/1899 986/986 491/491
f 3175/3175 3374/3374 3182/3182
f 3370/3370 3589/3589 3320/3320
f 4159/4159 4011/4011 3864/3864
f 4506/4506 4574/4574 4477/4477
f 4473/4473 4571/4571 4509/4509
f 4425/4425 4276/4276 4390/4390
f 2177/2177 2695/2695 2212/2212
f 3796/3796 2344/2344 2850/2850
f 1620/1620 1186/1186 1199/1199
f 1413/1413 1834/1834 1583/1583
f 2866/2866 3234/3234 2884/2884
f 3201/3201 3056/3056 2652/2652
f 2640/2640 2591/2591 2161/2161
f 2160/2160 2590/2590 1967/1967
f 1964/1964 2449/2449 1826/1826
f 1825/1825 2263/2263 1533/1533
f 1582/1582 1835/1835 1744/1744
f 3813/3813 3865/3865 3564/3564
f 4486/4486 4521/4521 4383/4383
f 4523/4523 4551/4551 4494/4494
f 4495/4495 4554/4554 4507/4507
f 4449/4449 4426/4426 4392/4392
f 3858/3858 3698/3698 3574/3574
f 3573/3573 3697/3697 3442/3442
f 2410/2410 2661/2661 2397/2397
f 2609/2609 2681/2681 2430/2430
f 2757/2757 2829/2829 2781/2781
f 2828/2828 2897/2897 2782/2782
f 2898/2898 3030/3030 2783/2783
f 3177/3177 3369/3369 3319/3319
f 3588/3588 3807/3807 3558/3558
f 4279/4279 4123/4123 4065/4065
f 4064/4064 4119/4119 3900/3900
f 2736/2736 2655/2655 2404/2404
f 2529/2529 2608/2608 2298/2298
f 2431/2431 2682/2682 2506/2506
f 2507/2507 2685/2685 2756/2756
f 2967/2967 3025/3025 3170/3170
f 3592/3592 3562/3562 3322/3322
f 4522/4522 4492/4492 4420/4420
f 4478/4478 4512/4512 4455/4455
f 4391/4391 4275/4275 4214/4214
f 4218/4218 4280/4280 4066/4066
f 3901/3901 4122/4122 3854/3854
f 2752/2752 2777/2777 2559/2559
f 2778/2778 3026/3026 2968/2968
f 3861/3861 4010/4010 3800/3800
f 4386/4386 4524/4524 4422/4422
f 4450/4450 4394/4394 4339/4339
f 2297/2297 2607/2607 2428/2428
f 2505/2505 2753/2753 2560/2560
f 3172/3172 3181/3181 2971/2971
f 4337/4337 4393/4393 4219/4219
f 4395/4395 4217/4217 4223/4223
f 3902/3902 3855/3855 3688/3688
f 3569/3569 3437/3437 3111/3111
f 3440/3440 3162/3162 3117/3117
f 3560/3560 3862/3862 3801/3801
f 3689/3689 3856/3856 3572/3572
f 2823/2823 2740/2740 2059/2059
f 2741/2741 2408/2408 2060/2060
f 2394/2394 2532/2532 2301/2301
f 4487/4487 4385/4385 4375/4375
f 4503/4503 4474/4474 4438/4438
f 4475/4475 4451/4451 4370/4370
f 4372/4372 4452/4452 4341/4341
f 3112/3112 3159/3159 2832/2832
f 3158/3158 2957/2957 2831/2831
f 3798/3798 4008/4008 3964/3964
f 4216/4216 4063/4063 4042/4042
f 2058/2058 2406/2406 2155/2155
f 2970/2970 3178/3178 2842/2842
f 3323/3323 3563/3563 3225/3225
f 3559/3559 3797/3797 3510/3510
f 4007/4007 4169/4169 3962/3962
f 4491/4491 4504/4504 4401/4401
f 4440/4440 4476/4476 4371/4371
f 4215/4215 4043/4043 4221/4221
f 2561/2561 2780/2780 2715/2715
f 3179/3179 3321/3321 3218/3218
f 3963/3963 4170/4170 4361/4361
f 4493/4493 4403/4403 4421/4421
f 4041/4041 4062/4062 3821/3821
f 4067/4067 3903/3903 3825/3825
f 3827/3827 3904/3904 3692/3692
f 3570/3570 3113/3113 3142/3142
f 2960/2960 3017/3017 2515/2515
f 2779/2779 2969/2969 2712/2712
f 4441/4441 4373/4373 4323/4323
f 4340/4340 4222/4222 4133/4133
f 3693/3693 3575/3575 3380/3380
f 3377/3377 3571/3571 3144/3144
f 2835/2835 2959/2959 2512/2512
f 2302/2302 2432/2432 2171/2171
f 2713/2713 2972/2972 2844/2844
f 3561/3561 3511/3511 3221/3221
f 4505/4505 4439/4439 4402/4402
f 4368/4368 4338/4338 4131/4131
f 3015/3015 2824/2824 2061/2061
f 2396/2396 2303/2303 2081/2081
f 2242/2242 2508/2508 2563/2563
f 3180/3180 3219/3219 2930/2930
f 3802/3802 3967/3967 3659/3659
f 4220/4220 4040/4040 3866/3866
f 4044/4044 3826/3826 3872/3872
f 2168/2168 2429/2429 2238/2238
f 2433/2433 2509/2509 2243/2243
f 4364/4364 4377/4377 4093/4093
f 4387/4387 4423/4423 4310/4310
f 4404/4404 4443/4443 4283/4283
f 4442/4442 4324/4324 4282/4282
f 4321/4321 4369/4369 4179/4179
f 4184/4184 4374/4374 4136/4136
f 4137/4137 4224/4224 3873/3873
f 3823/3823 3690/3690 3530/3530
f 2395/2395 2080/2080 2409/2409
f 2841/2841 3176/3176 2928/2928
f 3512/3512 3803/3803 3552/3552
f 3550/3550 3799/3799 3657/3657
f 4367/4367 4095/4095 3820/3820
f 4424/4424 4405/4405 4312/4312
f 3531/3531 3691/3691 3378/3378
f 2300/2300 2169/2169 1991/1991
f 2424/2424 2562/2562 2714/2714
f 3966/3966 4365/4365 3817/3817
f 4236/4236 4406/4406 4284/4284
f 3868/3868 3822/3822 3650/3650
f 3824/3824 3532/3532 3653/3653
f 3375/3375 3141/3141 3084/3084
f 3115/3115 2834/2834 2517/2517
f 2077/2077 2299/2299 1988/1988
f 4313/4313 4407/4407 4234/4234
f 4135/4135 3869/3869 3995/3995
f 2407/2407 2078/2078 1977/1977
f 2244/2244 2564/2564 2426/2426
f 3509/3509 3548/3548 3257/3257
f 3143/3143 3114/3114 2772/2772
f 2154/2154 2405/2405 1976/1976
f 3655/3655 3965/3965 3816/3816
f 3534/3534 3379/3379 3099/3099
f 3096/3096 3376/3376 3086/3086
f 3018/3018 2063/2063 1901/1901
f 2427/2427 2717/2717 2541/2541
f 2716/2716 2845/2845 2538/2538
f 3222/3222 3513/3513 3261/3261
f 4382/4382 4389/4389 3795/3795
f 3791/3791 4388/4388 4112/4112
f 4384/4384 4309/4309 4109/4109
f 4314/4314 4235/4235 4107/4107
f 4285/4285 4325/4325 4091/4091
f 4084/4084 4322/4322 4181/4181
f 4180/4180 4132/4132 3930/3930
f 3932/3932 4134/4134 3994/3994
f 2774/2774 3116/3116 2518/2518
f 1996/1996 2170/2170 2239/2239
f 2833/2833 2510/2510 2516/2516
f 1975/1975 2076/2076 1761/1761
f 1997/1997 2241/2241 2027/2027
f 2843/2843 2929/2929 2536/2536
f 2932/2932 3224/3224 2802/2802
f 4085/4085 4183/4183 4004/4004
f 3993/3993 3867/3867 3628/3628
f 3651/3651 3528/3528 3443/3443
f 3529/3529 3097/3097 3154/3154
f 3088/3088 3145/3145 2776/2776
f 2511/2511 3013/3013 1898/1898
f 2079/2079 1989/1989 1762/1762
f 2172/2172 1998/1998 1992/1992
f 2025/2025 2240/2240 2423/2423
f 4281/4281 4087/4087 4232/4232
f 4003/4003 4182/4182 3931/3931
f 3936/3936 3996/3996 3633/3633
f 3629/3629 3870/3870 3444/3444
f 3871/3871 3652/3652 3447/3447
f 3448/3448 3533/3533 3156/3156
f 2146/2146 2425/2425 2539/2539
f 2540/2540 2933/2933 2379/2379
f 2375/2375 2931/2931 2797/2797
f 2801/2801 3223/3223 2949/2949
f 2946/2946 3220/3220 3259/3259
f 1978/1978 1763/1763 1626/1626
f 3818/3818 4094/4094 3624/3624
f 4096/4096 3599/3599 3626/3626
f 4092/4092 4376/4376 3596/3596
f 4111/4111 4311/4311 4105/4105
f 3094/3094 3085/3085 2548/2548
f 3087/3087 2773/2773 2549/2549
f 3933/3933 3631/3631 3603/3603
f 2520/2520 2513/2513 1871/1871
f 1734/1734 1990/1990 1994/1994
f 2422/2422 2141/2141 2021/2021
f 3551/3551 3658/3658 3138/3138
f 3136/3136 3656/3656 3407/3407
f 4108/4108 4103/4103 3844/3844
f 3913/3913 4233/4233 4086/4086
f 4005/4005 3934/3934 3772/3772
f 3773/3773 3935/3935 3604/3604
f 2547/2547 2771/2771 2198/2198
f 2199/2199 2775/2775 2519/2519
f 2514/2514 1902/1902 1875/1875
f 1558/1558 1979/1979 1628/1628
f 1993/1993 1739/1739 1633/1633
f 3258/3258 3549/3549 3135/3135
f 3406/3406 3654/3654 3815/3815
f 4102/4102 4231/4231 3912/3912
f 4088/4088 4006/4006 3774/3774
f 3445/3445 3155/3155 3066/3066
f 2156/2156 1980/1980 1560/1560
f 1735/1735 1995/1995 2022/2022
f 2023/2023 2142/2142 1696/1696
f 2913/2913 3260/3260 3139/3139
f 3153/3153 3095/3095 2719/2719
f 2064/2064 2157/2157 1561/1561
f 1759/1759 1987/1987 1630/1630
f 2950/2950 3262/3262 2915/2915
f 3839/3839 4104/4104 3914/3914
f 4089/4089 3775/3775 3711/3711
f 3776/3776 3605/3605 3526/3526
f 3606/3606 3632/3632 3245/3245
f 3630/3630 3446/3446 3244/3244
f 3247/3247 3449/3449 3068/3068
f 3065/3065 3152/3152 2718/2718
f 2721/2721 3098/3098 2551/2551
f 2537/2537 2376/2376 2144/2144
f 2377/2377 2798/2798 2268/2268
f 3814/3814 3496/3496 3403/3403
f 3819/3819 3625/3625 3501/3501
f 3597/3597 4379/4379 3790/3790
f 3916/3916 4090/4090 3714/3714
f 1869/1869 1897/1897 1591/1591
f 2813/2813 3069/3069 2724/2724
f 2552/2552 2200/2200 2120/2120
f 2202/2202 2521/2521 1874/1874
f 1697/1697 2145/2145 1883/1883
f 2269/2269 2799/2799 2488/2488
f 2800/2800 2948/2948 2489/2489
f 4106/4106 3842/3842 3848/3848
f 3246/3246 3067/3067 2811/2811
f 4110/4110 3845/3845 3479/3479
f 3601/3601 3242/3242 3252/3252
f 2951/2951 3241/3241 2809/2809
f 2024/2024 1698/1698 1519/1519
f 2140/2140 2374/2374 1829/1829
f 2945/2945 2912/2912 2602/2602
f 3405/3405 3497/3497 3213/3213
f 3838/3838 3911/3911 3607/3607
f 3522/3522 3602/3602 3254/3254
f 3253/3253 3243/3243 2952/2952
f 1252/1252 1764/1764 1632/1632
f 1882/1882 2143/2143 1831/1831
f 1833/1833 2378/2378 2270/2270
f 3792/3792 4113/4113 3481/3481
f 3715/3715 3777/3777 3392/3392
f 3771/3771 3524/3524 3388/3388
f 2812/2812 2723/2723 2266/2266
f 1624/1624 1760/1760 1247/1247
f 1250/1250 1737/1737 1516/1516
f 1738/1738 2026/2026 1520/1520
f 2487/2487 2947/2947 2603/2603
f 3134/3134 3404/3404 3212/3212
f 3216/3216 3500/3500 3235/3235
f 3610/3610 3915/3915 3712/3712
f 2264/2264 2722/2722 2067/2067
f 2720/2720 2550/2550 2065/2065
f 2068/2068 2553/2553 2121/2121
f 1631/1631 1736/1736 1249/1249
f 3523/3523 3255/3255 3020/3020
f 1895/1895 2271/2271 2491/2491
f 2693/2693 3137/3137 3215/3215
f 3847/3847 3841/3841 3351/3351
f 3611/3611 3717/3717 3344/3344
f 3390/3390 3527/3527 3059/3059
f 3057/3057 3525/3525 3021/3021
f 2119/2119 2197/2197 1618/1618
f 2057/2057 1556/1556 984/984
f 3477/3477 3843/3843 3352/3352
f 3846/3846 3349/3349 3355/3355
f 3840/3840 3608/3608 3346/3346
f 3716/3716 3391/3391 3205/3205
f 3022/3022 3256/3256 2955/2955
f 2201/2201 1872/1872 1622/1622
f 1873/1873 1593/1593 1190/1190
f 1078/1078 1625/1625 1163/1163
f 1627/1627 1253/1253 1164/1164
f 1695/1695 1881/1881 1466/1466
f 3342/3342 3713/3713 3203/3203
f 2953/2953 2810/2810 2447/2447
f 2814/2814 2267/2267 2451/2451
f 1900/1900 2062/2062 988/988
f 1559/1559 1629/1629 1082/1082
f 2914/2914 3140/3140 2697/2697
f 3019/3019 2954/2954 2587/2587
f 2956/2956 2450/2450 2588/2588
f 2070/2070 2122/2122 1654/1654
f 1655/1655 2123/2123 1623/1623
f 987/987 1557/1557 1081/1081
f 1470/1470 1884/1884 1837/1837
f 1836/1836 2272/2272 1896/1896
f 2492/2492 2605/2605 2180/2180
f 3794/3794 3482/3482 2966/2966
f 3347/3347 3609/3609 3340/3340
f 1830/1830 1891/1891 1741/1741
f 2604/2604 2916/2916 2178/2178
f 3214/3214 3233/3233 2865/2865
f 3232/3232 3498/3498 2883/2883
f 3503/3503 3627/3627 3600/3600
f 3202/3202 3389/3389 3058/3058
f 1251/1251 1517/1517 1052/1052
f 2486/2486 2173/2173 2041/2041
f 2179/2179 2917/2917 2698/2698
f 2448/2448 2262/2262 1824/1824
f 2265/2265 2069/2069 1535/1535
f 1619/1619 1870/1870 1184/1184
f 1051/1051 1518/1518 1230/1230
f 1515/1515 1694/1694 1228/1228
f 1894/1894 2490/2490 2044/2044
f 2696/2696 3217/3217 2869/2869
f 2886/2886 3502/3502 2875/2875
f 3499/3499 3595/3595 2872/2872
f 3060/3060 3024/3024 2641/2641
f 3023/3023 2589/2589 2639/2639
f 2066/2066 1653/1653 1534/1534
f 1652/1652 1621/1621 1200/1200
f 1594/1594 1904/1904 807/807
f 1227/1227 1693/1693 1465/1465
f 1467/1467 1832/1832 1411/1411
f 3343/3343 3204/3204 2905/2905
f 2592/2592 2452/2452 1968/1968
f 1185/1185 1592/1592 803/803
f 779/779 1254/1254 1053/1053
f 5070/5070 5123/5123 5163/5163
f 5124/5124 5213/5213 5164/5164
f 5162/5162 5211/5211 5261/5261
f 5210/5210 5366/5366 5259/5259
f 5260/5260 5369/5369 5389/5389
f 5386/5386 5363/5363 5514/5514
f 5370/5370 5526/5526 5517/5517
f 5518/5518 5528/5528 5640/5640
f 5527/5527 5645/5645 5639/5639
f 5646/5646 5715/5715 5641/5641
f 5638/5638 5713/5713 5719/5719
f 5716/5716 5710/5710 5743/5743
f 5709/5709 5731/5731 5742/5742
f 5746/5746 5734/5734 5690/5690
f 5733/5733 5649/5649 5689/5689
f 5691/5691 5651/5651 5634/5634
f 5648/5648 5536/5536 5630/5630
f 5633/5633 5539/5539 5532/5532
f 5533/5533 5538/5538 5403/5403
f 5540/5540 5409/5409 5404/5404
f 5410/5410 5325/5325 5405/5405
f 5400/5400 5321/5321 5267/5267
f 5326/5326 5230/5230 5271/5271
f 5270/5270 5227/5227 5191/5191
f 5228/5228 5142/5142 5192/5192
f 5190/5190 5143/5143 5133/5133
f 5132/5132 5144/5144 5040/5040
f 5139/5139 5060/5060 5035/5035
f 5061/5061 4999/4999 5036/5036
f 5041/5041 5002/5002 4981/4981
f 4998/4998 4887/4887 4977/4977
f 4980/4980 4892/4892 4902/4902
f 4901/4901 4891/4891 4969/4969
f 4886/4886 4961/4961 4966/4966
f 4963/4963 5020/5020 4970/4970
f 4971/4971 5022/5022 5069/5069
f 5021/5021 5120/5120 5068/5068
f 5053/5053 5155/5155 5100/5100
f 5096/5096 5151/5151 5166/5166
f 5153/5153 5240/5240 5168/5168
f 5167/5167 5237/5237 5263/5263
f 5239/5239 5350/5350 5264/5264
f 5265/5265 5351/5351 5425/5425
f 5349/5349 5499/5499 5423/5423
f 5426/5426 5502/5502 5556/5556
f 5500/5500 5611/5611 5554/5554
f 5555/5555 5612/5612 5677/5677
f 5613/5613 5683/5683 5678/5678
f 5681/5681 5686/5686 5740/5740
f 5682/5682 5757/5757 5737/5737
f 5741/5741 5761/5761 5728/5728
f 5758/5758 5672/5672 5724/5724
f 5727/5727 5674/5674 5670/5670
f 5668/5668 5671/5671 5567/5567
f 5676/5676 5552/5552 5581/5581
f 5568/5568 5549/5549 5485/5485
f 5553/5553 5493/5493 5489/5489
f 5491/5491 5371/5371 5484/5484
f 5486/5486 5375/5375 5328/5328
f 5374/5374 5223/5223 5327/5327
f 5331/5331 5224/5224 5150/5150
f 5220/5220 5135/5135 5146/5146
f 5134/5134 5024/5024 5145/5145
f 5147/5147 5026/5026 5032/5032
f 5033/5033 5027/5027 4985/4985
f 5025/5025 4951/4951 4983/4983
f 4984/4984 4952/4952 4908/4908
f 4955/4955 4896/4896 4911/4911
f 4912/4912 4898/4898 4921/4921
f 4897/4897 4976/4976 4920/4920
f 4918/4918 4973/4973 5010/5010
f 4972/4972 5050/5050 5009/5009
f 5008/5008 5048/5048 5095/5095
f 5054/5054 4880/4880 5138/5138
f 5140/5140 4881/4881 5062/5062
f 4884/4884 4864/4864 5064/5064
f 5063/5063 4863/4863 5001/5001
f 4865/4865 4849/4849 5003/5003
f 5000/5000 4844/4844 4888/4888
f 4848/4848 4822/4822 4893/4893
f 4818/4818 4837/4837 4889/4889
f 4890/4890 4838/4838 4962/4962
f 4842/4842 4869/4869 4964/4964
f 4965/4965 4872/4872 5023/5023
f 5019/5019 4867/4867 5119/5119
f 4870/4870 4926/4926 5121/5121
f 4924/4924 5105/5105 5122/5122
f 5125/5125 5107/5107 5214/5214
f 5104/5104 5236/5236 5212/5212
f 5209/5209 5232/5232 5365/5365
f 5233/5233 5394/5394 5367/5367
f 5393/5393 5563/5563 5368/5368
f 5364/5364 5560/5560 5524/5524
f 5564/5564 5777/5777 5529/5529
f 5525/5525 5775/5775 5642/5642
f 5774/5774 5787/5787 5643/5643
f 5644/5644 5790/5790 5714/5714
f 5786/5786 5822/5822 5711/5711
f 5712/5712 5824/5824 5735/5735
f 5826/5826 5835/5835 5736/5736
f 5833/5833 5828/5828 5729/5729
f 5830/5830 5794/5794 5732/5732
f 5730/5730 5792/5792 5647/5647
f 5650/5650 5796/5796 5541/5541
f 5791/5791 5768/5768 5534/5534
f 5770/5770 5627/5627 5537/5537
f 5535/5535 5624/5624 5406/5406
f 5625/5625 5418/5418 5407/5407
f 5408/5408 5420/5420 5323/5323
f 5419/5419 5197/5197 5324/5324
f 5322/5322 5195/5195 5229/5229
f 5194/5194 5057/5057 5225/5225
f 5226/5226 5058/5058 5141/5141
f 5769/5769 5795/5795 5781/5781
f 5784/5784 5797/5797 5807/5807
f 5793/5793 5829/5829 5803/5803
f 5805/5805 5832/5832 5839/5839
f 5831/5831 5834/5834 5838/5838
f 5836/5836 5827/5827 5842/5842
f 5840/5840 5825/5825 5820/5820
f 5819/5819 5823/5823 5800/5800
f 5821/5821 5785/5785 5799/5799
f 5801/5801 5789/5789 5765/5765
f 5788/5788 5776/5776 5764/5764
f 5773/5773 5559/5559 5762/5762
f 5763/5763 5561/5561 5520/5520
f 5562/5562 5392/5392 5521/5521
f 5519/5519 5390/5390 5353/5353
f 5391/5391 5231/5231 5355/5355
f 5356/5356 5234/5234 5202/5202
f 5235/5235 5106/5106 5203/5203
f 5199/5199 5101/5101 5091/5091
f 5093/5093 5103/5103 4937/4937
f 5102/5102 4923/4923 4938/4938
f 4941/4941 4927/4927 4861/4861
f 4925/4925 4871/4871 4859/4859
f 4868/4868 4840/4840 4857/4857
f 4858/4858 4843/4843 4831/4831
f 4830/4830 4841/4841 4827/4827
f 4839/4839 4821/4821 4825/4825
f 4824/4824 4820/4820 4833/4833
f 4819/4819 4846/4846 4835/4835
f 4834/4834 4845/4845 4875/4875
f 4847/4847 4862/4862 4877/4877
f 4866/4866 4885/4885 4879/4879
f 4876/4876 4882/4882 4948/4948
f 4883/4883 5059/5059 4950/4950
f 4946/4946 5056/5056 5115/5115
f 5055/5055 5193/5193 5114/5114
f 5118/5118 5198/5198 5246/5246
f 5196/5196 5421/5421 5244/5244
f 5242/5242 5417/5417 5470/5470
f 5416/5416 5623/5623 5469/5469
f 5472/5472 5626/5626 5659/5659
f 5628/5628 5771/5771 5661/5661
f 5660/5660 5772/5772 5783/5783
f 1275/1275 1309/1309 1301/1301
f 1296/1296 1292/1292 1290/1290
f 1297/1297 1289/1289 1286/1286
f 1279/1279 1274/1274 1300/1300
f 1287/1287 1283/1283 1281/1281
f 1278/1278 1299/1299 1294/1294
f 1295/1295 1285/1285 1280/1280
f 5961/5961 5701/5701 4853/4853
f 1305/1305 6025/6025 5976/5976
f 5962/5962 4854/4854 4784/4784
f 4719/4719 1304/1304 5977/5977
f 4786/4786 4773/4773 4720/4720
f 4718/4718 5978/5978 5960/5960
f 5963/5963 4785/4785 4721/4721
f 5981/5981 5964/5964 5812/5812
f 9375/9375 6030/6030 5982/5982
f 5809/5809 4942/4942 4789/4789
f 4729/4729 9372/9372 5980/5980
f 5811/5811 4790/4790 4777/4777
f 5810/5810 4776/4776 4732/4732
f 5979/5979 5808/5808 4724/4724
f 9371/9371 9408/9408 9400/9400
f 9395/9395 9392/9392 9389/9389
f 9396/9396 9390/9390 9386/9386
f 9379/9379 9374/9374 9401/9401
f 9387/9387 9383/9383 9381/9381
f 9378/9378 9399/9399 9394/9394
f 9397/9397 9385/9385 9380/9380
f 49/49 18/18 2007/2007
f 2005/2005 16/16 1888/1888
f 6050/6050 6100/6100 9740/9740
f 9742/9742 6102/6102 10305/10305
f 6098/6098 6355/6355 10302/10302
f 10304/10304 6356/6356 10477/10477
f 6353/6353 7003/7003 10476/10476
f 10474/10474 7002/7002 10550/10550
f 6999/6999 7689/7689 10548/10548
f 10552/10552 7693/7693 10579/10579
f 7691/7691 8271/8271 10575/10575
f 10580/10580 8273/8273 10603/10603
f 8268/8268 8649/8649 10600/10600
f 10604/10604 8654/8654 10640/10640
f 8652/8652 8831/8831 10638/10638
f 10637/10637 8830/8830 10663/10663
f 3620/3620 4194/4194 4725/4725
f 9403/9403 5904/5904 4761/4761
f 5907/5907 5301/5301 4764/4764
f 4730/4730 4710/4710 9373/9373
f 4709/4709 10272/10272 9370/9370
f 10557/10557 10587/10587 9367/9367
f 10586/10586 10613/10613 9365/9365
f 5905/5905 10643/10643 5915/5915
f 10644/10644 10542/10542 5916/5916
f 5925/5925 10547/10547 5319/5319
f 10544/10544 4629/4629 5317/5317
f 5320/5320 4633/4633 5309/5309
f 4628/4628 3431/3431 5307/5307
f 4195/4195 4663/4663 4728/4728
f 9368/9368 10468/10468 10559/10559
f 9366/9366 10658/10658 9404/9404
f 10660/10660 10648/10648 9407/9407
f 9406/9406 10646/10646 5908/5908
f 10271/10271 10469/10469 9369/9369
f 10617/10617 10661/10661 9376/9376
f 3413/3413 3621/3621 4727/4727
f 3417/3417 4733/4733 3433/3433
f 4734/4734 4767/4767 3434/3434
f 4760/4760 5296/5296 3428/3428
f 4668/4668 4713/4713 4735/4735
f 4708/4708 4696/4696 10270/10270
f 4705/4705 9743/9743 10274/10274
f 9744/9744 5782/5782 6055/6055
f 4702/4702 5780/5780 9739/9739
f 4697/4697 5657/5657 5778/5778
f 5818/5818 6047/6047 5837/5837
f 4706/4706 5245/5245 5473/5473
f 5806/5806 5841/5841 6056/6056
f 6044/6044 4936/4936 957/957
f 966/966 4940/4940 4860/4860
f 5471/5471 5658/5658 4701/4701
f 5779/5779 5804/5804 6045/6045
f 5354/5354 5200/5200 6046/6046
f 6043/6043 5817/5817 5798/5798
f 4856/4856 4829/4829 961/961
f 4823/4823 958/958 4828/4828
f 964/964 4826/4826 4836/4836
f 5522/5522 5357/5357 6057/6057
f 5201/5201 5092/5092 6051/6051
f 6053/6053 5094/5094 4939/4939
f 959/959 4832/4832 4873/4873
f 4947/4947 5116/5116 4699/4699
f 5767/5767 5523/5523 6058/6058
f 960/960 4874/4874 4698/4698
f 4878/4878 4949/4949 4704/4704
f 5117/5117 5243/5243 4700/4700
f 6054/6054 5802/5802 5766/5766
f 161/161 141/141 40/40
f 146/146 31/31 50/50
f 9405/9405 4763/4763 4779/4779
f 4793/4793 4944/4944 5814/5814
f 4795/4795 5815/5815 5968/5968
f 6035/6035 9409/9409 4781/4781
f 5967/5967 5984/5984 6033/6033
f 6034/6034 4780/4780 4794/4794
f 4792/4792 5966/5966 6032/6032
f 23/23 1911/1911 17/17
f 1907/1907 1885/1885 13/13
f 1880/1880 1508/1508 2009/2009
f 41/41 231/231 226/226
f 254/254 277/277 188/188
f 300/300 278/278 46/46
f 2006/2006 2321/2321 2118/2118
f 47/47 230/230 189/189
f 229/229 255/255 190/190
f 281/281 236/236 48/48
f 166/166 798/798 1114/1114
f 158/158 1113/1113 4013/4013
f 272/272 305/305 167/167
f 2004/2004 2116/2116 1878/1878
f 689/689 799/799 174/174
f 4021/4021 2318/2318 2003/2003
f 345/345 410/410 175/175
f 4022/4022 1115/1115 1433/1433
f 304/304 343/343 164/164
f 2435/2435 2316/2316 4014/4014
f 360/360 299/299 39/39
f 4023/4023 2355/2355 2438/2438
f 947/947 619/619 2000/2000
f 527/527 688/688 165/165
f 1432/1432 1746/1746 4019/4019
f 2182/2182 2352/2352 4018/4018
f 408/408 528/528 168/168
f 4016/4016 1951/1951 2181/2181
f 1751/1751 1954/1954 4033/4033
f 44/44 436/436 362/362
f 2002/2002 621/621 45/45
f 43/43 620/620 435/435
f 2001/2001 1505/1505 948/948
f 2008/2008 1889/1889 3435/3435
f 4707/4707 4661/4661 967/967
f 963/963 4658/4658 378/378
f 4662/4662 4400/4400 382/382
f 381/381 4399/4399 207/207
f 4396/4396 3735/3735 203/203
f 205/205 3736/3736 125/125
f 3737/3737 3040/3040 126/126
f 124/124 3037/3037 101/101
f 3039/3039 2618/2618 103/103
f 102/102 2616/2616 77/77
f 2613/2613 2213/2213 76/76
f 80/80 2217/2217 55/55
f 2215/2215 1906/1906 54/54
f 52/52 1905/1905 20/20
f 4799/4799 4813/4813 5299/5299
f 4807/4807 5310/5310 5297/5297
f 6125/6125 6699/6699 7288/7288
f 6714/6714 8687/8687 7293/7293
f 4739/4739 4744/4744 4746/4746
f 4726/4726 4737/4737 4740/4740
f 4749/4749 4752/4752 4755/4755
f 4765/4765 4731/4731 4741/4741
f 4748/4748 4754/4754 4758/4758
f 4747/4747 4757/4757 4762/4762
f 4742/4742 4750/4750 4766/4766
f 5373/5373 5492/5492 5315/5315
f 4808/4808 5285/5285 5049/5049
f 5490/5490 5548/5548 5311/5311
f 5318/5318 5551/5551 5922/5922
f 5550/5550 5673/5673 5919/5919
f 5241/5241 5154/5154 5295/5295
f 5675/5675 5760/5760 5923/5923
f 5348/5348 5238/5238 5286/5286
f 4809/4809 4974/4974 4894/4894
f 5312/5312 5221/5221 5372/5372
f 5501/5501 5352/5352 5290/5290
f 5152/5152 5052/5052 5291/5291
f 5051/5051 4975/4975 4810/4810
f 4895/4895 4953/4953 4811/4811
f 4954/4954 5029/5029 4814/4814
f 5615/5615 5503/5503 5293/5293
f 5028/5028 5137/5137 5314/5314
f 5759/5759 5685/5685 5921/5921
f 5684/5684 5616/5616 5918/5918
f 5313/5313 5136/5136 5222/5222
f 4815/4815 5030/5030 5316/5316
f 5917/5917 5614/5614 5288/5288
f 5989/5989 6024/6024 7290/7290
f 7054/7054 6545/6545 5997/5997
f 4801/4801 28/28 4816/4816
f 29/29 145/145 4817/4817
f 4812/4812 143/143 5292/5292
f 142/142 6127/6127 5289/5289
f 5287/5287 6126/6126 5272/5272
f 6128/6128 7291/7291 5275/5275
f 73/73 38/38 1276/1276
f 1272/1272 36/36 1308/1308
f 5990/5990 6541/6541 6087/6087
f 5993/5993 6041/6041 1269/1269
f 6040/6040 404/404 1271/1271
f 1270/1270 97/97 71/71
f 7289/7289 6023/6023 5273/5273
f 5276/5276 6026/6026 4798/4798
f 6022/6022 1303/1303 4796/4796
f 4797/4797 1307/1307 26/26
f 1306/1306 34/34 25/25
f 5991/5991 6088/6088 6039/6039
f 7286/7286 7294/7294 5987/5987
f 7297/7297 7052/7052 5992/5992
f 403/403 136/136 1267/1267
f 137/137 96/96 1268/1268
f 962/962 402/402 6049/6049
f 401/401 6038/6038 6048/6048
f 6002/6002 6006/6006 6008/6008
f 5988/5988 5999/5999 6001/6001
f 6009/6009 6014/6014 6016/6016
f 6027/6027 5994/5994 6003/6003
f 6012/6012 6017/6017 6020/6020
f 6010/6010 6019/6019 6028/6028
f 6004/6004 6011/6011 6029/6029
f 5302/5302 5530/5530 5401/5401
f 5909/5909 5631/5631 5303/5303
f 5632/5632 5531/5531 5304/5304
f 5906/5906 5687/5687 5629/5629
f 5744/5744 5688/5688 5912/5912
f 5269/5269 5306/5306 5402/5402
f 4804/4804 5067/5067 5283/5283
f 5282/5282 5161/5161 5258/5258
f 5257/5257 5388/5388 5281/5281
f 5911/5911 5717/5717 5745/5745
f 5387/5387 5516/5516 5278/5278
f 4900/4900 4968/4968 4805/4805
f 4978/4978 4899/4899 4803/4803
f 4802/4802 4967/4967 5066/5066
f 5065/5065 5160/5160 5277/5277
f 5637/5637 5718/5718 5914/5914
f 5268/5268 5189/5189 5305/5305
f 5038/5038 4979/4979 4806/4806
f 5515/5515 5635/5635 5274/5274
f 5280/5280 5636/5636 5913/5913
f 5188/5188 5130/5130 5298/5298
f 5308/5308 5131/5131 5039/5039
f 5300/5300 5037/5037 4800/4800
f 3430/3430 1887/1887 3416/3416
f 1886/1886 1908/1908 3414/3414
f 8822/8822 8684/8684 10654/10654
f 10650/10650 8679/8679 10625/10625
f 5294/5294 5284/5284 5924/5924
f 5279/5279 5910/5910 5920/5920
f 10517/10517 10545/10545 10631/10631
f 10543/10543 10645/10645 10626/10626
f 5995/5995 1273/1273 4715/4715
f 4770/4770 4782/4782 4851/4851
f 4771/4771 4850/4850 5699/5699
f 5974/5974 5996/5996 4716/4716
f 5697/5697 5958/5958 5972/5972
f 5973/5973 4714/4714 4769/4769
f 4768/4768 5698/5698 5971/5971
f 8821/8821 10653/10653 8833/8833
f 10651/10651 10665/10665 8832/8832
f 8681/8681 8900/8900 9217/9217
f 10412/10412 10390/10390 10504/10504
f 8409/8409 8596/8596 8688/8688
f 8683/8683 8595/8595 8901/8901
f 10627/10627 10459/10459 10500/10500
f 10457/10457 10435/10435 10499/10499
f 10498/10498 9734/9734 6701/6701
f 6706/6706 9737/9737 9435/9435
f 6712/6712 8406/8406 8685/8685
f 10505/10505 10436/10436 10413/10413
f 10518/10518 10343/10343 10260/10260
f 6702/6702 8282/8282 8260/8260
f 8261/8261 8407/8407 6713/6713
f 10386/10386 10430/10430 10632/10632
f 10628/10628 10427/10427 10458/10458
f 10391/10391 10345/10345 10519/10519
f 10058/10058 9930/9930 10497/10497
f 9931/9931 9735/9735 10501/10501
f 6703/6703 9434/9434 9223/9223
f 9224/9224 8977/8977 6704/6704
f 8680/8680 9679/9679 10064/10064
f 6721/6721 8643/8643 8463/8463
f 6705/6705 8461/8461 8283/8283
f 10309/10309 10385/10385 10629/10629
f 10259/10259 10167/10167 10502/10502
f 10168/10168 10059/10059 10503/10503
f 8978/8978 8640/8640 6707/6707
f 10208/10208 10310/10310 10633/10633
f 8678/8678 9216/9216 9677/9677
f 8686/8686 10068/10068 10634/10634
f 10065/10065 10206/10206 10630/10630
f 144/144 179/179 6130/6130
f 173/173 6709/6709 6129/6129
f 9741/9741 10303/10303 10273/10273
f 10275/10275 10306/10306 10471/10471
f 10301/10301 10473/10473 10467/10467
f 10470/10470 10475/10475 10560/10560
f 10472/10472 10549/10549 10558/10558
f 10551/10551 10576/10576 10562/10562
f 10561/10561 10577/10577 10589/10589
f 10578/10578 10602/10602 10590/10590
f 10588/10588 10601/10601 10615/10615
f 10605/10605 10641/10641 10616/10616
f 10614/10614 10639/10639 10659/10659
f 10636/10636 10662/10662 10656/10656
f 8829/8829 8650/8650 7295/7295
f 7298/7298 8653/8653 7053/7053
f 8651/8651 8270/8270 7051/7051
f 7050/7050 8269/8269 6540/6540
f 8272/8272 7692/7692 6543/6543
f 7690/7690 7001/7001 6542/6542
f 6544/6544 7004/7004 6090/6090
f 7000/7000 6352/6352 6089/6089
f 6354/6354 6099/6099 6091/6091
f 6086/6086 6097/6097 6037/6037
f 6101/6101 6052/6052 6042/6042
f 7287/7287 8819/8819 7296/7296
f 8823/8823 8834/8834 7299/7299
f 965/965 380/380 406/406
f 405/405 379/379 139/139
f 377/377 204/204 135/135
f 206/206 129/129 140/140
f 138/138 128/128 98/98
f 127/127 104/104 99/99
f 100/100 75/75 95/95
f 94/94 74/74 70/70
f 72/72 79/79 35/35
f 78/78 53/53 33/33
f 51/51 19/19 32/32
f 5667/5667 5565/5565 10493/10493
f 180/180 4024/4024 2664/2664
f 2768/2768 5575/5575 5488/5488
f 5726/5726 5669/5669 10511/10511
f 10508/10508 5570/5570 4020/4020
f 4672/4672 4613/4613 4025/4025
f 5576/5576 4673/4673 4026/4026
f 5573/5573 4683/4683 4671/4671
f 163/163 2765/2765 5483/5483
f 5487/5487 5329/5329 177/177
f 5738/5738 5725/5725 10509/10509
f 5571/5571 4688/4688 4693/4693
f 4012/4012 4462/4462 4203/4203
f 5165/5165 5262/5262 6696/6696
f 4027/4027 2926/2926 2666/2666
f 2052/2052 2418/2418 160/160
f 6715/6715 181/181 5097/5097
f 5098/5098 182/182 5011/5011
f 3985/3985 4410/4410 5569/5569
f 3586/3586 3986/3986 5578/5578
f 4614/4614 4467/4467 4030/4030
f 4208/4208 3788/3788 4031/4031
f 3194/3194 2927/2927 4032/4032
f 2667/2667 2276/2276 184/184
f 2421/2421 2769/2769 185/185
f 4695/4695 4684/4684 5579/5579
f 3132/3132 3587/3587 5580/5580
f 162/162 2273/2273 1955/1955
f 4986/4986 4909/4909 169/169
f 5266/5266 5436/5436 6718/6718
f 4597/4597 4677/4677 5572/5572
f 5577/5577 2770/2770 3133/3133
f 4015/4015 3784/3784 3189/3189
f 4922/4922 5012/5012 186/186
f 176/176 1922/1922 2054/2054
f 5099/5099 5169/5169 6719/6719
f 5558/5558 10512/10512 5431/5431
f 4408/4408 4594/4594 5566/5566
f 5330/5330 5149/5149 187/187
f 171/171 4910/4910 4919/4919
f 10506/10506 5557/5557 5679/5679
f 5680/5680 5739/5739 10521/10521
f 183/183 1961/1961 1843/1843
f 178/178 1839/1839 1822/1822
f 1821/1821 1921/1921 170/170
f 6708/6708 7838/7838 10507/10507
f 7840/7840 8304/8304 10522/10522
f 4678/4678 4689/4689 5574/5574
f 5031/5031 4982/4982 159/159
f 5422/5422 7126/7126 6686/6686
f 6066/6066 6062/6062 5427/5427
f 5433/5433 6230/6230 6096/6096
f 5434/5434 6084/6084 6720/6720
f 10520/10520 8631/8631 8180/8180
f 5148/5148 5034/5034 172/172
f 8745/8745 8628/8628 10514/10514
f 6716/6716 6085/6085 6115/6115
f 10494/10494 8301/8301 8581/8581
f 10495/10495 8175/8175 7683/7683
f 6112/6112 6238/6238 6697/6697
f 7341/7341 7836/7836 6700/6700
f 10510/10510 7686/7686 5428/5428
f 6063/6063 6074/6074 5437/5437
f 10513/10513 8926/8926 8857/8857
f 10496/10496 8582/8582 8674/8674
f 8859/8859 8747/8747 10523/10523
f 5435/5435 7687/7687 7130/7130
f 6072/6072 6081/6081 5424/5424
f 6711/6711 6240/6240 6333/6333
f 6717/6717 6638/6638 6923/6923
f 6698/6698 6921/6921 7339/7339
f 6408/6408 6229/6229 5429/5429
f 8676/8676 8852/8852 10515/10515
f 8853/8853 8927/8927 10516/10516
f 6710/6710 6332/6332 6636/6636
f 5430/5430 6077/6077 6067/6067
f 6690/6690 6410/6410 5438/5438
f 6095/6095 6078/6078 5432/5432
f 8682/8682 8820/8820 7292/7292
f 15/15 27/27 21/21
f 30/30 37/37 22/22
f 14/14 42/42 24/24
f 10652/10652 10647/10647 10666/10666
f 10642/10642 10657/10657 10664/10664
f 3415/3415 1909/1909 3622/3622
f 1910/1910 2216/2216 3623/3623
f 2214/2214 2614/2614 3618/3618
f 3619/3619 2615/2615 4192/4192
f 2617/2617 3038/3038 4193/4193
f 3041/3041 3738/3738 4197/4197
f 4196/4196 3739/3739 4666/4666
f 3740/3740 4398/4398 4667/4667
f 4397/4397 4657/4657 4664/4664
f 4665/4665 4659/4659 4711/4711
f 4660/4660 4703/4703 4712/4712
f 10655/10655 10635/10635 10649/10649
f 4028/4028 4630/4630 10524/10524
f 4631/4631 10546/10546 10525/10525
f 4632/4632 4029/4029 3432/3432
f 4017/4017 1999/1999 3429/3429
f 1302/1302 1310/1310 4722/4722
f 1302/1302 4722/4722 4774/4774
f 1298/1298 1302/1302 4774/4774
f 1298/1298 4774/4774 4787/4787
f 1293/1293 1298/1298 4787/4787
f 1293/1293 4787/4787 4855/4855
f 1291/1291 1293/1293 4855/4855
f 1291/1291 4855/4855 5702/5702
f 1288/1288 1291/1291 5702/5702
f 1288/1288 5702/5702 5959/5959
f 1284/1284 1288/1288 5959/5959
f 5975/5975 6021/6021 6018/6018
f 1284/1284 5959/5959 5975/5975
f 4717/4717 1277/1277 1282/1282
f 1282/1282 1284/1284 5975/5975
f 5975/5975 6018/6018 6015/6015
f 5975/5975 6015/6015 6013/6013
f 4717/4717 1282/1282 5975/5975
f 4772/4772 4717/4717 5975/5975
f 5975/5975 6013/6013 6007/6007
f 5975/5975 6007/6007 6005/6005
f 4783/4783 4772/4772 5975/5975
f 4852/4852 4783/4783 5975/5975
f 5975/5975 6005/6005 6000/6000
f 5998/5998 5986/5986 5970/5970
f 5975/5975 6000/6000 5998/5998
f 5700/5700 4852/4852 5975/5975
f 5998/5998 5970/5970 5957/5957
f 5957/5957 5700/5700 5975/5975
f 5975/5975 5998/5998 5957/5957
