{
  "anchors": [
    {
      "position": [
        2.667,
        2.667,
        2.4384
      ],
      "rotation": [
        0.0,
        0.0,
        -0.7853981633974483
      ],
      "num": 0,
      "service_name": "123.cranebot-anchor-service.2ccf67bc3fc4."
    },
    {
      "position": [
        2.667,
        -2.667,
        2.4384
      ],
      "rotation": [
        0.0,
        0.0,
        -2.356194490192345
      ],
      "num": 1,
      "service_name": "123.cranebot-anchor-service.2ccf67cb388a."
    },
    {
      "position": [
        -2.667,
        2.667,
        2.4384
      ],
      "rotation": [
        0.0,
        0.0,
        0.7853981633974483
      ],
      "num": 2,
      "service_name": "123.cranebot-anchor-service.2ccf67cb3898."
    },
    {
      "position": [
        -2.667,
        -2.667,
        2.4384
      ],
      "rotation": [
        0.0,
        0.0,
        2.356194490192345
      ],
      "num": 3,
      "service_name": "123.cranebot-anchor-service.2ccf67bf171a."
    }
  ],
  "camera_cal": {
    "distortion_coeff": [
      [
        0.021986398738215254,
        0.16053313025666044,
        -0.0033783593977099787,
        0.0026409593566139953,
        -0.35684316571698627
      ]
    ],
    "intrinsic_matrix": [
      [
        3382.661403509442,
        0.0,
        2327.7695374218133
      ],
      [
        0.0,
        3394.795601487364,
        1267.8069498365248
      ],
      [
        0.0,
        0.0,
        1.0
      ]
    ],
    "resolution": [
      4608,
      2592
    ]
  }
}